,COUNTY,CENSDIV,CD2,WWWBLACK,STRATA,WWWBRNUS,W1STATE,WWWAGEC1,USAWT1RV,WWWHISP,DG3,WWWAGE,WWWHOMLN,label,naive,MLP,logisticRegression,decisionTree,randomForest,xgb
575,0.7098886705959395,0.41935483870967727,-0.7272727272727273,-1,1.0,1.0,0.709090909090909,0.9999999999999998,-0.723957478096715,-1,-1.0,0.7272727272727275,-1.0,1,0,0,1,1,0,1
1428,0.3866695772393216,-0.3548387096774195,0.33333333333333326,-1,1.0,1.0,0.38181818181818183,0.0,0.022724184416139437,-1,-0.5,-0.33333333333333326,-1.0,0,0,0,1,0,0,0
1386,-0.8199810812777415,0.9999999999999998,0.1515151515151516,1,1.0,1.0,-0.8181818181818182,0.0,-0.5387169856788911,-1,-0.25,-0.15151515151515138,-1.0,0,0,0,1,0,0,0
1967,-0.14658371534599446,0.29032258064516125,-0.4545454545454546,-1,0.0,1.0,-0.1636363636363637,0.9999999999999998,-1.0,-1,-0.25,0.5151515151515151,-1.0,0,0,1,1,1,1,1
2243,0.7090882631157678,0.41935483870967727,-0.24242424242424243,-1,-1.0,1.0,0.709090909090909,0.6666666666666667,-1.0,1,-1.0,0.3030303030303032,1.0,1,0,1,0,1,1,1
1196,0.49363312231681555,-0.935483870967742,-0.5757575757575758,-1,1.0,1.0,0.49090909090909074,0.9999999999999998,-0.2530875501434511,-1,-0.5,0.5757575757575757,-1.0,0,0,1,1,1,1,0
419,-0.8186713235829151,0.9999999999999998,-0.6060606060606061,1,0.0,1.0,-0.8181818181818182,0.9999999999999998,-0.9878286100669916,-1,-1.0,0.6060606060606064,-1.0,0,0,0,1,1,0,1
1826,0.817288801571709,0.29032258064516125,0.1515151515151516,-1,1.0,1.0,0.8181818181818181,0.33333333333333326,-1.0,-1,-0.5,-0.09090909090909083,-1.0,0,0,0,1,0,1,0
1260,0.7218947827985154,0.41935483870967727,-0.18181818181818188,-1,1.0,1.0,0.709090909090909,0.33333333333333326,-0.7746159836430087,-1,-0.75,0.18181818181818188,-1.0,1,0,0,1,1,1,1
3072,-0.71083460670887,-1.0,0.48484848484848486,-1,1.0,1.0,-0.7090909090909091,-0.33333333333333326,-1.0,-1,-0.75,-0.4242424242424241,-1.0,1,0,0,1,1,0,0
1642,-0.8186713235829151,0.9999999999999998,-0.6060606060606061,-1,1.0,1.0,-0.8181818181818182,0.9999999999999998,-1.0,-1,-0.75,0.666666666666667,-1.0,1,0,0,1,1,0,1
3189,0.38470494069708194,-0.3548387096774195,-0.030303030303030276,-1,1.0,1.0,0.38181818181818183,0.33333333333333326,-1.0,-1,-0.5,0.09090909090909105,-1.0,1,0,0,1,1,1,1
928,-1.0,0.35483870967741926,0.1515151515151516,-1,1.0,1.0,-1.0,0.0,-0.49343260983265014,-1,-1.0,-0.15151515151515138,-1.0,0,0,0,1,1,0,0
610,-0.41883140507894945,-0.3548387096774195,-0.18181818181818188,-1,1.0,1.0,-0.4181818181818182,0.33333333333333326,-0.5105875932525911,-1,-0.5,0.18181818181818188,-1.0,0,0,0,1,1,1,0
1575,-0.0870261223895803,-0.3548387096774195,0.6666666666666665,-1,1.0,1.0,-0.09090909090909094,-0.33333333333333326,-1.0,-1,-1.0,-0.606060606060606,-1.0,0,0,0,1,0,0,0
185,0.7158553445390379,0.41935483870967727,-0.6666666666666667,-1,-1.0,1.0,0.709090909090909,0.9999999999999998,-0.9902092099102042,-1,-0.5,0.666666666666667,1.0,0,0,1,1,1,1,1
2782,-0.9992723568362076,0.35483870967741926,0.030303030303030276,1,0.0,1.0,-1.0,0.33333333333333326,-1.0,-1,-0.75,0.030303030303030498,-1.0,0,0,0,1,1,0,0
449,0.19915593393000064,-0.935483870967742,-0.030303030303030276,1,0.0,1.0,0.19999999999999996,0.33333333333333326,-0.9604926550192924,-1,-1.0,0.030303030303030498,-1.0,0,0,0,1,0,0,0
1198,0.27519464454631426,-0.935483870967742,0.36363636363636376,-1,1.0,1.0,0.2727272727272727,0.0,0.12036867478464042,-1,-0.75,-0.36363636363636354,-1.0,0,0,0,1,0,0,0
1356,0.4221785636323945,0.41935483870967727,0.5454545454545454,1,1.0,1.0,0.4181818181818182,-0.33333333333333326,-0.5510665254540431,-1,-0.75,-0.5454545454545454,-1.0,0,0,0,1,0,0,0
399,0.2743942370661425,-0.935483870967742,-0.7878787878787878,-1,0.0,1.0,0.2727272727272727,0.9999999999999998,-0.9788207019913464,-1,-0.25,0.7878787878787881,1.0,0,0,1,1,1,1,1
3168,0.7138179436804188,0.41935483870967727,0.06060606060606055,-1,1.0,1.0,0.709090909090909,0.33333333333333326,-1.0,-1,-0.75,2.220446049250313e-16,-1.0,1,0,0,1,0,0,0
1781,0.48984937786509475,-0.935483870967742,-0.8787878787878788,-1,1.0,1.0,0.49090909090909074,0.9999999999999998,-1.0,-1,1.0,0.9393939393939394,-1.0,0,0,1,1,1,1,1
2995,-0.14658371534599446,0.29032258064516125,-0.7878787878787878,1,0.0,1.0,-0.1636363636363637,0.9999999999999998,-1.0,-1,-0.5,0.8484848484848486,-1.0,1,0,1,1,1,1,1
411,-0.8186713235829151,0.9999999999999998,-0.8181818181818182,1,0.0,1.0,-0.8181818181818182,0.9999999999999998,-0.9352506398348992,-1,-1.0,0.8181818181818183,-1.0,0,0,0,1,1,0,1
2878,-0.16393800480244503,0.29032258064516125,-0.6666666666666667,-1,0.0,1.0,-0.1636363636363637,0.9999999999999998,-1.0,-1,-1.0,0.7272727272727275,-1.0,0,0,1,1,1,0,1
3264,0.2735938295859708,-0.935483870967742,0.1515151515151516,-1,1.0,1.0,0.2727272727272727,0.33333333333333326,-1.0,-1,-1.0,-0.09090909090909083,-1.0,0,0,0,1,0,0,0
2071,0.49072254966164564,-0.935483870967742,0.5151515151515151,-1,1.0,1.0,0.49090909090909074,-0.33333333333333326,-0.47395428283596885,-1,-0.5,-0.5151515151515151,-1.0,1,0,0,1,0,0,0
680,0.9665284144655457,-0.3548387096774195,0.1515151515151516,-1,1.0,1.0,0.9636363636363636,0.0,-0.4069936961606656,-1,-0.75,-0.15151515151515138,-1.0,0,0,0,1,0,0,0
865,0.01942807247325895,-0.29032258064516125,-0.030303030303030276,-1,1.0,1.0,0.018181818181818077,0.33333333333333326,-0.7319675615956729,-1,-0.25,0.030303030303030498,-1.0,0,0,0,1,0,0,1
444,-0.16393800480244503,0.29032258064516125,0.6969696969696968,-1,0.0,1.0,-0.1636363636363637,-0.33333333333333326,-0.9638878268490726,-1,-0.25,-0.6969696969696968,-1.0,0,0,0,1,0,0,1
211,0.7258240558829947,0.41935483870967727,0.33333333333333326,-1,-1.0,1.0,0.709090909090909,0.0,-0.9957216283226346,-1,-0.75,-0.33333333333333326,-1.0,0,0,0,1,0,0,0
569,0.9663828858327874,-0.3548387096774195,0.6666666666666665,-1,1.0,1.0,0.9636363636363636,-0.33333333333333326,-0.8005932076000059,-1,-0.5,-0.6666666666666665,-1.0,0,0,0,1,0,1,0
1243,-0.5974678017900024,0.29032258064516125,0.48484848484848486,-1,1.0,1.0,-0.6000000000000001,-0.33333333333333326,-0.5049863323616095,-1,-0.75,-0.48484848484848464,-1.0,0,0,0,1,0,0,0
780,0.6781634286545877,0.35483870967741926,0.09090909090909083,-1,1.0,1.0,0.6727272727272726,0.33333333333333326,-0.49343260983265014,-1,-1.0,-0.09090909090909083,-1.0,0,0,0,1,0,0,0
779,0.6755439132649346,0.35483870967741926,0.7878787878787881,-1,1.0,1.0,0.6727272727272726,-0.6666666666666666,-0.6475498607222916,-1,-0.75,-0.7878787878787877,-1.0,0,0,0,1,0,0,0
2076,0.7131630648330056,0.41935483870967727,-0.09090909090909083,-1,-1.0,1.0,0.709090909090909,0.33333333333333326,-1.0,1,-1.0,0.1515151515151516,1.0,1,0,1,0,1,1,1
1744,-0.054209415702539676,-0.29032258064516125,0.06060606060606055,-1,1.0,1.0,-0.054545454545454564,0.33333333333333326,-1.0,-1,0.75,2.220446049250313e-16,-1.0,1,0,1,1,0,1,1
144,0.7158553445390379,0.41935483870967727,-0.6060606060606061,-1,-1.0,1.0,0.709090909090909,0.9999999999999998,-0.95415006540512,-1,-0.25,0.6060606060606064,-1.0,0,0,1,1,1,1,1
898,-0.23604744233427943,0.41935483870967727,0.1212121212121211,-1,1.0,1.0,-0.23636363636363644,0.0,-0.12176625619811021,-1,-1.0,-0.1212121212121211,-1.0,0,0,0,1,0,0,0
1429,0.3133959106454194,0.29032258064516125,0.18181818181818188,1,1.0,1.0,0.3090909090909091,0.0,0.1472829598104246,-1,-0.75,-0.18181818181818166,-1.0,0,0,0,1,0,0,0
2033,-0.41868587644619093,-0.3548387096774195,0.8181818181818183,1,0.0,1.0,-0.4181818181818182,-0.6666666666666666,-1.0,-1,-0.5,-0.7575757575757575,-1.0,0,0,0,1,0,0,0
1150,0.4915229571418174,-0.935483870967742,0.9696969696969697,-1,1.0,1.0,0.49090909090909074,-1.0,0.05209143432806229,-1,-0.75,-0.9696969696969696,-1.0,1,0,0,1,0,0,0
1282,0.31084915957214565,0.29032258064516125,0.48484848484848486,-1,1.0,1.0,0.3090909090909091,-0.33333333333333326,-0.31117699445297753,-1,-1.0,-0.48484848484848464,-1.0,0,0,0,1,0,0,0
1206,-0.4171578258022267,-0.3548387096774195,0.1515151515151516,-1,1.0,1.0,-0.4181818181818182,0.0,-0.7034968480803327,-1,-0.5,-0.15151515151515138,-1.0,1,0,0,1,0,0,0
1172,0.38193989667467054,-0.3548387096774195,0.09090909090909083,-1,1.0,1.0,0.38181818181818183,0.33333333333333326,-0.7294182413570929,-1,-0.5,-0.09090909090909083,-1.0,1,0,0,1,0,0,0
258,0.2355380921196244,0.9354838709677418,0.7878787878787881,-1,-1.0,-1.0,0.23636363636363633,-0.6666666666666666,-0.9918416155259762,1,-0.25,-0.7878787878787877,1.0,0,0,1,0,1,1,1
393,-0.08644400785854633,-0.3548387096774195,0.606060606060606,1,0.0,1.0,-0.09090909090909094,-0.33333333333333326,-0.9972069681235356,-1,-0.75,-0.606060606060606,-1.0,1,0,0,1,0,0,0
960,-0.7107618423924909,-1.0,-0.36363636363636376,-1,1.0,1.0,-0.7090909090909091,0.9999999999999998,-0.36194930597467545,-1,-0.25,0.36363636363636376,-1.0,0,0,0,1,1,0,1
877,0.12602779596885672,0.9354838709677418,-0.6060606060606061,-1,1.0,1.0,0.1272727272727272,0.9999999999999998,-0.476539059818445,-1,-0.75,0.6060606060606064,-1.0,1,0,0,1,1,0,0
947,-0.16401076911882428,0.29032258064516125,-0.6666666666666667,-1,1.0,1.0,-0.1636363636363637,0.9999999999999998,-0.4220659171661537,-1,1.0,0.666666666666667,-1.0,0,0,1,1,1,1,1
1944,-0.0558829949792623,-0.29032258064516125,0.7272727272727271,-1,1.0,1.0,-0.054545454545454564,-0.33333333333333326,-1.0,-1,-0.5,-0.6666666666666665,-1.0,1,0,0,1,0,0,1
1950,-0.562104344029688,0.29032258064516125,0.39393939393939403,1,0.0,1.0,-0.5636363636363637,0.0,-1.0,-1,-0.75,-0.33333333333333326,-1.0,0,0,0,1,0,0,0
2501,-0.5985956486938806,0.29032258064516125,0.6969696969696968,-1,-1.0,-1.0,-0.6000000000000001,-0.33333333333333326,-1.0,1,-1.0,-0.6363636363636362,1.0,0,0,1,0,1,1,0
3087,0.27453976569890104,-0.935483870967742,-0.7272727272727273,-1,1.0,1.0,0.2727272727272727,0.9999999999999998,-1.0,-1,-0.75,0.7878787878787881,-1.0,0,0,1,1,0,0,1
1387,-0.2013388634213783,-1.0,0.8484848484848486,-1,1.0,1.0,-0.20000000000000007,-0.6666666666666666,-0.26184846304112597,-1,-0.75,-0.8484848484848484,-1.0,0,0,0,1,1,0,0
820,0.48999490649785327,-0.935483870967742,-0.21212121212121215,1,1.0,1.0,0.49090909090909074,0.6666666666666667,0.03661586426707175,-1,-0.75,0.21212121212121238,-1.0,1,0,0,1,0,0,0
1115,-0.5981954449537947,0.29032258064516125,0.4545454545454546,-1,1.0,1.0,-0.6000000000000001,-0.33333333333333326,-0.7110329585830768,-1,-1.0,-0.45454545454545436,-1.0,1,0,0,1,0,0,0
1998,-0.08644400785854633,-0.3548387096774195,0.5757575757575757,1,0.0,1.0,-0.09090909090909094,-0.33333333333333326,-1.0,-1,-1.0,-0.5151515151515151,-1.0,0,0,0,1,0,0,0
1691,-0.08942734483009551,-0.3548387096774195,0.7272727272727271,-1,1.0,1.0,-0.09090909090909094,-0.33333333333333326,-1.0,-1,-0.75,-0.6666666666666665,-1.0,1,0,0,1,0,0,1
1458,0.5627592228771008,-1.0,0.8484848484848486,-1,1.0,1.0,0.5636363636363635,-0.6666666666666666,1.0,-1,-0.25,-0.8484848484848484,-1.0,0,0,0,1,0,0,1
2714,0.4934148293676779,-0.935483870967742,-0.06060606060606055,-1,0.0,1.0,0.49090909090909074,0.33333333333333326,-1.0,-1,-0.25,0.12121212121212133,1.0,0,0,1,1,1,1,1
1971,-0.41868587644619093,-0.3548387096774195,-0.1515151515151516,1,0.0,1.0,-0.4181818181818182,0.6666666666666667,-1.0,-1,-1.0,0.21212121212121238,-1.0,0,0,0,1,1,0,1
920,0.4945790584297458,-0.935483870967742,0.5454545454545454,-1,1.0,1.0,0.49090909090909074,-0.33333333333333326,-0.41754781804710583,-1,-0.75,-0.5454545454545454,-1.0,1,0,0,1,0,0,0
1176,0.7153459943243832,0.41935483870967727,0.5151515151515151,-1,1.0,1.0,0.709090909090909,-0.33333333333333326,-0.2596068792361501,-1,-0.25,-0.5151515151515151,-1.0,0,0,0,1,0,0,0
1903,0.7212399039511022,0.41935483870967727,0.1212121212121211,-1,1.0,1.0,0.709090909090909,0.33333333333333326,-1.0,-1,-1.0,-0.06060606060606055,-1.0,0,0,0,1,0,0,0
1874,0.38521429091173665,-0.3548387096774195,0.39393939393939403,-1,1.0,1.0,0.38181818181818183,0.0,-1.0,-1,-1.0,-0.33333333333333326,-1.0,0,0,0,1,0,0,0
311,-0.14658371534599446,0.29032258064516125,0.48484848484848486,1,0.0,1.0,-0.1636363636363637,-0.33333333333333326,-0.9932659067588356,-1,-0.5,-0.48484848484848464,-1.0,1,0,0,1,0,0,0
1956,0.4934148293676779,-0.935483870967742,-0.7272727272727273,1,0.0,1.0,0.49090909090909074,0.9999999999999998,-1.0,-1,-0.25,0.7878787878787881,-1.0,0,0,1,1,1,1,1
1530,0.7456887142545294,0.9354838709677418,0.8181818181818183,-1,1.0,1.0,0.7454545454545454,-0.6666666666666666,-1.0,-1,-0.75,-0.7575757575757575,-1.0,0,0,0,0,0,0,0
430,-0.56094011496762,0.29032258064516125,-0.4545454545454546,1,0.0,1.0,-0.5636363636363637,0.9999999999999998,-0.9581517808432626,-1,-0.5,0.4545454545454546,-1.0,0,0,0,1,1,1,1
1313,0.8437386305755656,0.29032258064516125,-0.06060606060606055,-1,1.0,1.0,0.8181818181818181,0.33333333333333326,-0.4198178678500665,-1,-0.75,0.060606060606060774,-1.0,0,0,0,1,1,0,0
281,0.7153459943243832,0.41935483870967727,0.303030303030303,1,0.0,1.0,0.709090909090909,0.0,-0.9746067699924009,-1,-1.0,-0.303030303030303,-1.0,0,0,0,1,0,0,0
2072,-0.5977588590555193,0.29032258064516125,-0.1212121212121211,-1,1.0,1.0,-0.6000000000000001,0.33333333333333326,-0.9305901977352622,-1,-0.25,0.12121212121212133,-1.0,1,0,0,1,1,1,1
586,0.3868878701884595,-0.3548387096774195,-0.1212121212121211,-1,1.0,1.0,0.38181818181818183,0.33333333333333326,-0.5105875932525911,-1,-0.25,0.12121212121212133,-1.0,1,0,0,1,1,1,1
647,-0.23670232118169265,0.41935483870967727,0.5151515151515151,-1,1.0,1.0,-0.23636363636363644,-0.33333333333333326,-0.32652627848539817,-1,-0.75,-0.5151515151515151,1.0,1,0,1,1,1,0,0
1876,-0.27184748599286923,0.35483870967741926,0.33333333333333326,-1,1.0,1.0,-0.2727272727272728,0.0,-1.0,-1,-0.25,-0.2727272727272725,-1.0,1,0,0,1,0,1,1
1134,-0.6005239030779307,0.29032258064516125,0.6666666666666665,-1,1.0,1.0,-0.6000000000000001,-0.33333333333333326,-0.4220659171661537,-1,-0.75,-0.6666666666666665,-1.0,0,0,0,1,0,0,0
2027,0.8426471658298769,0.29032258064516125,0.39393939393939403,1,0.0,1.0,0.8181818181818181,0.0,-1.0,-1,-1.0,-0.33333333333333326,-1.0,1,0,0,1,0,0,0
1622,0.9651458924543403,-0.3548387096774195,0.1515151515151516,-1,1.0,1.0,0.9636363636363636,0.33333333333333326,-1.0,-1,-1.0,-0.09090909090909083,-1.0,0,0,0,1,0,0,0
1132,-0.37888379538674244,-0.3548387096774195,-0.21212121212121215,-1,1.0,1.0,-0.38181818181818183,0.6666666666666667,-0.8647091206787292,-1,-0.5,0.21212121212121238,-1.0,0,0,0,1,1,1,1
2800,0.8408280579203957,0.29032258064516125,0.030303030303030276,-1,0.0,1.0,0.8181818181818181,0.33333333333333326,-1.0,-1,-0.5,0.030303030303030498,-1.0,1,0,1,1,0,1,0
1447,-0.3099032234592157,-0.29032258064516125,0.9696969696969697,-1,1.0,1.0,-0.3090909090909091,-1.0,0.013088459247566409,-1,-0.75,-0.9696969696969696,-1.0,0,0,0,1,0,0,0
1604,-0.7444517208760825,0.9354838709677418,0.33333333333333326,-1,1.0,1.0,-0.7454545454545455,0.0,-1.0,-1,-1.0,-0.2727272727272725,-1.0,1,0,0,1,0,0,0
642,0.49072254966164564,-0.935483870967742,0.5151515151515151,-1,1.0,1.0,0.49090909090909074,-0.33333333333333326,-0.39229199920074176,-1,-0.75,-0.5151515151515151,-1.0,0,0,0,1,0,0,0
2712,-0.6380702903296225,0.29032258064516125,-0.36363636363636376,1,0.0,1.0,-0.6363636363636365,0.9999999999999998,-1.0,-1,-0.75,0.4242424242424243,-1.0,0,0,0,1,1,0,1
220,-0.6008149603434476,0.29032258064516125,0.6969696969696968,-1,-1.0,1.0,-0.6000000000000001,-0.33333333333333326,-0.9978205371975749,-1,-0.25,-0.6969696969696968,1.0,0,0,1,1,1,1,1
164,0.7158553445390379,0.41935483870967727,-0.09090909090909083,-1,-1.0,1.0,0.709090909090909,0.33333333333333326,-0.9623101930820639,1,-0.75,0.09090909090909105,1.0,0,0,1,0,1,1,1
1256,0.4202139270901548,0.41935483870967727,0.09090909090909083,-1,1.0,1.0,0.4181818181818182,0.33333333333333326,-0.5986530239437242,-1,-0.75,-0.09090909090909083,-1.0,0,0,0,1,0,0,0
2059,0.02022847995343069,-0.29032258064516125,0.4545454545454546,1,0.0,1.0,0.018181818181818077,0.0,-1.0,-1,-1.0,-0.3939393939393938,-1.0,0,0,0,1,0,0,0
1111,-0.20104780615586126,-1.0,0.4545454545454546,-1,1.0,1.0,-0.20000000000000007,-0.33333333333333326,-0.928882123043817,-1,-1.0,-0.45454545454545436,-1.0,0,0,0,1,1,0,1
1073,0.0914647456887141,-0.29032258064516125,-0.4545454545454546,-1,1.0,1.0,0.09090909090909083,0.9999999999999998,-0.7575993270504859,-1,-0.5,0.4545454545454546,-1.0,0,0,0,1,1,1,1
1870,0.490795313978025,-0.935483870967742,0.6363636363636362,-1,1.0,1.0,0.49090909090909074,-0.33333333333333326,-1.0,-1,-0.75,-0.5757575757575757,-1.0,0,0,0,1,0,0,0
593,-0.560066943171069,0.29032258064516125,0.303030303030303,-1,1.0,1.0,-0.5636363636363637,0.0,-0.5978409577993311,-1,-0.25,-0.303030303030303,-1.0,1,0,0,1,0,0,0
1345,-0.9622717019573602,0.9999999999999998,0.8181818181818183,1,1.0,-1.0,-0.9636363636363636,-0.6666666666666666,-0.05753419003218352,-1,-1.0,-0.8181818181818181,-1.0,0,0,0,0,0,0,0
808,-0.08782652986975203,-0.3548387096774195,0.030303030303030276,-1,1.0,1.0,-0.09090909090909094,0.33333333333333326,-0.4069936961606656,-1,0.75,-0.030303030303030276,-1.0,1,0,0,1,0,0,0
2044,-0.08644400785854633,-0.3548387096774195,0.48484848484848486,1,0.0,1.0,-0.09090909090909094,-0.33333333333333326,-1.0,-1,-0.75,-0.4242424242424241,-1.0,0,0,0,1,0,0,0
1411,0.38419559048242724,-0.3548387096774195,0.21212121212121215,-1,1.0,1.0,0.38181818181818183,0.0,-0.3606177829934928,-1,-1.0,-0.21212121212121193,1.0,1,0,1,1,1,0,0
1510,0.05420941570253923,0.9354838709677418,0.8484848484848486,-1,1.0,1.0,0.05454545454545445,-0.6666666666666666,-1.0,-1,-0.5,-0.7878787878787877,-1.0,0,0,0,0,0,0,1
1655,-0.41868587644619093,-0.3548387096774195,-0.5454545454545454,-1,1.0,1.0,-0.4181818181818182,0.9999999999999998,-1.0,-1,-0.25,0.6060606060606064,-1.0,1,0,1,1,1,1,1
160,0.7158553445390379,0.41935483870967727,-0.6666666666666667,-1,-1.0,1.0,0.709090909090909,0.9999999999999998,-0.95415006540512,-1,-0.5,0.666666666666667,-1.0,0,0,1,1,1,1,1
1275,-0.9978170705086227,0.35483870967741926,0.6363636363636362,-1,1.0,1.0,-1.0,-0.33333333333333326,-0.379648346636388,-1,-1.0,-0.6363636363636362,-1.0,0,0,0,1,1,0,0
883,0.27468529433165956,-0.935483870967742,0.09090909090909083,-1,1.0,1.0,0.2727272727272727,0.33333333333333326,-0.2530875501434511,-1,-0.5,-0.09090909090909083,-1.0,1,0,0,1,0,0,0
2479,-0.41868587644619093,-0.3548387096774195,-0.9090909090909092,-1,-1.0,1.0,-0.4181818181818182,0.9999999999999998,-1.0,-1,-0.5,0.9696969696969697,-1.0,0,0,1,1,1,1,1
1146,0.19944699119551745,-0.935483870967742,0.4545454545454546,-1,1.0,1.0,0.19999999999999996,-0.33333333333333326,-0.6817874987361217,-1,-0.75,-0.45454545454545436,-1.0,1,0,0,1,0,0,0
1096,0.3096849305100777,0.29032258064516125,0.09090909090909083,-1,1.0,1.0,0.3090909090909091,0.33333333333333326,-0.4220659171661537,-1,-0.25,-0.09090909090909083,-1.0,1,0,0,1,0,0,1
874,0.23510150622134884,0.9354838709677418,0.6666666666666665,-1,1.0,1.0,0.23636363636363633,-0.33333333333333326,-0.1066115533109332,1,-0.5,-0.6666666666666665,1.0,0,0,0,0,1,1,0
663,0.45477697737029743,0.9999999999999998,0.1212121212121211,-1,1.0,1.0,0.45454545454545436,0.0,-0.5547272996915187,-1,-0.5,-0.1212121212121211,-1.0,0,0,0,1,0,0,0
1056,0.09102815979043855,-0.29032258064516125,0.5454545454545454,-1,1.0,1.0,0.09090909090909083,-0.33333333333333326,-0.7319675615956729,-1,-0.75,-0.5454545454545454,-1.0,1,0,0,1,0,0,0
2068,-0.560358000436586,0.29032258064516125,0.1515151515151516,-1,1.0,1.0,-0.5636363636363637,0.0,-0.7110329585830768,-1,0.75,-0.15151515151515138,-1.0,0,0,1,1,0,0,0
2753,-0.562104344029688,0.29032258064516125,0.6666666666666665,1,0.0,1.0,-0.5636363636363637,-0.33333333333333326,-1.0,-1,-0.25,-0.606060606060606,-1.0,0,0,0,1,0,0,1
1793,0.49297824346940233,-0.935483870967742,0.8787878787878789,-1,1.0,1.0,0.49090909090909074,-0.6666666666666666,-1.0,-1,-0.25,-0.8181818181818181,-1.0,0,0,0,1,0,0,1
878,-0.8189623808484321,0.9999999999999998,-0.48484848484848486,-1,1.0,1.0,-0.8181818181818182,0.9999999999999998,-0.09486364045015971,-1,-1.0,0.48484848484848486,1.0,0,0,1,1,1,0,0
984,-0.8511242086880595,0.41935483870967727,0.8484848484848486,-1,1.0,1.0,-0.8545454545454545,-0.6666666666666666,-0.32652627848539817,-1,-0.5,-0.8484848484848484,-1.0,0,0,0,1,0,0,0
968,0.4934148293676779,-0.935483870967742,0.5757575757575757,-1,1.0,1.0,0.49090909090909074,-0.33333333333333326,-0.1263217270702931,-1,-1.0,-0.5757575757575757,-1.0,1,0,0,1,0,0,0
1039,0.09037328094302532,-0.29032258064516125,0.6363636363636362,-1,1.0,1.0,0.09090909090909083,-0.33333333333333326,-0.4125807800041301,-1,-0.75,-0.6363636363636362,-1.0,0,0,0,1,0,0,0
1242,0.8921632831259547,0.9999999999999998,0.06060606060606055,-1,1.0,1.0,0.8909090909090909,0.33333333333333326,-0.6138590806293686,-1,-0.25,-0.06060606060606055,-1.0,0,0,0,1,0,0,1
2345,0.7090882631157678,0.41935483870967727,-0.6060606060606061,1,-1.0,1.0,0.709090909090909,0.9999999999999998,-1.0,-1,-0.5,0.666666666666667,-1.0,0,0,1,1,1,1,1
1667,0.01746343593101929,-0.29032258064516125,0.030303030303030276,-1,1.0,1.0,0.018181818181818077,0.33333333333333326,-1.0,-1,-0.5,0.030303030303030498,-1.0,1,0,0,1,0,1,0
682,0.018409372043949546,-0.29032258064516125,0.5757575757575757,-1,1.0,1.0,0.018181818181818077,-0.33333333333333326,-0.7319675615956729,-1,-0.5,-0.5757575757575757,-1.0,0,0,0,1,0,0,0
1069,-0.6011787819253439,0.29032258064516125,-0.7575757575757576,-1,1.0,-1.0,-0.6000000000000001,0.9999999999999998,-0.7110329585830768,-1,0.75,0.7575757575757578,-1.0,0,0,1,1,1,0,1
1314,-0.3773557447427782,-0.3548387096774195,0.06060606060606055,-1,1.0,1.0,-0.38181818181818183,0.33333333333333326,-0.6109586705062617,-1,-0.75,-0.06060606060606055,-1.0,1,0,0,1,0,0,0
192,-0.8180892090518811,0.9999999999999998,-0.6363636363636364,-1,-1.0,-1.0,-0.8181818181818182,0.9999999999999998,-0.9649461041919775,1,-0.5,0.6363636363636367,1.0,0,0,1,0,1,1,0
1239,-0.30917558029542325,-0.29032258064516125,-0.9393939393939394,-1,1.0,1.0,-0.3090909090909091,0.9999999999999998,-0.7575993270504859,-1,-1.0,0.9393939393939394,-1.0,0,0,1,1,1,0,1
270,-0.14658371534599446,0.29032258064516125,0.24242424242424243,1,0.0,1.0,-0.1636363636363637,0.0,-0.9940084729732512,-1,-0.75,-0.2424242424242422,-1.0,0,0,0,1,0,0,0
1182,1.0,0.9354838709677418,-0.696969696969697,-1,1.0,1.0,0.9999999999999998,0.9999999999999998,-0.6019061151342915,-1,-0.5,0.6969696969696972,-1.0,1,0,0,1,1,0,0
658,0.7461980644691841,0.9354838709677418,0.4545454545454546,-1,1.0,1.0,0.7454545454545454,-0.33333333333333326,-0.6342533826490397,-1,-0.5,-0.45454545454545436,-1.0,1,0,0,1,0,0,0
1658,0.3818671323582914,-0.3548387096774195,-0.24242424242424243,-1,1.0,1.0,0.38181818181818183,0.6666666666666667,-1.0,-1,-1.0,0.3030303030303032,-1.0,1,0,0,1,0,0,1
1005,0.27504911591355574,-0.935483870967742,0.06060606060606055,-1,1.0,1.0,0.2727272727272727,0.33333333333333326,-0.920446874683939,-1,-0.25,-0.06060606060606055,-1.0,1,0,0,1,0,1,1
106,0.7170195736011058,0.41935483870967727,-0.1212121212121211,-1,-1.0,1.0,0.709090909090909,0.33333333333333326,-0.9770751446009411,-1,-0.5,0.12121212121212133,-1.0,1,0,1,1,1,1,1
1089,0.8175798588372261,0.29032258064516125,0.48484848484848486,-1,1.0,1.0,0.8181818181818181,-0.33333333333333326,-0.76311713935845,-1,-0.5,-0.48484848484848464,-1.0,0,0,0,1,0,1,0
1663,0.6005239030779304,0.29032258064516125,-0.6060606060606061,-1,1.0,1.0,0.5999999999999999,0.9999999999999998,-1.0,-1,-0.25,0.666666666666667,-1.0,0,0,1,1,1,1,1
1406,-0.3799752601324312,-0.3548387096774195,0.9090909090909092,-1,1.0,1.0,-0.38181818181818183,-1.0,-0.3606177829934928,-1,-0.75,-0.909090909090909,-1.0,0,0,0,1,0,0,0
706,0.41759441170050193,0.41935483870967727,0.6363636363636362,-1,1.0,1.0,0.4181818181818182,-0.33333333333333326,-0.2596068792361501,-1,-0.5,-0.6363636363636362,-1.0,0,0,0,1,0,0,0
2940,-0.08644400785854633,-0.3548387096774195,0.7878787878787881,1,0.0,1.0,-0.09090909090909094,-0.6666666666666666,-1.0,-1,-0.25,-0.7272727272727272,-1.0,1,0,0,1,0,0,1
1910,-0.08731717965509733,-0.3548387096774195,-0.030303030303030276,-1,1.0,1.0,-0.09090909090909094,0.33333333333333326,-1.0,-1,-0.25,0.09090909090909105,-1.0,0,0,0,1,1,1,1
1037,-0.3796842028669142,-0.3548387096774195,-0.1212121212121211,-1,1.0,1.0,-0.38181818181818183,0.33333333333333326,-0.6276578645678248,-1,-0.25,0.12121212121212133,-1.0,0,0,0,1,1,1,1
3086,0.4913046641926797,-0.935483870967742,-0.24242424242424243,-1,1.0,1.0,0.49090909090909074,0.6666666666666667,-1.0,-1,-0.25,0.3030303030303032,-1.0,1,0,1,1,1,1,1
2703,0.27315724368769545,-0.935483870967742,0.8181818181818183,1,0.0,1.0,0.2727272727272727,-0.6666666666666666,-1.0,-1,-0.25,-0.7575757575757575,1.0,1,0,1,1,1,1,1
349,-0.23531979917048695,0.41935483870967727,1.0,1,0.0,1.0,-0.23636363636363644,-1.0,-0.9746067699924009,-1,-0.25,-0.9999999999999999,-1.0,0,0,0,1,0,0,1
3309,-0.38201266099105013,-0.3548387096774195,0.24242424242424243,-1,1.0,1.0,-0.38181818181818183,0.0,-1.0,-1,-0.25,-0.18181818181818166,-1.0,1,0,0,1,0,1,1
1269,0.5998690242305171,0.29032258064516125,-0.1515151515151516,-1,1.0,1.0,0.5999999999999999,0.33333333333333326,-0.5404504471417425,-1,-1.0,0.1515151515151516,-1.0,0,0,0,1,1,0,0
915,-0.08644400785854633,-0.3548387096774195,0.4545454545454546,-1,1.0,1.0,-0.09090909090909094,-0.33333333333333326,-0.38806259903730755,-1,-0.75,-0.45454545454545436,-1.0,0,0,0,1,0,0,0
1165,-0.16444735501709973,0.29032258064516125,0.5454545454545454,-1,1.0,1.0,-0.1636363636363637,-0.33333333333333326,-0.5262342787169001,-1,-1.0,-0.5454545454545454,-1.0,1,0,0,1,0,0,0
304,-0.41868587644619093,-0.3548387096774195,-0.33333333333333326,1,0.0,1.0,-0.4181818181818182,0.6666666666666667,-0.9990689086137419,-1,-1.0,0.3333333333333335,-1.0,0,0,0,1,1,0,1
2769,-0.08644400785854633,-0.3548387096774195,0.0,1,0.0,1.0,-0.09090909090909094,0.33333333333333326,-1.0,-1,-1.0,0.060606060606060774,-1.0,1,0,0,1,1,1,1
1352,0.9675471148948556,-0.3548387096774195,0.5151515151515151,-1,1.0,1.0,0.9636363636363636,-0.33333333333333326,-0.22191734101215788,-1,-0.5,-0.5151515151515151,1.0,1,0,1,1,1,1,0
1154,0.4209415702539472,0.41935483870967727,-0.7272727272727273,-1,1.0,1.0,0.4181818181818182,0.9999999999999998,-0.723957478096715,-1,-1.0,0.7272727272727275,-1.0,1,0,0,1,0,0,0
1565,0.6019064250891362,0.29032258064516125,0.1515151515151516,-1,1.0,-1.0,0.5999999999999999,0.33333333333333326,-1.0,-1,-0.5,-0.09090909090909083,1.0,0,0,1,1,1,1,0
2017,0.02022847995343069,-0.29032258064516125,0.6666666666666665,-1,0.0,1.0,0.018181818181818077,-0.33333333333333326,-1.0,-1,-0.5,-0.606060606060606,1.0,0,0,1,1,1,1,1
111,0.7090882631157678,0.41935483870967727,0.7878787878787881,-1,-1.0,1.0,0.709090909090909,-0.6666666666666666,-0.9824199842576984,-1,-0.75,-0.7878787878787877,-1.0,0,0,0,1,0,0,0
611,-0.30866623008076854,-0.29032258064516125,0.09090909090909083,-1,1.0,1.0,-0.3090909090909091,0.33333333333333326,-0.7319675615956729,-1,0.75,-0.09090909090909083,-1.0,1,0,1,1,0,0,1
1753,-0.09102815979043888,-0.3548387096774195,0.39393939393939403,-1,1.0,1.0,-0.09090909090909094,0.0,-1.0,-1,-0.5,-0.33333333333333326,-1.0,1,0,0,1,0,1,0
1112,0.31172233136869654,0.29032258064516125,-0.24242424242424243,-1,1.0,1.0,0.3090909090909091,0.6666666666666667,-0.8351860012188176,-1,-1.0,0.24242424242424265,-1.0,0,0,0,1,0,0,1
2247,0.7158553445390379,0.41935483870967727,0.18181818181818188,-1,-1.0,1.0,0.709090909090909,0.0,-1.0,1,-0.25,-0.1212121212121211,1.0,0,0,1,0,1,1,1
1881,-0.41657571127119275,-0.3548387096774195,-0.6060606060606061,-1,1.0,1.0,-0.4181818181818182,0.9999999999999998,-1.0,-1,-0.25,0.666666666666667,-1.0,0,0,1,1,1,1,1
1552,-0.8164156297751584,0.9999999999999998,-0.48484848484848486,-1,1.0,1.0,-0.8181818181818182,0.9999999999999998,-1.0,-1,-0.25,0.5454545454545454,-1.0,1,0,1,1,1,1,1
1347,-0.6744524485192462,0.29032258064516125,0.24242424242424243,-1,1.0,1.0,-0.6727272727272727,0.0,-0.6699622614966081,-1,-0.75,-0.2424242424242422,-1.0,0,0,0,1,0,0,0
1656,0.7463435931019426,0.9354838709677418,0.7272727272727271,-1,1.0,1.0,0.7454545454545454,-0.33333333333333326,-1.0,-1,-1.0,-0.6666666666666665,-1.0,0,0,0,0,0,0,1
1168,0.4904314923961288,-0.935483870967742,0.4242424242424243,-1,1.0,1.0,0.49090909090909074,-0.33333333333333326,-0.2530875501434511,-1,-0.75,-0.4242424242424241,-1.0,0,0,0,1,0,0,0
3077,0.38608746270828775,-0.3548387096774195,-0.030303030303030276,-1,1.0,1.0,0.38181818181818183,0.33333333333333326,-1.0,-1,-0.75,0.09090909090909105,-1.0,0,0,0,1,0,1,1
668,0.9294913774285087,0.29032258064516125,0.18181818181818188,-1,1.0,1.0,0.9272727272727272,0.0,-0.3172497639179166,-1,-0.75,-0.18181818181818166,-1.0,0,0,0,1,0,0,0
1508,0.3866695772393216,-0.3548387096774195,0.0,-1,1.0,1.0,0.38181818181818183,0.33333333333333326,-1.0,-1,-0.5,0.060606060606060774,-1.0,0,0,0,1,1,1,1
1419,0.6781634286545877,0.35483870967741926,0.48484848484848486,-1,1.0,1.0,0.6727272727272726,-0.33333333333333326,-0.379648346636388,-1,-0.5,-0.48484848484848464,-1.0,1,0,0,1,0,0,0
1860,0.383540711635014,-0.3548387096774195,-0.18181818181818188,1,1.0,1.0,0.38181818181818183,0.6666666666666667,-1.0,-1,-1.0,0.24242424242424265,-1.0,1,0,0,1,0,0,1
2410,-0.8919449901768174,0.9354838709677418,-0.5151515151515151,-1,-1.0,1.0,-0.8909090909090909,0.9999999999999998,-1.0,1,-0.75,0.5757575757575757,1.0,1,0,1,0,1,1,0
641,0.4941424725314705,-0.935483870967742,0.2727272727272727,-1,1.0,1.0,0.49090909090909074,0.0,-0.21582575317358688,-1,-0.5,-0.2727272727272725,-1.0,1,0,0,1,0,0,0
1229,-0.4191224623444664,-0.3548387096774195,-0.1515151515151516,-1,1.0,1.0,-0.4181818181818182,0.33333333333333326,-0.8647091206787292,-1,0.75,0.1515151515151516,-1.0,0,0,1,1,1,1,1
1047,0.4934148293676779,-0.935483870967742,-1.0,-1,1.0,1.0,0.49090909090909074,0.9999999999999998,-0.6265437750719083,-1,-1.0,1.0,-1.0,0,0,1,1,0,0,0
476,-0.6380702903296225,0.29032258064516125,0.1515151515151516,-1,0.0,-1.0,-0.6363636363636365,0.0,-0.9874372682652267,-1,-0.75,-0.15151515151515138,1.0,1,0,1,1,1,1,0
2064,0.48984937786509475,-0.935483870967742,-0.7272727272727273,1,1.0,1.0,0.49090909090909074,0.9999999999999998,-0.4816920678664641,-1,-0.75,0.7272727272727275,1.0,0,0,1,1,0,1,0
2218,0.7102524921778357,0.41935483870967727,0.030303030303030276,-1,-1.0,1.0,0.709090909090909,0.33333333333333326,-1.0,-1,-0.5,0.030303030303030498,-1.0,0,0,1,1,0,1,0
1188,-0.7105435494433531,-1.0,0.7878787878787881,1,1.0,1.0,-0.7090909090909091,-0.6666666666666666,-0.6045141147486768,-1,-0.5,-0.7878787878787877,-1.0,0,0,0,1,0,0,0
1695,0.6005239030779304,0.29032258064516125,0.0,-1,1.0,1.0,0.5999999999999999,0.33333333333333326,-1.0,-1,-0.5,0.060606060606060774,-1.0,0,0,0,1,1,1,1
637,0.19995634141017238,-0.935483870967742,0.6969696969696968,-1,1.0,1.0,0.19999999999999996,-0.33333333333333326,-0.7369771414178017,-1,-0.5,-0.6969696969696968,-1.0,0,0,0,1,0,0,0
34,0.7131630648330056,0.41935483870967727,-0.18181818181818188,-1,-1.0,1.0,0.709090909090909,0.33333333333333326,-0.9974602450901159,-1,-0.5,0.18181818181818188,1.0,0,0,1,1,1,1,1
1249,-0.41868587644619093,-0.3548387096774195,0.24242424242424243,-1,1.0,1.0,-0.4181818181818182,0.0,-0.4886379077919303,-1,-1.0,-0.2424242424242422,-1.0,0,0,0,1,0,0,0
891,-0.5980499163210362,0.29032258064516125,-0.24242424242424243,-1,1.0,1.0,-0.6000000000000001,0.6666666666666667,-0.9305901977352622,-1,-0.5,0.24242424242424265,-1.0,1,0,0,1,1,1,1
1772,0.9655824783526157,-0.3548387096774195,0.6363636363636362,-1,1.0,1.0,0.9636363636363636,-0.33333333333333326,-1.0,-1,-0.75,-0.5757575757575757,-1.0,1,0,0,1,0,0,0
2186,0.7090882631157678,0.41935483870967727,0.09090909090909083,-1,-1.0,1.0,0.709090909090909,0.33333333333333326,-1.0,-1,-0.5,-0.030303030303030276,-1.0,1,0,1,1,0,1,0
295,0.27315724368769545,-0.935483870967742,0.18181818181818188,1,0.0,-1.0,0.2727272727272727,0.0,-0.9854838557703356,-1,-0.5,-0.18181818181818166,1.0,0,0,1,1,1,1,0
581,-0.71083460670887,-1.0,0.8181818181818183,-1,1.0,1.0,-0.7090909090909091,-0.6666666666666666,-0.42105115395618486,-1,-0.75,-0.8181818181818181,-1.0,0,0,0,1,1,0,0
301,0.4209415702539472,0.41935483870967727,-0.303030303030303,1,0.0,1.0,0.4181818181818182,0.6666666666666667,-0.9825737358945007,-1,-0.5,0.3030303030303032,-1.0,1,0,0,1,1,1,1
2408,0.23510150622134884,0.9354838709677418,0.4242424242424243,-1,-1.0,1.0,0.23636363636363633,0.0,-1.0,1,-0.5,-0.36363636363636354,-1.0,1,0,0,0,0,1,0
1216,0.45455868442115976,0.9999999999999998,0.6666666666666665,-1,1.0,1.0,0.45454545454545436,-0.33333333333333326,-0.8886818249229711,-1,-0.5,-0.6666666666666665,-1.0,0,0,0,0,0,0,0
169,0.7090882631157678,0.41935483870967727,0.1515151515151516,-1,-1.0,1.0,0.709090909090909,0.0,-0.9515312479902193,1,-1.0,-0.15151515151515138,1.0,1,0,1,0,1,1,0
215,0.7249508840864438,0.41935483870967727,0.2727272727272727,-1,-1.0,1.0,0.709090909090909,0.0,-0.9902092099102042,-1,-0.5,-0.2727272727272725,-1.0,0,0,1,1,0,1,0
2031,-0.23531979917048695,0.41935483870967727,0.5757575757575757,1,0.0,1.0,-0.23636363636363644,-0.33333333333333326,-1.0,-1,-0.75,-0.5151515151515151,-1.0,0,0,0,1,0,0,0
1990,0.2743942370661425,-0.935483870967742,0.4545454545454546,1,0.0,-1.0,0.2727272727272727,0.0,-1.0,-1,-0.75,-0.3939393939393938,-1.0,0,0,0,1,0,0,0
1021,0.7141090009459359,0.41935483870967727,0.1212121212121211,-1,1.0,1.0,0.709090909090909,0.0,-0.8079402125366921,-1,-0.5,-0.1212121212121211,-1.0,0,0,0,1,0,1,0
885,-0.08906352324819922,-0.3548387096774195,0.5757575757575757,-1,1.0,1.0,-0.09090909090909094,-0.33333333333333326,-0.4069936961606656,-1,-0.5,-0.5757575757575757,-1.0,0,0,0,1,0,0,0
371,0.27366659390235015,-0.935483870967742,-0.18181818181818188,1,0.0,1.0,0.2727272727272727,0.33333333333333326,-0.9854838557703356,-1,-0.5,0.18181818181818188,-1.0,0,0,0,1,1,1,1
1960,-0.6380702903296225,0.29032258064516125,0.8787878787878789,1,0.0,1.0,-0.6363636363636365,-0.6666666666666666,-1.0,-1,-1.0,-0.8181818181818181,-1.0,0,0,0,1,0,0,0
3279,-0.01477115622498748,0.35483870967741926,1.0,-1,1.0,1.0,-0.0181818181818183,-1.0,-1.0,-1,-0.75,-0.9393939393939392,-1.0,0,0,0,1,0,0,1
3013,-0.08644400785854633,-0.3548387096774195,0.6363636363636362,1,0.0,1.0,-0.09090909090909094,-0.33333333333333326,-1.0,-1,-1.0,-0.5757575757575757,-1.0,0,0,0,1,0,0,0
892,-0.09088263115768047,-0.3548387096774195,-0.5151515151515151,-1,1.0,1.0,-0.09090909090909094,0.9999999999999998,-0.5105875932525911,-1,-1.0,0.5151515151515151,-1.0,1,0,0,1,1,0,0
1357,0.455213563268573,0.9999999999999998,-0.5454545454545454,-1,1.0,1.0,0.45454545454545436,0.9999999999999998,0.8914617454390179,-1,-0.75,0.5454545454545454,-1.0,0,0,0,1,0,0,0
1389,-0.4543403914720222,0.9354838709677418,0.6969696969696968,-1,1.0,1.0,-0.4545454545454546,-0.33333333333333326,-0.2356999827218813,-1,-0.5,-0.6969696969696968,-1.0,0,0,0,0,0,0,0
737,-0.41868587644619093,-0.3548387096774195,0.33333333333333326,1,1.0,1.0,-0.4181818181818182,0.0,-0.803000998367609,-1,-0.75,-0.33333333333333326,-1.0,0,0,0,1,0,0,0
172,0.7158553445390379,0.41935483870967727,1.0,-1,-1.0,1.0,0.709090909090909,-1.0,-0.9926993530542734,-1,-0.75,-0.9999999999999999,1.0,1,0,1,1,1,1,0
1607,-0.8173615658880886,0.9999999999999998,-0.7878787878787878,-1,1.0,1.0,-0.8181818181818182,0.9999999999999998,-1.0,-1,-0.75,0.8484848484848486,-1.0,1,0,1,1,1,0,1
1015,0.31325038201266087,0.29032258064516125,0.2727272727272727,-1,1.0,1.0,0.3090909090909091,0.0,-0.133098875749596,-1,-0.75,-0.2727272727272725,-1.0,0,0,0,1,0,0,0
334,-0.37990249581605195,-0.3548387096774195,-0.7878787878787878,1,0.0,1.0,-0.38181818181818183,0.9999999999999998,-0.9934790074799962,-1,-1.0,0.7878787878787881,-1.0,0,0,0,1,1,0,1
2052,-0.16393800480244503,0.29032258064516125,0.9090909090909092,1,0.0,1.0,-0.1636363636363637,-0.6666666666666666,-1.0,-1,-0.25,-0.8484848484848484,-1.0,0,0,0,1,0,0,1
1075,-0.340245943389362,-0.29032258064516125,-0.18181818181818188,-1,1.0,1.0,-0.34545454545454546,0.33333333333333326,-0.7575993270504859,-1,-1.0,0.18181818181818188,-1.0,0,0,0,1,1,1,1
412,-0.8186713235829151,0.9999999999999998,0.39393939393939403,1,0.0,1.0,-0.8181818181818182,0.0,-0.8824444289645954,-1,-1.0,-0.3939393939393938,-1.0,0,0,0,1,0,0,0
553,0.8210725460234298,0.29032258064516125,-0.18181818181818188,-1,1.0,1.0,0.8181818181818181,0.33333333333333326,-0.84115994228286,-1,-0.5,0.18181818181818188,-1.0,1,0,0,1,1,1,1
755,-0.561231172233137,0.29032258064516125,-0.4242424242424243,-1,1.0,1.0,-0.5636363636363637,0.9999999999999998,-0.6823198845660854,-1,-0.75,0.4242424242424243,-1.0,0,0,0,1,1,0,0
3277,0.02364840282325531,-0.29032258064516125,-0.7575757575757576,1,1.0,1.0,0.018181818181818077,0.9999999999999998,-1.0,-1,-0.75,0.8181818181818183,-1.0,1,0,0,1,1,1,1
3255,0.23568362075238292,0.9354838709677418,-0.1515151515151516,-1,1.0,1.0,0.23636363636363633,0.6666666666666667,-1.0,-1,-0.25,0.21212121212121238,-1.0,1,0,0,1,1,1,1
556,-0.5539547405952122,0.29032258064516125,0.8484848484848486,-1,1.0,1.0,-0.5636363636363637,-0.6666666666666666,-0.2463533512539241,-1,-0.25,-0.8484848484848484,-1.0,0,0,0,1,0,0,0
1022,-0.050061849668922465,-0.29032258064516125,0.4242424242424243,-1,1.0,1.0,-0.054545454545454564,-0.33333333333333326,-0.8659837807978364,-1,-0.75,-0.4242424242424241,-1.0,0,0,0,1,0,0,0
861,-0.6013243105581024,0.29032258064516125,0.030303030303030276,-1,1.0,1.0,-0.6000000000000001,0.33333333333333326,-0.8611803954701589,-1,-0.5,-0.030303030303030276,-1.0,0,0,0,1,0,0,0
1914,0.9662373572000287,-0.3548387096774195,0.606060606060606,-1,1.0,1.0,0.9636363636363636,-0.33333333333333326,-1.0,-1,-0.25,-0.5454545454545454,-1.0,1,0,0,1,0,1,1
274,0.8448300953212542,0.29032258064516125,0.39393939393939403,-1,0.0,1.0,0.8181818181818181,0.0,-0.9754183274652468,-1,-1.0,-0.3939393939393938,-1.0,0,0,0,1,0,0,0
2003,0.19915593393000064,-0.935483870967742,0.9393939393939394,1,0.0,1.0,0.19999999999999996,-1.0,-1.0,-1,-0.5,-0.8787878787878787,-1.0,0,0,0,1,0,0,0
1190,-0.562104344029688,0.29032258064516125,0.6666666666666665,-1,1.0,1.0,-0.5636363636363637,-0.33333333333333326,-0.7223607909403178,-1,-0.5,-0.6666666666666665,-1.0,0,0,0,1,0,0,0
1610,0.38608746270828775,-0.3548387096774195,0.0,-1,1.0,1.0,0.38181818181818183,0.33333333333333326,-1.0,-1,-0.25,0.060606060606060774,-1.0,1,0,0,1,1,1,1
2067,0.4930510077857817,-0.935483870967742,0.8181818181818183,-1,1.0,1.0,0.49090909090909074,-0.6666666666666666,-0.7369771414178017,-1,-0.5,-0.8181818181818181,-1.0,0,0,0,1,0,0,0
2848,-0.41868587644619093,-0.3548387096774195,-0.24242424242424243,-1,0.0,1.0,-0.4181818181818182,0.6666666666666667,-1.0,-1,-0.5,0.3030303030303032,-1.0,1,0,1,1,1,1,1
2095,0.4174488830677434,0.41935483870967727,0.1515151515151516,-1,1.0,1.0,0.4181818181818182,0.0,-0.753180884533722,-1,-0.5,-0.15151515151515138,-1.0,0,0,0,1,0,0,0
130,0.7102524921778357,0.41935483870967727,-0.303030303030303,-1,-1.0,1.0,0.709090909090909,0.6666666666666667,-0.979946275679659,-1,-0.75,0.3030303030303032,1.0,1,0,1,1,1,1,1
847,-0.08782652986975203,-0.3548387096774195,0.2727272727272727,-1,1.0,1.0,-0.09090909090909094,0.0,-0.7444724983299678,-1,-1.0,-0.2727272727272725,-1.0,0,0,0,1,0,0,0
573,0.9644182492905475,-0.3548387096774195,-0.33333333333333326,-1,1.0,1.0,0.9636363636363636,0.6666666666666667,-0.7034968480803327,-1,-0.5,0.3333333333333335,-1.0,1,0,0,1,1,1,0
2148,-0.8917994615440589,0.9354838709677418,0.09090909090909083,-1,-1.0,-1.0,-0.8909090909090909,0.33333333333333326,-1.0,1,-0.25,-0.030303030303030276,-1.0,0,0,1,0,0,0,0
1985,-0.41868587644619093,-0.3548387096774195,0.1515151515151516,1,0.0,1.0,-0.4181818181818182,0.33333333333333326,-1.0,-1,-0.75,-0.09090909090909083,-1.0,0,0,0,1,0,0,0
