,COUNTY,F2,WWWEDU5,WWWAGE,W1STATE,CENSDIV,CENSREGN,STRATA,WWWWHITE,label,naive,MLP,logisticRegression,decisionTree,randomForest,xgb
575,0.7098886705959395,0.3333333333333335,0.0,0.7272727272727275,0.709090909090909,0.41935483870967727,0.3333333333333335,1.0,1,1,0,1,1,1,1,1
1428,0.3866695772393216,0.3333333333333335,-0.5,-0.33333333333333326,0.38181818181818183,-0.3548387096774195,-0.33333333333333326,1.0,1,0,0,1,1,1,1,1
1386,-0.8199810812777415,-0.9999999999999999,-0.5,-0.15151515151515138,-0.8181818181818182,0.9999999999999998,1.0,1.0,-1,0,0,0,0,0,0,0
1967,-0.14658371534599446,-0.33333333333333326,-0.5,0.5151515151515151,-0.1636363636363637,0.29032258064516125,0.3333333333333335,0.0,-1,0,0,0,1,1,0,1
2243,0.7090882631157678,0.3333333333333335,0.0,0.3030303030303032,0.709090909090909,0.41935483870967727,0.3333333333333335,-1.0,-1,1,0,0,0,0,0,0
1196,0.49363312231681555,1.0,-0.5,0.5757575757575757,0.49090909090909074,-0.935483870967742,-0.9999999999999999,1.0,1,0,0,1,1,1,1,0
419,-0.8186713235829151,-0.33333333333333326,1.0,0.6060606060606064,-0.8181818181818182,0.9999999999999998,1.0,0.0,-1,0,0,0,0,0,0,0
1826,0.817288801571709,1.0,0.0,-0.09090909090909083,0.8181818181818181,0.29032258064516125,0.3333333333333335,1.0,1,0,0,1,1,1,1,1
1260,0.7218947827985154,-0.33333333333333326,1.0,0.18181818181818188,0.709090909090909,0.41935483870967727,0.3333333333333335,1.0,1,1,0,1,1,1,1,1
3072,-0.71083460670887,-0.33333333333333326,0.5,-0.4242424242424241,-0.7090909090909091,-1.0,-0.9999999999999999,1.0,1,1,0,1,1,1,1,1
1642,-0.8186713235829151,0.3333333333333335,0.5,0.666666666666667,-0.8181818181818182,0.9999999999999998,1.0,1.0,1,1,0,1,1,0,1,0
3189,0.38470494069708194,1.0,0.0,0.09090909090909105,0.38181818181818183,-0.3548387096774195,-0.33333333333333326,1.0,1,1,0,1,1,1,1,1
928,-1.0,1.0,0.0,-0.15151515151515138,-1.0,0.35483870967741926,0.3333333333333335,1.0,1,0,0,1,1,1,1,1
610,-0.41883140507894945,0.3333333333333335,-1.0,0.18181818181818188,-0.4181818181818182,-0.3548387096774195,-0.33333333333333326,1.0,1,0,0,1,1,1,1,1
1575,-0.0870261223895803,0.3333333333333335,0.5,-0.606060606060606,-0.09090909090909094,-0.3548387096774195,-0.33333333333333326,1.0,1,0,0,1,1,1,1,1
185,0.7158553445390379,-0.33333333333333326,0.0,0.666666666666667,0.709090909090909,0.41935483870967727,0.3333333333333335,-1.0,1,0,0,1,1,0,0,0
2782,-0.9992723568362076,-0.9999999999999999,0.0,0.030303030303030498,-1.0,0.35483870967741926,0.3333333333333335,0.0,-1,0,0,0,0,1,0,1
449,0.19915593393000064,-0.9999999999999999,-1.0,0.030303030303030498,0.19999999999999996,-0.935483870967742,-0.9999999999999999,0.0,-1,0,0,0,1,1,0,0
1198,0.27519464454631426,-0.33333333333333326,-0.5,-0.36363636363636354,0.2727272727272727,-0.935483870967742,-0.9999999999999999,1.0,1,0,0,1,1,1,1,1
1356,0.4221785636323945,0.3333333333333335,0.5,-0.5454545454545454,0.4181818181818182,0.41935483870967727,0.3333333333333335,1.0,-1,0,0,0,0,1,0,1
399,0.2743942370661425,0.3333333333333335,-1.0,0.7878787878787881,0.2727272727272727,-0.935483870967742,-0.9999999999999999,0.0,1,0,0,1,1,1,1,1
3168,0.7138179436804188,1.0,0.0,2.220446049250313e-16,0.709090909090909,0.41935483870967727,0.3333333333333335,1.0,1,1,0,1,1,1,1,1
1781,0.48984937786509475,1.0,-0.5,0.9393939393939394,0.49090909090909074,-0.935483870967742,-0.9999999999999999,1.0,1,0,0,1,1,1,1,0
2995,-0.14658371534599446,1.0,-0.5,0.8484848484848486,-0.1636363636363637,0.29032258064516125,0.3333333333333335,0.0,-1,1,0,0,1,1,0,1
411,-0.8186713235829151,0.3333333333333335,0.0,0.8181818181818183,-0.8181818181818182,0.9999999999999998,1.0,0.0,-1,0,0,0,0,0,0,0
2878,-0.16393800480244503,1.0,-0.5,0.7272727272727275,-0.1636363636363637,0.29032258064516125,0.3333333333333335,0.0,1,0,0,1,1,1,1,1
3264,0.2735938295859708,-0.9999999999999999,-0.5,-0.09090909090909083,0.2727272727272727,-0.935483870967742,-0.9999999999999999,1.0,1,0,0,1,1,1,1,0
2071,0.49072254966164564,1.0,0.5,-0.5151515151515151,0.49090909090909074,-0.935483870967742,-0.9999999999999999,1.0,1,1,0,1,1,1,1,0
680,0.9665284144655457,1.0,0.0,-0.15151515151515138,0.9636363636363636,-0.3548387096774195,-0.33333333333333326,1.0,1,0,0,1,1,1,1,1
865,0.01942807247325895,1.0,0.5,0.030303030303030498,0.018181818181818077,-0.29032258064516125,-0.33333333333333326,1.0,1,0,0,1,1,1,1,1
444,-0.16393800480244503,-0.9999999999999999,0.0,-0.6969696969696968,-0.1636363636363637,0.29032258064516125,0.3333333333333335,0.0,1,0,0,1,0,1,1,1
211,0.7258240558829947,1.0,0.5,-0.33333333333333326,0.709090909090909,0.41935483870967727,0.3333333333333335,-1.0,1,0,0,0,0,0,0,0
569,0.9663828858327874,1.0,-0.5,-0.6666666666666665,0.9636363636363636,-0.3548387096774195,-0.33333333333333326,1.0,1,0,0,1,1,1,1,1
1243,-0.5974678017900024,0.3333333333333335,0.0,-0.48484848484848464,-0.6000000000000001,0.29032258064516125,0.3333333333333335,1.0,1,0,0,1,1,1,1,1
780,0.6781634286545877,1.0,0.0,-0.09090909090909083,0.6727272727272726,0.35483870967741926,0.3333333333333335,1.0,1,0,0,1,1,1,1,1
779,0.6755439132649346,0.3333333333333335,1.0,-0.7878787878787877,0.6727272727272726,0.35483870967741926,0.3333333333333335,1.0,1,0,0,1,0,1,1,1
2076,0.7131630648330056,1.0,0.0,0.1515151515151516,0.709090909090909,0.41935483870967727,0.3333333333333335,-1.0,-1,1,0,0,0,0,0,0
1744,-0.054209415702539676,1.0,0.5,2.220446049250313e-16,-0.054545454545454564,-0.29032258064516125,-0.33333333333333326,1.0,1,1,0,1,1,1,1,1
144,0.7158553445390379,1.0,-0.5,0.6060606060606064,0.709090909090909,0.41935483870967727,0.3333333333333335,-1.0,1,0,0,1,1,0,0,0
898,-0.23604744233427943,-0.9999999999999999,-0.5,-0.1212121212121211,-0.23636363636363644,0.41935483870967727,0.3333333333333335,1.0,1,0,0,1,1,1,1,1
1429,0.3133959106454194,-0.9999999999999999,-0.5,-0.18181818181818166,0.3090909090909091,0.29032258064516125,0.3333333333333335,1.0,-1,0,0,0,0,1,0,0
2033,-0.41868587644619093,-0.33333333333333326,0.0,-0.7575757575757575,-0.4181818181818182,-0.3548387096774195,-0.33333333333333326,0.0,-1,0,0,0,1,1,0,1
1150,0.4915229571418174,1.0,0.5,-0.9696969696969696,0.49090909090909074,-0.935483870967742,-0.9999999999999999,1.0,1,1,0,1,1,1,1,0
1282,0.31084915957214565,1.0,0.5,-0.48484848484848464,0.3090909090909091,0.29032258064516125,0.3333333333333335,1.0,1,0,0,1,1,1,1,1
1206,-0.4171578258022267,0.3333333333333335,0.0,-0.15151515151515138,-0.4181818181818182,-0.3548387096774195,-0.33333333333333326,1.0,1,1,0,1,1,1,1,1
1172,0.38193989667467054,0.3333333333333335,1.0,-0.09090909090909083,0.38181818181818183,-0.3548387096774195,-0.33333333333333326,1.0,1,1,0,1,1,1,1,1
258,0.2355380921196244,-0.33333333333333326,0.0,-0.7878787878787877,0.23636363636363633,0.9354838709677418,1.0,-1.0,-1,0,0,0,0,0,0,0
393,-0.08644400785854633,-0.33333333333333326,0.5,-0.606060606060606,-0.09090909090909094,-0.3548387096774195,-0.33333333333333326,0.0,-1,1,0,0,1,1,0,1
960,-0.7107618423924909,-0.33333333333333326,1.0,0.36363636363636376,-0.7090909090909091,-1.0,-0.9999999999999999,1.0,1,0,0,1,1,1,1,1
877,0.12602779596885672,-0.33333333333333326,0.0,0.6060606060606064,0.1272727272727272,0.9354838709677418,1.0,1.0,1,1,0,1,0,1,1,1
947,-0.16401076911882428,-0.33333333333333326,-0.5,0.666666666666667,-0.1636363636363637,0.29032258064516125,0.3333333333333335,1.0,1,0,0,1,1,1,1,1
1944,-0.0558829949792623,0.3333333333333335,0.5,-0.6666666666666665,-0.054545454545454564,-0.29032258064516125,-0.33333333333333326,1.0,1,1,0,1,1,1,1,1
1950,-0.562104344029688,0.3333333333333335,0.0,-0.33333333333333326,-0.5636363636363637,0.29032258064516125,0.3333333333333335,0.0,-1,0,0,0,0,1,0,1
2501,-0.5985956486938806,0.3333333333333335,0.0,-0.6363636363636362,-0.6000000000000001,0.29032258064516125,0.3333333333333335,-1.0,-1,0,0,0,0,0,0,0
3087,0.27453976569890104,0.3333333333333335,-0.5,0.7878787878787881,0.2727272727272727,-0.935483870967742,-0.9999999999999999,1.0,1,0,0,1,1,1,1,1
1387,-0.2013388634213783,1.0,0.0,-0.8484848484848484,-0.20000000000000007,-1.0,-0.9999999999999999,1.0,1,0,0,1,1,1,1,1
820,0.48999490649785327,-0.33333333333333326,-0.5,0.21212121212121238,0.49090909090909074,-0.935483870967742,-0.9999999999999999,1.0,-1,1,0,0,1,1,0,0
1115,-0.5981954449537947,0.3333333333333335,-0.5,-0.45454545454545436,-0.6000000000000001,0.29032258064516125,0.3333333333333335,1.0,1,1,0,1,1,1,1,1
1998,-0.08644400785854633,0.3333333333333335,0.0,-0.5151515151515151,-0.09090909090909094,-0.3548387096774195,-0.33333333333333326,0.0,-1,0,0,0,1,1,0,1
1691,-0.08942734483009551,1.0,1.0,-0.6666666666666665,-0.09090909090909094,-0.3548387096774195,-0.33333333333333326,1.0,1,1,0,1,1,1,1,1
1458,0.5627592228771008,-0.33333333333333326,0.5,-0.8484848484848484,0.5636363636363635,-1.0,-0.9999999999999999,1.0,1,0,0,1,1,1,1,1
2714,0.4934148293676779,-0.9999999999999999,-1.0,0.12121212121212133,0.49090909090909074,-0.935483870967742,-0.9999999999999999,0.0,-1,0,0,0,1,1,0,0
1971,-0.41868587644619093,1.0,-0.5,0.21212121212121238,-0.4181818181818182,-0.3548387096774195,-0.33333333333333326,0.0,-1,0,0,0,1,1,0,1
920,0.4945790584297458,0.3333333333333335,0.0,-0.5454545454545454,0.49090909090909074,-0.935483870967742,-0.9999999999999999,1.0,1,1,0,1,1,1,1,0
1176,0.7153459943243832,0.3333333333333335,0.0,-0.5151515151515151,0.709090909090909,0.41935483870967727,0.3333333333333335,1.0,1,0,0,1,0,1,1,1
1903,0.7212399039511022,-0.33333333333333326,-0.5,-0.06060606060606055,0.709090909090909,0.41935483870967727,0.3333333333333335,1.0,1,0,0,1,1,1,1,1
1874,0.38521429091173665,0.3333333333333335,1.0,-0.33333333333333326,0.38181818181818183,-0.3548387096774195,-0.33333333333333326,1.0,1,0,0,1,1,1,1,1
311,-0.14658371534599446,0.3333333333333335,0.5,-0.48484848484848464,-0.1636363636363637,0.29032258064516125,0.3333333333333335,0.0,-1,1,0,0,0,1,0,1
1956,0.4934148293676779,1.0,1.0,0.7878787878787881,0.49090909090909074,-0.935483870967742,-0.9999999999999999,0.0,-1,0,0,0,1,1,0,0
1530,0.7456887142545294,0.3333333333333335,0.0,-0.7575757575757575,0.7454545454545454,0.9354838709677418,1.0,1.0,1,0,0,1,0,1,1,1
430,-0.56094011496762,-0.9999999999999999,-1.0,0.4545454545454546,-0.5636363636363637,0.29032258064516125,0.3333333333333335,0.0,-1,0,0,0,1,1,0,1
1313,0.8437386305755656,0.3333333333333335,0.5,0.060606060606060774,0.8181818181818181,0.29032258064516125,0.3333333333333335,1.0,1,0,0,1,1,1,1,1
281,0.7153459943243832,-0.9999999999999999,-0.5,-0.303030303030303,0.709090909090909,0.41935483870967727,0.3333333333333335,0.0,-1,0,0,0,0,1,0,0
2072,-0.5977588590555193,0.3333333333333335,0.5,0.12121212121212133,-0.6000000000000001,0.29032258064516125,0.3333333333333335,1.0,1,1,0,1,1,1,1,1
586,0.3868878701884595,0.3333333333333335,-0.5,0.12121212121212133,0.38181818181818183,-0.3548387096774195,-0.33333333333333326,1.0,1,1,0,1,1,1,1,1
647,-0.23670232118169265,1.0,-0.5,-0.5151515151515151,-0.23636363636363644,0.41935483870967727,0.3333333333333335,1.0,1,1,0,1,1,1,1,1
1876,-0.27184748599286923,0.3333333333333335,0.5,-0.2727272727272725,-0.2727272727272728,0.35483870967741926,0.3333333333333335,1.0,1,1,0,1,1,1,1,1
1134,-0.6005239030779307,0.3333333333333335,-0.5,-0.6666666666666665,-0.6000000000000001,0.29032258064516125,0.3333333333333335,1.0,1,0,0,1,1,1,1,1
2027,0.8426471658298769,0.3333333333333335,-0.5,-0.33333333333333326,0.8181818181818181,0.29032258064516125,0.3333333333333335,0.0,-1,1,0,0,0,1,0,0
1622,0.9651458924543403,1.0,-0.5,-0.09090909090909083,0.9636363636363636,-0.3548387096774195,-0.33333333333333326,1.0,1,0,0,1,1,1,1,1
1132,-0.37888379538674244,1.0,1.0,0.21212121212121238,-0.38181818181818183,-0.3548387096774195,-0.33333333333333326,1.0,1,0,0,1,1,1,1,1
2800,0.8408280579203957,0.3333333333333335,1.0,0.030303030303030498,0.8181818181818181,0.29032258064516125,0.3333333333333335,0.0,1,1,0,1,1,1,1,1
1447,-0.3099032234592157,-0.33333333333333326,-0.5,-0.9696969696969696,-0.3090909090909091,-0.29032258064516125,-0.33333333333333326,1.0,1,0,0,1,1,1,1,1
1604,-0.7444517208760825,1.0,0.0,-0.2727272727272725,-0.7454545454545455,0.9354838709677418,1.0,1.0,1,1,0,1,0,1,1,1
642,0.49072254966164564,0.3333333333333335,0.0,-0.5151515151515151,0.49090909090909074,-0.935483870967742,-0.9999999999999999,1.0,1,0,0,1,1,1,1,0
2712,-0.6380702903296225,-0.33333333333333326,0.0,0.4242424242424243,-0.6363636363636365,0.29032258064516125,0.3333333333333335,0.0,-1,0,0,0,1,1,0,1
220,-0.6008149603434476,1.0,1.0,-0.6969696969696968,-0.6000000000000001,0.29032258064516125,0.3333333333333335,-1.0,1,0,0,1,0,0,0,0
164,0.7158553445390379,0.3333333333333335,0.5,0.09090909090909105,0.709090909090909,0.41935483870967727,0.3333333333333335,-1.0,-1,0,0,0,0,0,0,0
1256,0.4202139270901548,0.3333333333333335,0.5,-0.09090909090909083,0.4181818181818182,0.41935483870967727,0.3333333333333335,1.0,1,0,0,1,1,1,1,1
2059,0.02022847995343069,0.3333333333333335,-0.5,-0.3939393939393938,0.018181818181818077,-0.29032258064516125,-0.33333333333333326,0.0,-1,0,0,0,1,1,0,1
1111,-0.20104780615586126,0.3333333333333335,0.5,-0.45454545454545436,-0.20000000000000007,-1.0,-0.9999999999999999,1.0,-1,0,0,0,1,1,0,1
1073,0.0914647456887141,1.0,-0.5,0.4545454545454546,0.09090909090909083,-0.29032258064516125,-0.33333333333333326,1.0,1,0,0,1,1,1,1,1
1870,0.490795313978025,-0.33333333333333326,1.0,-0.5757575757575757,0.49090909090909074,-0.935483870967742,-0.9999999999999999,1.0,1,0,0,1,1,1,1,0
593,-0.560066943171069,0.3333333333333335,0.5,-0.303030303030303,-0.5636363636363637,0.29032258064516125,0.3333333333333335,1.0,-1,1,0,0,0,1,0,1
1345,-0.9622717019573602,0.3333333333333335,0.0,-0.8181818181818181,-0.9636363636363636,0.9999999999999998,1.0,1.0,-1,0,0,0,0,0,0,0
808,-0.08782652986975203,1.0,0.0,-0.030303030303030276,-0.09090909090909094,-0.3548387096774195,-0.33333333333333326,1.0,1,1,0,1,1,1,1,1
2044,-0.08644400785854633,-0.33333333333333326,0.0,-0.4242424242424241,-0.09090909090909094,-0.3548387096774195,-0.33333333333333326,0.0,-1,0,0,0,1,1,0,1
1411,0.38419559048242724,-0.33333333333333326,0.0,-0.21212121212121193,0.38181818181818183,-0.3548387096774195,-0.33333333333333326,1.0,1,1,0,1,1,1,1,1
1510,0.05420941570253923,1.0,0.5,-0.7878787878787877,0.05454545454545445,0.9354838709677418,1.0,1.0,1,0,0,1,0,1,1,1
1655,-0.41868587644619093,1.0,0.0,0.6060606060606064,-0.4181818181818182,-0.3548387096774195,-0.33333333333333326,1.0,1,1,0,1,1,1,1,1
160,0.7158553445390379,1.0,-0.5,0.666666666666667,0.709090909090909,0.41935483870967727,0.3333333333333335,-1.0,1,0,0,1,1,0,0,0
1275,-0.9978170705086227,-0.33333333333333326,0.5,-0.6363636363636362,-1.0,0.35483870967741926,0.3333333333333335,1.0,1,0,0,1,1,1,1,1
883,0.27468529433165956,0.3333333333333335,-0.5,-0.09090909090909083,0.2727272727272727,-0.935483870967742,-0.9999999999999999,1.0,1,1,0,1,1,1,1,1
2479,-0.41868587644619093,1.0,0.0,0.9696969696969697,-0.4181818181818182,-0.3548387096774195,-0.33333333333333326,-1.0,1,0,0,1,1,1,0,1
1146,0.19944699119551745,-0.33333333333333326,0.5,-0.45454545454545436,0.19999999999999996,-0.935483870967742,-0.9999999999999999,1.0,1,1,0,1,1,1,1,1
1096,0.3096849305100777,-0.33333333333333326,-0.5,-0.09090909090909083,0.3090909090909091,0.29032258064516125,0.3333333333333335,1.0,1,1,0,1,1,1,1,1
874,0.23510150622134884,0.3333333333333335,-0.5,-0.6666666666666665,0.23636363636363633,0.9354838709677418,1.0,1.0,-1,0,0,0,0,1,1,1
663,0.45477697737029743,1.0,0.0,-0.1212121212121211,0.45454545454545436,0.9999999999999998,1.0,1.0,1,0,0,1,0,0,1,0
1056,0.09102815979043855,1.0,0.5,-0.5454545454545454,0.09090909090909083,-0.29032258064516125,-0.33333333333333326,1.0,1,1,0,1,1,1,1,1
2068,-0.560358000436586,1.0,-0.5,-0.15151515151515138,-0.5636363636363637,0.29032258064516125,0.3333333333333335,1.0,1,0,0,1,1,1,1,1
2753,-0.562104344029688,1.0,0.5,-0.606060606060606,-0.5636363636363637,0.29032258064516125,0.3333333333333335,0.0,-1,0,0,0,0,1,0,1
1793,0.49297824346940233,-0.33333333333333326,-0.5,-0.8181818181818181,0.49090909090909074,-0.935483870967742,-0.9999999999999999,1.0,1,0,0,1,1,1,1,0
878,-0.8189623808484321,-0.9999999999999999,-0.5,0.48484848484848486,-0.8181818181818182,0.9999999999999998,1.0,1.0,1,0,0,1,1,0,1,0
984,-0.8511242086880595,0.3333333333333335,-0.5,-0.8484848484848484,-0.8545454545454545,0.41935483870967727,0.3333333333333335,1.0,1,0,0,1,1,1,1,1
968,0.4934148293676779,-0.9999999999999999,0.0,-0.5757575757575757,0.49090909090909074,-0.935483870967742,-0.9999999999999999,1.0,1,1,0,1,1,1,1,0
1039,0.09037328094302532,0.3333333333333335,0.0,-0.6363636363636362,0.09090909090909083,-0.29032258064516125,-0.33333333333333326,1.0,1,0,0,1,1,1,1,1
1242,0.8921632831259547,1.0,1.0,-0.06060606060606055,0.8909090909090909,0.9999999999999998,1.0,1.0,1,0,0,1,0,0,1,1
2345,0.7090882631157678,-0.9999999999999999,-1.0,0.666666666666667,0.709090909090909,0.41935483870967727,0.3333333333333335,-1.0,-1,0,0,0,0,0,0,0
1667,0.01746343593101929,1.0,1.0,0.030303030303030498,0.018181818181818077,-0.29032258064516125,-0.33333333333333326,1.0,1,1,0,1,1,1,1,1
682,0.018409372043949546,0.3333333333333335,1.0,-0.5757575757575757,0.018181818181818077,-0.29032258064516125,-0.33333333333333326,1.0,1,0,0,1,1,1,1,1
1069,-0.6011787819253439,-0.33333333333333326,-1.0,0.7575757575757578,-0.6000000000000001,0.29032258064516125,0.3333333333333335,1.0,1,0,0,1,1,1,1,1
1314,-0.3773557447427782,-0.33333333333333326,1.0,-0.06060606060606055,-0.38181818181818183,-0.3548387096774195,-0.33333333333333326,1.0,1,1,0,1,1,1,1,1
192,-0.8180892090518811,-0.33333333333333326,-1.0,0.6363636363636367,-0.8181818181818182,0.9999999999999998,1.0,-1.0,-1,0,0,0,0,0,0,0
1239,-0.30917558029542325,-0.33333333333333326,-0.5,0.9393939393939394,-0.3090909090909091,-0.29032258064516125,-0.33333333333333326,1.0,1,0,0,1,1,1,1,1
270,-0.14658371534599446,-0.33333333333333326,-0.5,-0.2424242424242422,-0.1636363636363637,0.29032258064516125,0.3333333333333335,0.0,-1,0,0,0,0,1,0,1
1182,1.0,1.0,0.5,0.6969696969696972,0.9999999999999998,0.9354838709677418,1.0,1.0,1,1,0,1,0,1,1,1
658,0.7461980644691841,0.3333333333333335,0.5,-0.45454545454545436,0.7454545454545454,0.9354838709677418,1.0,1.0,1,1,0,1,0,1,1,1
1658,0.3818671323582914,0.3333333333333335,0.0,0.3030303030303032,0.38181818181818183,-0.3548387096774195,-0.33333333333333326,1.0,1,1,0,1,1,1,1,1
1005,0.27504911591355574,0.3333333333333335,0.5,-0.06060606060606055,0.2727272727272727,-0.935483870967742,-0.9999999999999999,1.0,1,1,0,1,1,1,1,1
106,0.7170195736011058,1.0,-0.5,0.12121212121212133,0.709090909090909,0.41935483870967727,0.3333333333333335,-1.0,-1,1,0,0,0,0,0,0
1089,0.8175798588372261,-0.33333333333333326,0.0,-0.48484848484848464,0.8181818181818181,0.29032258064516125,0.3333333333333335,1.0,1,0,0,1,0,1,1,1
1663,0.6005239030779304,-0.33333333333333326,-0.5,0.666666666666667,0.5999999999999999,0.29032258064516125,0.3333333333333335,1.0,1,0,0,1,1,1,1,1
1406,-0.3799752601324312,0.3333333333333335,0.0,-0.909090909090909,-0.38181818181818183,-0.3548387096774195,-0.33333333333333326,1.0,1,0,0,1,1,1,1,1
706,0.41759441170050193,1.0,0.0,-0.6363636363636362,0.4181818181818182,0.41935483870967727,0.3333333333333335,1.0,1,0,0,1,0,1,1,1
2940,-0.08644400785854633,0.3333333333333335,0.5,-0.7272727272727272,-0.09090909090909094,-0.3548387096774195,-0.33333333333333326,0.0,-1,1,0,0,1,1,0,1
1910,-0.08731717965509733,0.3333333333333335,0.0,0.09090909090909105,-0.09090909090909094,-0.3548387096774195,-0.33333333333333326,1.0,1,0,0,1,1,1,1,1
1037,-0.3796842028669142,0.3333333333333335,0.5,0.12121212121212133,-0.38181818181818183,-0.3548387096774195,-0.33333333333333326,1.0,1,0,0,1,1,1,1,1
3086,0.4913046641926797,-0.33333333333333326,-0.5,0.3030303030303032,0.49090909090909074,-0.935483870967742,-0.9999999999999999,1.0,1,1,0,1,1,1,1,0
2703,0.27315724368769545,1.0,0.0,-0.7575757575757575,0.2727272727272727,-0.935483870967742,-0.9999999999999999,0.0,-1,1,0,0,1,1,0,0
349,-0.23531979917048695,1.0,-0.5,-0.9999999999999999,-0.23636363636363644,0.41935483870967727,0.3333333333333335,0.0,-1,0,0,0,0,1,0,1
3309,-0.38201266099105013,1.0,-0.5,-0.18181818181818166,-0.38181818181818183,-0.3548387096774195,-0.33333333333333326,1.0,1,1,0,1,1,1,1,1
1269,0.5998690242305171,1.0,0.0,0.1515151515151516,0.5999999999999999,0.29032258064516125,0.3333333333333335,1.0,-1,0,0,0,0,1,0,0
915,-0.08644400785854633,0.3333333333333335,0.0,-0.45454545454545436,-0.09090909090909094,-0.3548387096774195,-0.33333333333333326,1.0,1,0,0,1,1,1,1,1
1165,-0.16444735501709973,0.3333333333333335,0.0,-0.5454545454545454,-0.1636363636363637,0.29032258064516125,0.3333333333333335,1.0,1,1,0,1,1,1,1,1
304,-0.41868587644619093,0.3333333333333335,1.0,0.3333333333333335,-0.4181818181818182,-0.3548387096774195,-0.33333333333333326,0.0,-1,0,0,0,1,1,0,1
2769,-0.08644400785854633,-0.9999999999999999,0.0,0.060606060606060774,-0.09090909090909094,-0.3548387096774195,-0.33333333333333326,0.0,-1,1,0,0,1,1,0,1
1352,0.9675471148948556,1.0,0.5,-0.5151515151515151,0.9636363636363636,-0.3548387096774195,-0.33333333333333326,1.0,1,1,0,1,1,1,1,1
1154,0.4209415702539472,1.0,0.0,0.7272727272727275,0.4181818181818182,0.41935483870967727,0.3333333333333335,1.0,1,1,0,1,1,1,1,1
1565,0.6019064250891362,0.3333333333333335,0.5,-0.09090909090909083,0.5999999999999999,0.29032258064516125,0.3333333333333335,1.0,1,0,0,1,1,1,1,1
2017,0.02022847995343069,1.0,0.5,-0.606060606060606,0.018181818181818077,-0.29032258064516125,-0.33333333333333326,0.0,1,0,0,1,1,1,1,1
111,0.7090882631157678,-0.33333333333333326,-0.5,-0.7878787878787877,0.709090909090909,0.41935483870967727,0.3333333333333335,-1.0,1,0,0,0,0,0,0,0
611,-0.30866623008076854,1.0,1.0,-0.09090909090909083,-0.3090909090909091,-0.29032258064516125,-0.33333333333333326,1.0,1,1,0,1,1,1,1,1
1753,-0.09102815979043888,0.3333333333333335,0.5,-0.33333333333333326,-0.09090909090909094,-0.3548387096774195,-0.33333333333333326,1.0,1,1,0,1,1,1,1,1
1112,0.31172233136869654,1.0,1.0,0.24242424242424265,0.3090909090909091,0.29032258064516125,0.3333333333333335,1.0,1,0,0,1,1,1,1,1
2247,0.7158553445390379,0.3333333333333335,1.0,-0.1212121212121211,0.709090909090909,0.41935483870967727,0.3333333333333335,-1.0,-1,0,0,0,0,0,0,0
1881,-0.41657571127119275,0.3333333333333335,0.5,0.666666666666667,-0.4181818181818182,-0.3548387096774195,-0.33333333333333326,1.0,1,0,0,1,1,1,1,1
1552,-0.8164156297751584,1.0,-0.5,0.5454545454545454,-0.8181818181818182,0.9999999999999998,1.0,1.0,1,1,0,1,1,0,1,0
1347,-0.6744524485192462,1.0,0.0,-0.2424242424242422,-0.6727272727272727,0.29032258064516125,0.3333333333333335,1.0,1,0,0,1,1,1,1,1
1656,0.7463435931019426,0.3333333333333335,0.0,-0.6666666666666665,0.7454545454545454,0.9354838709677418,1.0,1.0,1,0,0,1,0,1,1,1
1168,0.4904314923961288,0.3333333333333335,-0.5,-0.4242424242424241,0.49090909090909074,-0.935483870967742,-0.9999999999999999,1.0,1,0,0,1,1,1,1,0
3077,0.38608746270828775,0.3333333333333335,-0.5,0.09090909090909105,0.38181818181818183,-0.3548387096774195,-0.33333333333333326,1.0,1,0,0,1,1,1,1,1
668,0.9294913774285087,-0.9999999999999999,-0.5,-0.18181818181818166,0.9272727272727272,0.29032258064516125,0.3333333333333335,1.0,-1,0,0,0,0,1,0,0
1508,0.3866695772393216,1.0,0.5,0.060606060606060774,0.38181818181818183,-0.3548387096774195,-0.33333333333333326,1.0,1,0,0,1,1,1,1,1
1419,0.6781634286545877,0.3333333333333335,0.5,-0.48484848484848464,0.6727272727272726,0.35483870967741926,0.3333333333333335,1.0,1,1,0,1,0,1,1,1
1860,0.383540711635014,1.0,0.0,0.24242424242424265,0.38181818181818183,-0.3548387096774195,-0.33333333333333326,1.0,-1,1,0,1,1,1,0,1
2410,-0.8919449901768174,1.0,-0.5,0.5757575757575757,-0.8909090909090909,0.9354838709677418,1.0,-1.0,-1,1,0,0,0,0,0,0
641,0.4941424725314705,0.3333333333333335,-0.5,-0.2727272727272725,0.49090909090909074,-0.935483870967742,-0.9999999999999999,1.0,1,1,0,1,1,1,1,0
1229,-0.4191224623444664,-0.33333333333333326,0.5,0.1515151515151516,-0.4181818181818182,-0.3548387096774195,-0.33333333333333326,1.0,1,0,0,1,1,1,1,1
1047,0.4934148293676779,0.3333333333333335,-0.5,1.0,0.49090909090909074,-0.935483870967742,-0.9999999999999999,1.0,1,0,0,1,1,1,1,0
476,-0.6380702903296225,1.0,0.5,-0.15151515151515138,-0.6363636363636365,0.29032258064516125,0.3333333333333335,0.0,1,1,0,1,1,1,1,1
2064,0.48984937786509475,0.3333333333333335,-0.5,0.7272727272727275,0.49090909090909074,-0.935483870967742,-0.9999999999999999,1.0,-1,0,0,1,1,1,0,0
2218,0.7102524921778357,0.3333333333333335,1.0,0.030303030303030498,0.709090909090909,0.41935483870967727,0.3333333333333335,-1.0,1,0,0,0,0,0,0,0
1188,-0.7105435494433531,0.3333333333333335,0.5,-0.7878787878787877,-0.7090909090909091,-1.0,-0.9999999999999999,1.0,-1,0,0,0,1,1,0,1
1695,0.6005239030779304,1.0,0.0,0.060606060606060774,0.5999999999999999,0.29032258064516125,0.3333333333333335,1.0,-1,0,0,0,0,1,0,0
637,0.19995634141017238,0.3333333333333335,0.5,-0.6969696969696968,0.19999999999999996,-0.935483870967742,-0.9999999999999999,1.0,1,0,0,1,1,1,1,1
34,0.7131630648330056,0.3333333333333335,0.5,0.18181818181818188,0.709090909090909,0.41935483870967727,0.3333333333333335,-1.0,1,0,0,0,0,0,0,0
1249,-0.41868587644619093,0.3333333333333335,-0.5,-0.2424242424242422,-0.4181818181818182,-0.3548387096774195,-0.33333333333333326,1.0,1,0,0,1,1,1,1,1
891,-0.5980499163210362,0.3333333333333335,0.5,0.24242424242424265,-0.6000000000000001,0.29032258064516125,0.3333333333333335,1.0,1,1,0,1,1,1,1,1
1772,0.9655824783526157,1.0,0.5,-0.5757575757575757,0.9636363636363636,-0.3548387096774195,-0.33333333333333326,1.0,1,1,0,1,1,1,1,1
2186,0.7090882631157678,1.0,-1.0,-0.030303030303030276,0.709090909090909,0.41935483870967727,0.3333333333333335,-1.0,1,1,0,1,0,0,0,0
295,0.27315724368769545,-0.9999999999999999,-0.5,-0.18181818181818166,0.2727272727272727,-0.935483870967742,-0.9999999999999999,0.0,-1,0,0,0,1,1,0,0
581,-0.71083460670887,1.0,0.5,-0.8181818181818181,-0.7090909090909091,-1.0,-0.9999999999999999,1.0,1,0,0,1,1,1,1,1
301,0.4209415702539472,-0.33333333333333326,0.0,0.3030303030303032,0.4181818181818182,0.41935483870967727,0.3333333333333335,0.0,-1,1,0,0,0,1,0,1
2408,0.23510150622134884,1.0,0.5,-0.36363636363636354,0.23636363636363633,0.9354838709677418,1.0,-1.0,-1,1,0,0,0,0,0,0
1216,0.45455868442115976,0.3333333333333335,0.0,-0.6666666666666665,0.45454545454545436,0.9999999999999998,1.0,1.0,1,0,0,1,0,0,1,0
169,0.7090882631157678,-0.33333333333333326,-1.0,-0.15151515151515138,0.709090909090909,0.41935483870967727,0.3333333333333335,-1.0,-1,1,0,0,0,0,0,0
215,0.7249508840864438,0.3333333333333335,0.0,-0.2727272727272725,0.709090909090909,0.41935483870967727,0.3333333333333335,-1.0,1,0,0,0,0,0,0,0
2031,-0.23531979917048695,-0.33333333333333326,-0.5,-0.5151515151515151,-0.23636363636363644,0.41935483870967727,0.3333333333333335,0.0,-1,0,0,0,0,1,0,1
1990,0.2743942370661425,0.3333333333333335,0.5,-0.3939393939393938,0.2727272727272727,-0.935483870967742,-0.9999999999999999,0.0,-1,0,0,0,1,1,0,0
1021,0.7141090009459359,-0.33333333333333326,0.5,-0.1212121212121211,0.709090909090909,0.41935483870967727,0.3333333333333335,1.0,1,0,0,1,1,1,1,1
885,-0.08906352324819922,0.3333333333333335,0.0,-0.5757575757575757,-0.09090909090909094,-0.3548387096774195,-0.33333333333333326,1.0,1,0,0,1,1,1,1,1
371,0.27366659390235015,-0.9999999999999999,-0.5,0.18181818181818188,0.2727272727272727,-0.935483870967742,-0.9999999999999999,0.0,-1,0,0,0,1,1,0,0
1960,-0.6380702903296225,-0.33333333333333326,-0.5,-0.8181818181818181,-0.6363636363636365,0.29032258064516125,0.3333333333333335,0.0,-1,0,0,0,0,1,0,1
3279,-0.01477115622498748,1.0,0.0,-0.9393939393939392,-0.0181818181818183,0.35483870967741926,0.3333333333333335,1.0,1,0,0,1,0,1,1,1
3013,-0.08644400785854633,1.0,-0.5,-0.5757575757575757,-0.09090909090909094,-0.3548387096774195,-0.33333333333333326,0.0,-1,0,0,0,1,1,0,1
892,-0.09088263115768047,-0.33333333333333326,-0.5,0.5151515151515151,-0.09090909090909094,-0.3548387096774195,-0.33333333333333326,1.0,1,1,0,1,1,1,1,1
1357,0.455213563268573,1.0,-0.5,0.5454545454545454,0.45454545454545436,0.9999999999999998,1.0,1.0,1,0,0,1,0,0,1,0
1389,-0.4543403914720222,0.3333333333333335,0.5,-0.6969696969696968,-0.4545454545454546,0.9354838709677418,1.0,1.0,1,0,0,1,0,1,1,1
737,-0.41868587644619093,-0.33333333333333326,0.5,-0.33333333333333326,-0.4181818181818182,-0.3548387096774195,-0.33333333333333326,1.0,-1,0,0,0,1,1,0,1
172,0.7158553445390379,0.3333333333333335,0.0,-0.9999999999999999,0.709090909090909,0.41935483870967727,0.3333333333333335,-1.0,1,1,0,0,0,0,0,0
1607,-0.8173615658880886,1.0,-0.5,0.8484848484848486,-0.8181818181818182,0.9999999999999998,1.0,1.0,1,1,0,1,1,0,1,0
1015,0.31325038201266087,1.0,-0.5,-0.2727272727272725,0.3090909090909091,0.29032258064516125,0.3333333333333335,1.0,1,0,0,1,1,1,1,1
334,-0.37990249581605195,1.0,-0.5,0.7878787878787881,-0.38181818181818183,-0.3548387096774195,-0.33333333333333326,0.0,-1,0,0,0,1,1,0,1
2052,-0.16393800480244503,1.0,0.5,-0.8484848484848484,-0.1636363636363637,0.29032258064516125,0.3333333333333335,0.0,-1,0,0,0,0,1,0,1
1075,-0.340245943389362,1.0,-0.5,0.18181818181818188,-0.34545454545454546,-0.29032258064516125,-0.33333333333333326,1.0,1,0,0,1,1,1,1,1
412,-0.8186713235829151,-0.33333333333333326,-0.5,-0.3939393939393938,-0.8181818181818182,0.9999999999999998,1.0,0.0,-1,0,0,0,0,0,0,0
553,0.8210725460234298,-0.33333333333333326,0.0,0.18181818181818188,0.8181818181818181,0.29032258064516125,0.3333333333333335,1.0,1,1,0,1,1,1,1,1
755,-0.561231172233137,1.0,0.0,0.4242424242424243,-0.5636363636363637,0.29032258064516125,0.3333333333333335,1.0,1,0,0,1,1,1,1,1
3277,0.02364840282325531,1.0,1.0,0.8181818181818183,0.018181818181818077,-0.29032258064516125,-0.33333333333333326,1.0,-1,1,0,1,1,1,0,1
3255,0.23568362075238292,0.3333333333333335,0.0,0.21212121212121238,0.23636363636363633,0.9354838709677418,1.0,1.0,1,1,0,1,0,1,1,1
556,-0.5539547405952122,1.0,-0.5,-0.8484848484848484,-0.5636363636363637,0.29032258064516125,0.3333333333333335,1.0,1,0,0,1,1,1,1,1
1022,-0.050061849668922465,1.0,0.5,-0.4242424242424241,-0.054545454545454564,-0.29032258064516125,-0.33333333333333326,1.0,1,0,0,1,1,1,1,1
861,-0.6013243105581024,0.3333333333333335,0.5,-0.030303030303030276,-0.6000000000000001,0.29032258064516125,0.3333333333333335,1.0,1,0,0,1,1,1,1,1
1914,0.9662373572000287,1.0,0.5,-0.5454545454545454,0.9636363636363636,-0.3548387096774195,-0.33333333333333326,1.0,1,1,0,1,1,1,1,1
274,0.8448300953212542,-0.9999999999999999,-0.5,-0.3939393939393938,0.8181818181818181,0.29032258064516125,0.3333333333333335,0.0,1,0,0,1,0,1,1,0
2003,0.19915593393000064,-0.33333333333333326,0.5,-0.8787878787878787,0.19999999999999996,-0.935483870967742,-0.9999999999999999,0.0,-1,0,0,0,1,1,0,1
1190,-0.562104344029688,1.0,0.5,-0.6666666666666665,-0.5636363636363637,0.29032258064516125,0.3333333333333335,1.0,1,0,0,1,1,1,1,1
1610,0.38608746270828775,0.3333333333333335,-0.5,0.060606060606060774,0.38181818181818183,-0.3548387096774195,-0.33333333333333326,1.0,1,1,0,1,1,1,1,1
2067,0.4930510077857817,1.0,0.5,-0.8181818181818181,0.49090909090909074,-0.935483870967742,-0.9999999999999999,1.0,1,0,0,1,1,1,1,0
2848,-0.41868587644619093,1.0,1.0,0.3030303030303032,-0.4181818181818182,-0.3548387096774195,-0.33333333333333326,0.0,1,1,0,1,1,1,1,1
2095,0.4174488830677434,0.3333333333333335,0.0,-0.15151515151515138,0.4181818181818182,0.41935483870967727,0.3333333333333335,1.0,1,0,0,1,1,1,1,1
130,0.7102524921778357,1.0,0.5,0.3030303030303032,0.709090909090909,0.41935483870967727,0.3333333333333335,-1.0,1,1,0,1,0,0,0,0
847,-0.08782652986975203,1.0,0.5,-0.2727272727272725,-0.09090909090909094,-0.3548387096774195,-0.33333333333333326,1.0,-1,0,0,0,1,1,0,1
573,0.9644182492905475,1.0,0.0,0.3333333333333335,0.9636363636363636,-0.3548387096774195,-0.33333333333333326,1.0,1,1,0,1,1,1,1,1
2148,-0.8917994615440589,-0.9999999999999999,-1.0,-0.030303030303030276,-0.8909090909090909,0.9354838709677418,1.0,-1.0,-1,0,0,0,0,0,0,0
1985,-0.41868587644619093,-0.33333333333333326,0.0,-0.09090909090909083,-0.4181818181818182,-0.3548387096774195,-0.33333333333333326,0.0,-1,0,0,0,1,1,0,1
