,PC_1,PC_2,PC_3,PC_4,PC_5,PC_6,PC_7,PC_8,PC_9,label,naive,MLP,logisticRegression,decisionTree,randomForest,xgb
575,0.18773245486745035,-1.0874188883335991,-0.9332272848792997,-0.6979032441256199,-0.3426419390413354,0.20111808611046622,-0.012948893212831002,0.06517307399380132,-0.0020215674629342063,1,0,0,0,0,0,0
1428,-0.732866421358653,-0.08412375444400111,-0.21678381454487308,-0.18461744333312424,-0.2691733340923769,-0.15440329087297025,-0.06738131479196437,-0.06724630537082514,0.0018003087813459864,0,0,1,1,0,0,0
1386,0.8600417789583197,1.2952594804625768,0.2121463576689695,-0.4831791326683937,-0.3122841441307416,0.8270454458090792,-0.1196343048150561,0.09344103213066085,-0.0021572520789641734,0,0,1,0,1,1,1
1967,1.4938518710516628,-0.33828451412458604,0.14085849652130067,0.8500564794140157,-0.42511306420776135,1.1682159538065093,-0.08329122254865849,-0.10032771389850582,0.009082529012498045,0,0,0,0,0,0,0
2243,0.7151163336901957,-1.5810156495883054,0.7486933495476144,-0.21741831055286745,-0.09480735736004155,-0.5975107738984154,0.016118989408887757,-0.04277854064598392,-0.0037096498128181736,1,0,0,1,0,0,0
1196,-0.1875967190080344,-0.8022062859148549,-1.3205093062971078,0.5038320771679703,-0.19464802644598975,-0.3374174846361689,-0.06111616321403705,-0.06419704479240167,0.0004920970128482087,0,0,0,1,0,0,0
419,2.0734872825283617,0.39761407152732975,0.09955554137254545,-0.20636199504763628,-0.43542335497858253,0.4064664164151082,-0.07132051921189893,-0.016179446196504584,-0.0017126648683488458,0,0,1,1,1,1,1
1826,-0.4782652018845724,-0.8006784403970897,-0.5230554224383607,-0.21930041505760692,1.186633402223108,0.5181122560229244,-0.06009037157801407,-0.08800814595310844,-0.003905006600314906,0,0,0,0,0,0,0
1260,-0.2914827950501487,-0.7607820976067556,-0.6425010197425683,-0.19515071630631506,1.1511907553613374,0.4835542082565544,-0.07985361439372235,0.11663192039975112,0.006005116262017783,1,0,0,0,0,0,0
3072,-0.32033714087851833,1.2934671923393877,-0.5181215018015497,1.0111764533530272,0.9527149454523606,-0.4766279538933973,-0.06938669781463637,0.09275721629114547,-0.0005843319066778234,1,0,1,1,1,1,1
1642,1.5085217358684229,0.7177450974522588,-0.8248377102069827,-0.9471740051248598,-0.21121650749842183,0.04848373242194081,-0.01080510098570738,0.039026083366763914,-0.0004267521988018222,1,0,1,1,1,0,1
3189,-0.3792843317576287,-0.3191583187746832,-0.6374969492348078,0.0046786199363617635,0.0990215177222653,-0.0661862027614629,0.08822647004054522,0.025332634388628022,0.0005391971608107753,1,0,0,0,0,0,0
928,0.6066060445528777,1.4701947804704465,-0.2836387555744207,-0.27597470483602027,0.28678500226524273,-0.18157403646975842,-0.10802924810808474,0.09208362313787308,0.00046964648882131843,0,0,1,1,1,1,1
610,0.2802425912649243,0.5645029789611068,-0.8882866185800327,0.4882237248885947,0.9671158337094841,-0.12633585748196594,-0.123304334929965,0.11234483702014796,-0.0008854152805954341,0,0,0,0,1,0,1
1575,-0.6626463497860597,0.6568200989302121,0.02236479748210198,-0.11766532801324134,-0.20558511120667997,-0.2780591542197741,0.044988314147719435,-0.050075282521255496,0.0021752234341580203,0,0,1,1,1,1,1
185,1.0416688448246956,-1.8076950765021464,0.35688717891341015,-0.03030018618830583,0.2752824226670976,-0.5149043766207125,0.0024973247964708745,0.010562720367664376,0.0009631313291077,0,0,0,0,0,0,0
2782,1.4060268299734338,0.9889038221631248,0.46379667785577294,0.2993630051218701,-0.4508950725012077,0.08740392113705445,-0.013622527286464138,-0.013848999871787955,1.8280696085115287e-05,0,0,1,1,1,1,1
449,0.11626323041790858,-0.45008433904550144,-0.06703224170506954,1.6230139307806268,0.6127218895175829,0.1309812719216636,-0.08755138608813835,-0.028667619518242118,-0.002939315557496143,0,0,0,0,0,0,0
1198,-0.9114529881713687,0.05375958013497026,-0.38817247633188434,0.33031459164949156,-0.42536488596997524,-0.4683950742364276,-0.056559211881099886,-0.10117867817718713,0.0008050295482165544,0,0,1,1,0,0,0
1356,-0.6002830796137726,0.07297522196376768,0.42582482812857825,-0.20231512634892365,-0.3477393253547919,0.9213000106500505,0.1963777678357355,-0.0070731331135190575,0.00036966127302597853,0,0,0,0,0,0,0
399,0.4658778349940816,-0.9567499648482591,-0.6651336208501284,0.6179726930674889,-0.5951484392838219,-0.8950376239859783,0.0045823776369272725,0.08259798878195561,-0.00014968136229614304,0,0,1,1,0,0,0
3168,-0.3643061050241151,-0.7018921852420303,-0.5681507071882104,-0.1994780933856047,1.174587783311261,0.48789338621966766,-0.024467581698703812,-0.020928828856984764,0.00033978676985881837,1,0,0,0,0,0,0
1781,-0.05980700034358315,-0.8847661785030079,-1.395896637528429,0.3387757358046567,-0.6772862544412193,-0.4160399832948597,0.3281716868378786,0.18941871441528985,-0.001489444690533728,0,0,1,1,0,0,0
2995,1.4497532812775347,-0.4455176727718471,-0.140479822952073,0.18920255314612702,-0.6030093563173438,0.3153947365612258,0.06849575744372005,0.14488070928087388,0.010092176560219322,1,0,1,1,0,0,0
411,2.16132388576138,0.3361755837912254,0.011083811486548039,-0.20061767227873428,-0.46052665419728156,0.4033649582406426,-0.06440849916057272,0.14180040907475597,-0.0016637908070919459,0,0,1,1,1,1,1
2878,1.2683298092325723,-0.43970667728710655,-0.3956957457424668,-0.13265028571756968,0.16802926908505036,-0.3643693728834736,-0.04491867826651067,0.06817642784135139,-0.001813106947307141,0,0,0,1,0,0,0
3264,-0.6428244939160443,-0.12402546921543779,-0.663555315716419,0.34056913382940585,-0.4879693986824755,-0.4639003389092851,0.18613526480305254,-0.128553246287465,6.029843027611087e-07,0,0,1,1,0,0,0
2071,-1.2879158939201347,-0.048182569344342,-0.15674799289257638,0.28762401714254787,-0.3616761455386008,-0.3974537632525892,0.03692364159914383,0.0036257986551480018,-0.0013598444347866008,1,0,1,1,1,1,1
680,-1.0759870159568463,-0.8160890791574242,-0.2570701720989109,-0.2747712610877705,-0.27772352290043445,0.00939045127687047,-0.0555291783519265,0.06505174502781223,-0.0006686158230170655,0,0,0,0,0,0,0
865,-0.09779167675868737,0.09786402775503075,-0.7990884475879497,0.4124961666893651,0.9960280775436752,0.0029592869334874898,-0.08588446431187244,-0.00418444152706707,-0.000377674274567113,0,0,0,0,0,0,0
444,0.02960392204183503,0.40689835025600474,0.9090410297791669,-0.3580246820690004,0.037507177030921275,-0.42340334872170154,-0.05029758055273723,-0.10898494100554817,-0.0018071771761832855,0,0,1,1,1,1,1
211,0.11031710864551847,-1.1835571160494738,1.4117785060594934,-0.41684091595320594,-0.394380911092857,-0.670408739334472,0.02558582550171126,-0.07725140376532767,0.00819845594007928,0,0,1,1,0,0,0
569,-1.4461085331858137,-0.5612115040604773,0.11455665672826636,-0.29170402387719185,-0.17874346079183961,0.019301543910929114,-0.0663588578598622,-0.09660804469161109,-0.0008408569341008336,0,0,0,0,0,0,0
1243,0.022051481813156,1.2051055512284374,0.03501439171093096,-0.3537702124607081,0.37593750321225666,-0.05537059508526708,-0.023923635701767927,0.060676176711075766,0.0015657733124692997,0,0,1,0,1,1,1
780,-0.43991200682296727,-0.6006173859197295,-0.27956697705692685,-0.7204254138502797,-0.17206293503116246,0.20593258974578682,-0.07540125375593744,-0.09830876265293519,0.0011724546499698866,0,0,0,0,0,0,0
779,-1.1985574115638968,-0.07906621304545236,0.4802128844281397,-0.7481285591409726,0.02627401756304994,0.2255917370906421,-0.02316325290826323,0.046615850969905934,-0.0006158508528846542,0,0,0,0,0,0,0
2076,0.5582683415206854,-1.467828989658763,0.7167903427739705,0.299576835649148,1.3163902204875144,-0.32135922908622233,0.021147683287841917,0.07778390447293965,-0.0011572147377094174,1,0,0,0,0,0,0
1744,-0.12219678577189867,0.22733074122189226,-0.5399234422041805,-0.10082420742888364,-0.3556384020777592,-0.28623430616229456,-0.042285553639211014,-0.03951883015402673,-0.00048299665960848125,1,0,1,1,1,1,0
144,0.9950252436585882,-1.7783647832239475,0.46577054238922777,-0.2067711367445702,-0.1686509380515651,-0.6034279490153929,0.01876031215689772,-0.03907121162159065,0.0010877373965388149,0,0,0,1,0,0,0
898,0.04590392555462654,0.584972424013303,-0.17008287146750045,-0.575231144678354,-0.14420035907402928,-0.04294603970360353,0.1260525373750693,0.09872833632807244,-0.0003713056489758929,0,0,1,1,1,1,1
1429,-0.1906653313735655,-0.029595637390126214,0.03310801814884559,0.0035073858227917054,0.010286939001956796,0.9579353206175545,-0.11568587883254848,0.05739943049376761,0.00030570243273717615,0,0,0,0,0,0,0
2033,-0.05459515153425531,0.8530727339745213,1.1219829807350716,0.6716590497391112,-0.38949845992886173,-0.012389651277415845,-0.05090885068323891,0.052025601156381794,-0.0015917978238994043,0,0,1,1,1,1,1
1150,-1.7907924639547077,0.2963752089674135,0.344590818918866,0.2691642686641525,-0.22894074835715714,-0.3817100585583572,0.12427795991640289,0.1059096844742509,-0.0006833816609864077,1,0,1,1,1,1,1
1282,-0.5896165134439031,0.11938878499007666,-0.07706772651414974,-0.15288263671696573,1.2992097483378207,0.38497567874924193,-0.02704401051165075,0.06394601574404847,-0.0009878375104815972,0,0,0,0,0,0,0
1206,-0.08024468799120428,0.8021845768591876,-0.3426066927172164,-0.04847619271345953,-0.30713600463536966,-0.38476940185358477,-0.02427049582616766,0.07085777636267171,0.0007485989593673413,1,0,1,1,1,1,1
1172,-0.47419858570324624,-0.2562194980152263,-0.4755808667864864,-0.17471160799816093,-0.3347034686044374,-0.15925525434341228,-0.027201084886303486,-0.1100444466698419,-0.0014830128380294222,1,0,1,1,0,0,0
258,0.2222775311250489,-0.289516575552117,1.9791228687928202,-0.6791876475097866,0.33307187206583877,-0.4247819141322358,-0.014662097822515397,0.04731218037475522,-0.003914810838868992,0,0,0,1,0,0,0
393,-0.07251817732773205,0.3178637602969915,0.9222634138023686,0.6247809644967864,-0.438182548424278,0.07735485962220592,-0.051660627440545406,-0.05879576317287961,0.001264680880451896,1,0,1,1,1,1,1
960,0.5682246834821495,0.6797176772237611,-1.2242319290904629,0.5199283721793533,-0.6439311456051351,-0.7631144755814862,0.048696953988739675,-0.2241505783868744,-5.242419547061615e-05,0,0,1,1,1,1,1
877,0.8024820285425206,-0.3694736613795862,-0.7421474231954359,-1.1035379432386399,-0.182263026607985,0.3211880323413677,0.018093037651673693,-0.011928772932364981,-0.0027782782446288522,1,0,0,0,0,0,0
947,0.791235267947676,-0.04683105494007621,-0.9627705451348179,-0.5566644279639534,-0.3527678194598059,-0.04509479405788668,0.044583077118799753,0.022294759126693833,-0.0010832395877718843,0,0,1,1,0,0,0
1944,-0.7123895325668391,0.6360255383603886,0.04878297906188357,-0.12488025189850768,-0.19618303227512934,-0.26537330948919174,0.08932289362746304,-0.09702006804397653,-0.0015357133662564169,1,0,1,1,1,1,1
1950,0.7838574646076945,0.6893719936818511,0.7986604295872324,0.21501069910820683,-0.3596061655206237,0.22098946791404742,9.83695278275681e-05,-0.06554460958047624,-0.00027398159834209616,0,0,1,1,1,1,1
2501,0.8196146011032234,0.5262070776824033,1.4471574364275646,0.1371614478378386,0.5522696876737154,-0.862173916231314,-0.02946692781025752,-0.06483334827137958,-0.0003888056838983459,0,0,1,1,1,1,1
3087,0.09911239931817532,-0.6257029622294439,-1.594334325187878,0.8947711696642854,0.6852021670029292,-0.21336246347162682,0.14429267930234946,0.09554869188314724,0.0003518781567846149,0,0,0,0,0,0,0
1387,-1.0840331893163233,0.9604555837998954,0.09854189284619931,0.3888892185431051,-0.30254964490373765,-0.5925253853425088,-0.06528224743484128,-0.015720338638912496,-0.0009800787926034118,0,0,1,1,1,1,1
820,-0.2924631905173544,-0.5821077938030914,-0.960178456874032,1.3356421578322841,0.48664232922418404,0.6226020197475823,0.10758428435920604,-0.11728135467134763,-0.0027481672939843847,1,0,0,0,0,0,0
1115,0.013500863425248918,1.2079025479317302,0.10647543152381987,-0.5276921425729741,-0.07959020043535434,-0.14652146328323445,-0.03045049627402764,0.0796618007173632,0.0011639673695215075,1,0,1,1,1,1,1
1998,0.029773894557219356,0.2561850382923531,0.633545086756419,1.151732779163608,0.904351577986023,0.34421942366342834,-0.10417460288020816,0.022427390310872517,0.0008689230748991858,0,0,0,0,1,1,0
1691,-0.6862654824413076,0.6737182859001521,0.04926268304198678,-0.11901946269531612,-0.20115420103431852,-0.28143276481938745,-0.041451069729194545,-0.09221482937039241,0.0003556520944518774,1,0,1,1,1,1,1
1458,-1.634287934865279,0.06709276944727016,0.14529116974791378,0.26385137441570744,-0.2854961572483134,-0.3736204334756121,-0.057489684084208056,-0.01981508882255358,-0.002133558317088322,0,0,1,1,0,1,1
2714,0.03826114705970249,-0.7580474603795225,0.38742275149101146,1.5480230706166545,-1.0538424745997006,0.7090537889058097,-0.03643566176485429,0.018520677891223938,-0.0013477502060119562,0,0,1,1,0,0,0
1971,0.9727585677727894,0.15530077060124511,0.08599319672519076,0.7096578450840251,-0.6491778320110493,-0.02586394084469955,0.17917342162903668,-0.12167408937737573,-0.0012756350659913892,0,0,1,1,0,0,0
920,-1.301881474664837,-0.04156947963923699,-0.14406713280865052,0.28648318821258184,-0.3579213120765509,-0.396275576889574,0.03983906877766348,-0.019091331184090888,0.0013614576039879022,1,0,1,1,0,0,1
1176,-0.9564918459153974,-0.30720713076487766,0.21122059049383715,-0.7440258219301519,-0.041879950882341636,0.23197654795021283,0.020211126887911098,0.02610436470917553,0.0018075130131355618,0,0,0,0,0,0,0
1903,-0.4348915819309215,-0.6660737346994486,-0.37465685287988826,-0.5513457912508865,0.2783938716829811,0.30924145119609625,-0.028487355573972962,-0.07371543661451219,0.005793658228232602,0,0,0,0,0,0,0
1874,-0.7327774244426667,-0.0818047546957827,-0.21803469247603993,-0.18456241181437422,-0.26725932330646424,-0.15182872784490933,-0.007318582779838145,-0.06936936292652862,0.000850928559026458,0,0,1,1,0,0,0
311,0.2709800831201033,0.36041598242689976,1.0448424920578825,0.141232026792412,-0.2965594101258894,0.33957398972146147,-0.05717759113134391,0.043640802802341054,0.009843676518810998,1,0,1,1,1,1,1
1956,0.48937663549303995,-1.1978201961313362,-0.5126518801203983,1.2518994312481522,-0.4466818892293224,0.022965162481713878,0.025753306223448975,0.07881041117514515,-0.0007047027219212598,0,0,1,1,0,0,0
1530,-0.9947497758158952,-0.16220330231900307,0.6415693643646999,-1.2571089038510885,0.19385090306143177,0.546118633826877,0.34689531505248555,0.06725543561770243,-0.002560466030892535,0,0,0,0,0,0,0
430,1.6019227197006998,0.13156368815956232,-0.0835070480768727,0.4200809809143616,-0.11629915109686395,0.291095300454705,-0.026557496328723278,-0.13970969983336398,0.0004223016470720809,0,0,0,0,0,0,0
1313,-0.4891989039693731,-0.8263994177007837,-0.33323285055542573,-0.7417808125852193,-0.1865184053577046,0.2482963091127621,-0.06889621148338083,0.013697215790101313,0.015133477582364368,0,0,0,0,0,0,0
281,-0.12184876472260012,-0.8115386448640229,0.8647836020296273,0.007149450464038928,-0.3358835302547927,0.5842862735669669,-0.021957100203959485,-0.048535342807169445,0.0005553064571846948,0,0,0,0,0,0,0
2072,0.6304598100505607,0.7932163833321716,-0.6970465641536374,0.018392597999870787,1.1280207833101559,0.10633080202464172,-0.12624958723105562,0.07964066069560378,0.001028329663690128,1,0,0,0,1,1,1
586,-0.3668022624789842,-0.33164111013442976,-0.6480725579616443,0.005426648073764075,0.09226504052965154,-0.07092269721215458,-0.010192284552114385,0.05141553562971353,0.001958118854776077,1,0,0,0,0,0,0
647,-0.27332819018482774,0.8033102027796125,0.1523952191176521,-0.5887639074859257,-0.061848519557539644,-0.038165180756238565,0.04829867963531439,0.02985394002450637,-0.0009676124795293054,1,0,1,1,1,1,1
1876,0.010310001003256518,0.6671639454214726,-0.10589813433235602,-0.5732576160003793,-0.13219679900272926,-0.058456824029571676,-0.03862462796987431,-0.00827735421792915,-0.00014539867395068132,1,0,1,1,1,1,1
1134,-0.07391635278893244,1.2721181265120247,0.1937129322826582,-0.5333075388877578,-0.052652977621229724,-0.14107231244854024,0.020512726207379393,-0.0803612999391145,-0.0004537100655422878,0,0,1,1,1,1,1
2027,-0.2201185106972385,-0.9390669931772517,0.8830669137781693,-0.013105893747125133,-0.3270952043137691,0.6223045971024473,0.0579051806400515,-0.07456131032229557,0.013299664327365145,1,0,0,0,0,0,0
1622,-0.8946790336649924,-0.9345674116510869,-0.4423272750033455,-0.27019116621003303,-0.3178599736460269,0.013214218753556575,0.09818058003598283,-0.11739686729081018,-0.0014746873225445776,0,0,0,0,0,0,0
1132,0.42202270960821914,0.4059811981458471,-1.0557437594822692,0.4857719772505423,0.9269803267330827,-0.11735564159233737,-0.10875934097179003,-0.08797426561875343,0.0015575898188721537,0,0,0,0,1,0,1
2800,-0.07106545240587782,-1.176576122459705,0.35293320151179775,-0.49493831768679114,-0.10235833852677738,-0.15408890944279463,-0.026639096037484083,-0.0167405401619613,0.012566348161042816,1,0,0,0,0,0,0
1447,-0.968224095441476,1.2317282034702952,0.47366634902556853,-0.09742378609384655,-0.0907883335652606,-0.33020092915469507,0.06314555272548805,0.12357510456904883,-0.0006764255286770006,0,0,1,1,1,1,1
1604,0.6175428135411162,1.2090089159668702,-0.04193703601142904,-0.8187988631305847,0.4669252842138921,0.18013577680830023,-0.03561713524204389,0.00932743538449413,0.0002858211232825481,1,0,1,0,1,1,1
642,-1.2880296712662296,-0.04779920299832024,-0.15706311829057548,0.2876072268874943,-0.36117152889932524,-0.39672605663440424,0.05262501358814923,0.0030697740930339143,-0.001339390609536537,0,0,1,1,1,1,1
2712,1.6436552259033919,0.2269479444006535,-0.07461134601612254,0.4315709761749617,-0.11573946794707708,0.26811193363601943,-0.07040227839101473,-0.16038515047628837,-0.002607662046912774,0,0,0,0,1,1,0
220,0.7737708386854208,0.5568361359376997,1.5559725982343364,-0.039127574921442775,0.10830974571523695,-0.9510189040647401,-0.013257193784600912,-0.11445942726196891,-0.0018313934482789666,0,0,1,1,1,1,1
164,0.5326650326979177,-1.4534112774977868,0.7434335146676585,0.29778325029461505,1.3215406670109542,-0.32304549982186453,-0.044679017846334504,0.0349007162203587,0.0006467446905013445,0,0,0,0,0,0,0
1256,-0.19112373347235287,-0.3347623641992149,-0.5472957810504966,-0.15405602032280577,1.1774983031942108,0.40355995435376407,-0.07157172946735184,-0.08560975596989129,-0.0010741397454685925,0,0,0,0,0,0,0
2059,0.09279763364633123,0.030280837005339536,0.6790113604337814,0.6156149066464539,-0.49151226041420604,0.11341381134270251,0.18009448622643393,-0.1315331442072635,-0.0003555342339952514,0,0,1,1,0,0,0
1111,-0.44448382367024,0.79053966176253,0.22518880266016286,1.3924100655577831,-1.005900599398006,0.925946812021427,-0.09848676534017464,0.04549262697938565,-0.002054127123782455,0,0,1,1,1,1,1
1073,0.33948498752082745,-0.3209387677466439,-1.2850592733295259,0.41812961577354957,0.8712663419487764,0.012500134520565016,-0.08752464007613187,-0.13247106796339247,-0.0010125091452486217,0,0,0,0,0,0,0
1870,-1.2481379193139484,-0.0668702190408842,-0.3815704898914436,0.8105040495226746,0.9976696551358566,-0.1299786640752329,-0.05537894265505991,-0.026759820846997556,-0.0017845313589033504,0,0,0,0,0,0,0
593,0.525985882541353,1.0646557133129084,0.33663158011306493,0.4631973838472835,-0.7536270487018392,1.3858341686121132,-0.07752218788026133,-0.03964805884556573,0.0009960538398236934,1,0,1,0,1,1,1
1345,0.3729151377064969,1.8711323910230058,0.7921848462900225,-0.48381766182675157,-0.15615470096272846,0.8067265543295814,0.006356523909719256,0.0368528745175895,0.00048237036127808924,0,0,1,0,1,1,1
808,-0.11001837069322186,0.27864032111434206,-0.5307505336026992,-0.09598817876642096,-0.35070964652767395,-0.29275494782861705,0.022433221440865077,-0.06423979718252008,0.0016059559745333365,1,0,1,1,1,1,0
2044,0.0027590024479347062,0.2652403997094737,0.8463991019741827,0.6297029966715241,-0.459649379792238,0.07476897882781157,-0.044171484230787816,0.07656013658301945,0.0013086110431490157,0,0,1,1,1,1,0
1411,-0.6824529521393617,-0.11552444957658815,-0.26927217605055526,-0.18123111473920236,-0.28057396180114513,-0.1522454185133901,0.029038488546264424,0.019759954551528604,0.00020173709886375245,1,0,1,1,0,0,0
1510,-0.5082190246797353,0.650986547928278,0.6151591184180919,-1.1446142439821962,0.1767974860325887,0.3409716909100596,0.17679116697150066,0.05413123886640958,-0.0018425995467404278,0,0,0,0,1,1,1
1655,0.7256548090568885,0.2567098742890966,-1.2138465641888878,0.15590740372046574,-0.057667339465207364,-0.3108498426546818,0.029161703710794868,-0.0287397104057943,-0.0003575863758381429,1,0,1,1,1,0,0
160,1.041600305463537,-1.8074641369931148,0.35669734768421535,-0.030310300621403087,0.2755864032332915,-0.5144660068710815,0.011955815808758744,0.010227771719415671,0.0009754526932808502,0,0,0,0,0,0,0
1275,0.2913072486066806,1.6913160512263627,-0.09173814990003948,0.05738450265731779,1.2843341741828393,0.006929401714398336,-0.1569067938226764,-0.03792957380470894,0.001668109041402009,0,0,0,0,1,1,1
883,-0.6426871569095101,-0.12645237088279657,-0.6620519105605097,0.34055797720549935,-0.4903100476958986,-0.4671365630461643,0.11292435189436728,-0.12596360078082966,0.0006759497170016194,1,0,1,1,0,0,0
2479,1.7039907011128077,-0.5550080840846512,0.10938645983623041,0.3984795285073658,-0.6197567010003127,-1.2603064652198708,0.04254458042797467,0.22356084367610626,-0.0012220581272032983,0,0,1,1,0,0,0
1146,-1.031373424760528,0.2622220282159976,-0.2828666865841224,0.5117749454237721,0.07482996112831221,-0.3936890041808403,-0.011200243492191553,0.055843296026647726,-0.0012172367109786226,1,0,1,1,1,1,0
1096,-0.1770596462234828,-0.1696726343853499,-0.3042959171362819,-0.6606285700734608,-0.17651540331446655,0.1063925081585294,0.03663863143405322,-0.10044547066756015,-0.0013914087405839054,1,0,0,0,0,0,0
874,-0.42980787716821145,0.29144957708714136,0.42447614678587847,-1.1677281360762848,0.11960512573017928,0.37596529246558846,-0.09966009801288317,-0.06878743622544733,-0.0032300236458694593,0,0,0,0,1,1,0
663,-0.20479205977583184,-0.228163767229308,0.053605294673907136,-1.1857995264269585,0.021925095018293737,0.42833042765447216,-0.0856114657374845,0.11426752585401043,-0.0025215606094722964,0,0,0,0,0,0,0
1056,-0.7665717842363464,0.4268219916334829,0.00974767748968122,-0.14538960202496284,-0.21138375655270894,-0.23119356373966204,-0.03342635531343802,-0.0029902095291421365,-0.0009280226069743427,1,0,1,1,1,1,1
2068,0.2587536555844577,0.9756478631786563,-0.13146112937310483,-0.6099185864592723,-0.3800326301843737,-0.19007692462735098,-0.07428001662476647,0.08292173014786404,0.0021495438916745084,0,0,1,1,1,1,1
2753,0.5359736474078127,0.8609661869520809,0.9865670805299005,0.37951349735337686,0.1602039781713552,0.31449689698627914,-0.07047470011223055,-0.04041000068490078,-0.0004905332392586185,0,0,1,0,1,1,1
1793,-1.574302560903475,0.15475600797726885,0.11751727495673786,0.2757611447398449,-0.2734169926865797,-0.36959702760732793,0.4796832032212894,-0.01587854138321056,0.0007942422008158315,0,0,1,1,0,1,1
878,1.433917724877607,0.7686240277798929,-0.7474084187463418,-0.9519883173723913,-0.19227351854091437,0.04739285966599912,-0.0967232410243305,-0.09355166832567884,-0.0007783745765430049,0,0,1,1,1,0,1
984,-0.1242584918128795,1.726218360488532,0.41047769152134794,-0.4999025521639704,0.0018577518915226727,-0.20750543566597895,0.03710317845824942,0.0069081145145343,0.0028575306386764256,0,0,1,1,1,1,1
968,-1.2496809925497607,-0.06638488656505644,-0.3831490238086083,0.8102009197608615,1.0003576746302925,-0.1257681463027424,0.027346606221459607,-0.029696381118064913,0.00017295403279532829,1,0,0,0,0,0,0
1039,-0.7390352886848371,0.4171876082824443,-0.20233548611835012,0.3767360082558898,1.15134275069119,0.03633546600387651,-0.13285622684457635,-0.055724995798454795,-0.0018815010907081914,0,0,0,0,1,1,1
1242,-0.33754406298562034,-0.8622396829340447,-0.10170629201385664,-1.2526764854864223,-0.013510378043952226,0.5502421193583492,-0.0851378054083301,-0.06494254259707564,-0.0026801079300557036,0,0,0,0,0,0,0
2345,1.203721330395183,-1.77801501859982,0.579919444724185,0.46516292421113914,-0.03316966928390557,0.24883483071549456,0.013022070985187957,0.004412347714188861,-0.004436056656621755,0,0,0,0,0,0,0
1667,-0.16183688748967373,0.13471700804115264,-0.5486390166096026,-0.11184830610344461,-0.3568204468013293,-0.26484455065894386,-0.01590295974459719,-0.018210326718016315,-0.001329365304056334,1,0,1,1,0,0,0
682,-0.7267695806384415,0.5205917970700721,0.017938929818089866,-0.13431434799640912,-0.20941998372547,-0.25157664894632065,-0.03515529950016946,-0.025169216523901965,-0.0007174928936311078,0,0,1,1,1,1,1
1069,1.209014661271237,0.3993977215692694,-1.2758340359288727,0.041908986306769,0.9761953219259398,0.09109461719394908,-0.13124721340941609,0.11006847207198038,-0.0013563953439905407,0,0,0,0,1,1,1
1314,0.08667614648331133,0.626220741639368,-0.5353678362587823,-0.0492759420834594,-0.35441056768600315,-0.3766458359880328,-0.006663280619479202,-0.08436233954016807,0.0031042222940498654,1,0,1,1,1,1,1
192,2.3448567369841453,0.008729146867308458,0.5785210548536179,-0.5405194041503645,-0.27462627142900636,-0.8043541123604863,0.000967454942987965,0.001387344706391825,-0.00107112883810213,0,0,1,1,0,0,0
1239,0.7641999192821263,0.041418563993408916,-1.2603661392681345,-0.02766916222746756,-0.5493233854142643,-0.37891889070627793,-0.05085024819192382,0.2183349356006584,-0.00020101883428064494,0,0,1,1,0,0,0
270,0.5282660208431808,0.18446513898449135,0.7870844940542852,0.15079776488843616,-0.36346400616132923,0.33334320908681714,-0.061413499093938485,0.0024028303011744416,0.00984226843159002,0,0,1,1,0,0,0
1182,0.21133425417462612,-1.4183189025505898,-0.7257027902590176,-1.2439867250072725,-0.1749825785078924,0.5680353672443645,-0.015428003735548668,0.05270257783844159,-0.0036282507872117576,1,0,0,0,0,0,0
658,-0.7099312678236701,-0.3648339091115068,0.36580582037954884,-1.2455570529582858,0.10816015582498968,0.5223184838244671,-0.016911280129241642,0.08395642060524522,-0.0026592194736861745,1,0,0,0,0,0,0
1658,-0.1547215883114689,-0.474072956771005,-0.7981294015510632,-0.16112175865059086,-0.4169870270440221,-0.16403045928601953,0.052931085044187254,-0.041252315857482964,-0.0013974191318326308,1,0,1,1,0,0,0
1005,-0.629176698597664,-0.13912667375516427,-0.6716509360098768,0.3415101385821151,-0.4987416538487809,-0.474520792516696,-0.03698249805852241,-0.09805248713991871,0.0007432707777455147,1,0,1,1,0,0,0
106,0.8644180481290749,-1.4127682592578292,1.1784111766166487,1.2883838125426592,0.699464487155605,1.203577798267099,-0.07711035424240012,0.04705785773639486,0.00016338437258396328,1,0,0,0,0,0,0
1089,-1.01935356467411,-0.44192451279038886,0.20699447813850294,-0.7603965031999175,-0.046230595056350805,0.25730687839802535,-0.07486460163833963,0.051547822335052965,-0.003365424758536504,0,0,0,0,0,0,0
1663,0.24117551957901154,-0.9416365622360469,-0.915031979979583,-0.6816860655732336,-0.3372717854236621,0.1716198455437532,0.003762546265696608,0.01992034542622654,-0.001991759521129023,0,0,0,0,0,0,0
1406,-0.8260070569750122,1.2588226217489702,0.19609968405036723,0.4405480771316022,1.2491248311131666,-0.09000623761762803,-0.13464143531562298,0.1876956553134936,0.0007496942837191493,0,0,0,0,1,1,1
706,-0.7292874780649008,0.034338477276261,-0.005030994100963454,-0.17453132316819495,1.315963796866478,0.41294509734114637,-0.1424500276907401,-0.04552381952313839,-0.003035803267502956,0,0,0,0,0,0,0
2940,-0.2795837517390443,0.4586124893461056,1.12954373980625,0.618501831292811,-0.38574696079692183,0.08163417470346876,-0.04734158571501608,0.0728533379616134,0.0012889800799963352,1,0,1,1,1,1,1
1910,-0.059948264222125715,0.2430278842233559,-0.581120287641088,-0.09273841179997919,-0.36532030031491824,-0.2948457100949931,0.017931394799757062,0.026332326767785675,0.0019825422705641075,0,0,1,1,1,1,0
1037,0.16327872344912003,0.5733217217594543,-0.6099570304449956,-0.04409128248178744,-0.3780617429211296,-0.38267875936985773,-0.06632908070688302,0.053377944108757375,0.0014164750631577537,0,0,1,1,1,1,1
3086,-0.4574158657652737,-0.6133384516094743,-1.0524670766547821,0.49351495399550516,-0.12052926974599029,-0.3258087479559532,0.055830268078573206,-0.04954768925426893,-0.001009561286861879,1,0,1,1,0,0,0
2703,-0.7765265251310524,0.032710300130724526,0.9035190149426512,1.2310227310219988,-0.08044182944506993,-0.007921722578744315,-0.054422216354369786,0.04104711952607642,-0.0019324922587383915,1,0,1,1,0,1,1
349,-0.19784893323682368,0.8150747547707651,1.5684200094763905,0.134516495963049,-0.1615648801956263,0.32847405630827975,-0.06903626144989855,0.10463980291344467,-0.0013481296630415277,0,0,1,1,1,1,1
3309,-0.1196596305819579,0.7728908431886214,-0.33085779769140417,-0.055313304196099575,-0.29782380772638684,-0.36697413339343216,0.12844512370001998,0.04266770683532185,1.050555455072744e-05,1,0,1,1,1,1,1
1269,0.034540267014405254,-0.5325765619941641,0.06241216716482347,0.2883830166728525,-0.8211564802002665,1.7073352347861188,-0.1083520756598891,0.07247307775604009,-0.003883060992472364,0,0,0,0,0,0,0
915,-0.5998865341860072,0.6118226011818695,-0.040176658157238955,-0.11357613895184779,-0.22452550211197844,-0.2816559746519104,0.018312610024018593,0.0638853959860162,0.002580001150943068,0,0,1,1,1,1,1
1165,-0.3377068443607425,0.7259977952552038,0.1705467178713485,-0.6013932261105703,-0.05836777091206169,-0.019434100188100826,-0.005583196781259101,0.008796206156177643,-0.0015188822191026814,1,0,1,1,1,1,1
304,1.024598928823528,0.11464016525988649,0.04000237953245849,0.7131835149231578,-0.6708317312847795,-0.038176722745822005,-0.044304531186333124,-0.02334610765901365,-0.0015439719686967423,0,0,1,1,0,0,0
2769,0.538805543412167,-0.0981925549964555,0.2470758494786638,0.8236534505789805,-0.14203012569925177,0.15218250640210976,-0.060839752757166694,-0.0017745687548670068,0.0011803054873300387,1,0,1,1,0,0,0
1352,-1.3847379612034825,-0.6025755717818914,0.04876640634470044,-0.28783660636552877,-0.1924458732325615,0.023332652651826238,0.06974450334297828,0.011586657841393809,0.00018701846007923738,1,0,0,0,0,0,0
1154,0.3965831248113825,-0.7483423450615801,-0.9509699833343608,-0.6504449872286037,-0.34911426178937977,0.11803338204443749,-0.015908568361332903,0.06672691470162462,-7.250854239485736e-05,1,0,0,0,0,0,0
1565,-0.3220646526323279,-0.5472867777796813,-0.5362076962047954,-0.18380950991551423,1.1816126095077217,0.455727931159621,-0.06795545760149149,-0.08664642080118387,-0.0015128608348473538,0,0,0,0,0,0,0
2017,-0.28850207593417043,0.1548896152713663,0.6214511268878288,0.28701311993577355,0.3246109611896445,-0.565729653410931,-0.05120821676069606,-0.04970380343967428,-0.0001356200944350558,0,0,1,1,0,0,0
111,-0.3640312387766473,-0.842739786587267,1.8308027621361989,-0.2589359125134544,0.18631964573218815,-0.5720211614690592,0.0030965408103641747,0.0328204500544481,-0.003765836420900826,0,0,1,1,0,0,0
611,0.04495065464515182,0.5398224188671712,-0.6014281058221123,0.11319027959548073,0.10092821928903176,-0.267874941177093,-0.054131449221779884,-0.10178662920096268,-7.117986028633138e-05,1,0,1,1,1,1,1
1753,-0.3261331382300615,0.43710167811142775,-0.4973254263286682,0.4176259818230744,1.074556382092276,-0.020886286197097745,-0.09512078537415071,-0.05233442058964814,-0.001167886189156296,1,0,0,0,1,1,1
1112,0.11793070313885573,-0.37582335856499094,-0.5977074490054861,-0.6486507598945452,-0.2576775550664572,0.0940465112185883,-0.07421829999998253,-0.07010265163112285,-7.595089735278147e-05,0,0,0,0,0,0,0
2247,0.22328976038432727,-1.2509244365734735,1.2393833495132012,-0.23545029866802222,0.03152030180062472,-0.5855180148334524,0.014586404927018718,0.08524052634986194,0.0010699703358473481,0,0,0,1,0,0,0
1881,0.7279363374472889,0.2514049089500332,-1.1568570531419302,-0.0175288333964992,-0.5136728348273175,-0.3975991932858236,0.11935184556397824,0.00941681244150823,0.001376158519204563,0,0,1,1,1,1,0
1552,1.5189706288065872,0.7269455456762289,-1.0338602660519556,-0.4266227103743049,1.170612057395873,0.33920249078736375,0.37054601699747186,-0.05334569526358112,0.0012956214222630542,1,0,0,0,1,1,1
1347,0.31186410987239005,1.127972289754844,-0.14330312159919778,-0.5067582363532477,-0.14441446514011505,-0.17343131032575504,-0.03151999854496859,0.016081246968263324,-0.0011895904334456404,0,0,1,1,1,1,1
1656,-0.7763799261951312,-0.3148963758222836,0.3703798433864617,-1.0764993852937947,0.5848456457588437,0.6155353083430647,-0.027286665638250718,-0.07005019665717506,-0.0027246549701539532,0,0,0,0,0,0,0
1168,-1.249512813929009,-0.07654638192625492,-0.19286223950229608,0.2902062295501054,-0.37533842500492814,-0.4030075376879501,-0.05036320441054378,0.07452817960315099,-0.0016619884594809627,0,0,1,1,1,1,1
3077,-0.3364166827159377,-0.3444335578886568,-0.8039151928702314,0.3542647182269157,1.0000473928372589,0.1110998153593285,0.01437858650343404,0.03564601988632216,0.0011896145527911742,0,0,0,0,0,0,0
668,-0.47538706381649737,-0.7263836322525031,0.29473305711104153,0.39742913085037984,-0.28529439751993485,1.8980851021890608,-0.12943041769161384,0.04900550674343909,-0.0030258138394905682,0,0,0,0,1,0,0
1508,-0.41353840072982323,-0.3016061878970219,-0.5396700968931497,-0.17105167356644485,-0.3509115982711516,-0.15838284668340877,0.029692557879572007,0.0009456820434813595,0.001959353193686415,0,0,1,1,0,0,0
1419,-0.9176441501406505,-0.27233567319639596,0.19580429280137904,-0.7372137623219457,-0.04544412541643437,0.22221061155249955,0.047058194247539105,0.04794115176826634,0.0013408470688826032,1,0,0,0,0,0,0
1860,-0.02128039125856567,-0.4301845047404994,-0.5508704562896238,0.33193837768350853,-0.7160673659318334,0.6048432453654937,0.1269726110297198,-0.09488170646727367,-0.0007650455799937081,1,0,0,0,0,0,0
2410,2.3833169116231625,0.10615694396440074,0.5574729439958507,-0.44275049517059767,-0.04347852634215649,-0.7796822842139923,-0.009038801116112835,-0.04117324285137226,-0.001807962727631278,1,0,1,1,0,0,0
641,-0.9673937420019677,-0.26087939473890487,-0.6656987033658677,0.8213729453328347,0.9255470595853469,-0.1338502358387539,0.0020040662054362185,-0.024981835523919776,0.0006692535154703326,1,0,0,0,0,0,0
1229,0.20299053232514463,0.6093408472462042,-0.6253009454756633,-0.03708676258219763,-0.3818798453424155,-0.3930986080389498,-0.046596573301278865,0.07547274038658332,-0.000652273883634584,0,0,1,1,1,1,1
1047,-0.03340160909433438,-0.913147602414621,-1.4138796178714965,0.34050752338973794,-0.6959215455131339,-0.4330019787978662,-0.02777052733236595,0.24722096158446907,0.0005759441373390585,0,0,1,1,0,0,0
476,0.7533482906468705,0.6970683903436247,0.49575514554976413,-0.26276545011389985,-0.07556493699064591,-0.5693577898630012,-0.0412748675531346,0.07770977320458004,-0.0018043043988601574,1,0,1,1,1,1,1
2064,0.013939684273908006,-0.8042444423551115,-1.0787293939422384,0.8282304570294485,-0.9692896597236956,0.33918305340977933,0.06013272128388157,0.03489015232683607,-0.002512936231183371,0,0,1,1,0,0,0
2218,0.44491270817612144,-1.3971376234125799,1.0192643884150407,-0.22789272723913,-0.02452432524210463,-0.5909880205728435,0.012497301273071318,-0.023868959627915135,-0.0029020752665007386,0,0,0,1,0,0,0
1188,-0.5323341129858056,1.5633328831602844,0.2659610784602848,0.968814354722033,-0.6304474500113769,0.023974815532401873,-0.08854415661139342,0.027059941784364376,-0.0007206732535059308,0,0,1,1,1,1,1
1695,-0.0036548535872063153,-0.5055681742962982,0.0994767345463505,0.2858210185387024,-0.8089937072013089,1.7107729810252847,-0.06784990075471134,0.003226479934835382,-0.003384956660706164,0,0,0,0,0,0,0
637,-1.1530444304181169,0.34241747391732,-0.09690313741294844,0.33040415797224687,-0.34955240568261603,-0.48232455124710993,-0.06221613833698823,-0.12703060214107473,-0.0008547796498634293,0,0,1,1,1,1,1
34,0.5066060061353227,-1.442731741898583,0.9561648253629526,-0.2240279624490344,-0.042428535184575816,-0.5927935617816776,0.017250939144740646,0.08897246722025208,-0.0008121590959396163,0,0,0,1,0,0,0
1249,-0.11700973609164336,0.8283027207287015,-0.303827354926687,-0.05076430617755654,-0.2978526958030823,-0.38576256695766264,-0.072602985835395,0.004762903909136109,-0.0004104535300614701,0,0,1,1,1,1,1
891,0.7945000138849618,0.676310174832876,-0.7372224553687509,-0.32496906584217017,0.17352729277679585,-0.07658359533951463,-0.08921332483183143,-0.061174117705758486,0.0010820026649653379,1,0,1,0,1,1,1
1772,-1.4090463964878666,-0.5841404794577114,0.07420436386891427,-0.28930503167899513,-0.185650437364078,0.023424608095488395,0.056726162409955996,-0.03315408428102947,-0.001228622154161104,1,0,0,0,0,0,0
2186,0.4202284339772281,-1.3788765414869628,1.0444849505574845,-0.22943965951483766,-0.017331794910166527,-0.5902213206242465,0.01155564422829391,-0.06903951920082088,-0.003736791427254839,1,0,0,1,0,0,0
295,-0.24594841755533867,-0.33344046412361605,0.43344136446433884,1.0777729747590485,-0.6757134987233626,-0.11054273193653659,-0.029191342785140732,0.02133725014421175,-0.0017595055370013218,0,0,1,1,0,0,0
581,-0.6830569165555281,1.5355028841725427,-0.02884607380728494,0.6479074391304426,0.1335585226610238,-0.6495688834575112,-0.08901276966429116,0.014120644120118965,-0.0004128627126507712,0,0,1,1,1,1,1
301,0.7184947579459438,-0.8920098783354011,0.030315802284586614,0.6019758026929953,0.8622119162584108,0.7536419935223508,-0.10077854652437909,-0.025089306731806652,-0.0017614762410994942,1,0,0,0,0,0,0
2408,0.7118185024502741,-0.6232986654697685,1.4886160702493196,-0.6616752052437308,0.20683819544380733,-0.4358316594072283,-0.012412533920030938,-0.08074929773844025,-0.004223338699104527,1,0,0,1,0,0,0
1216,-0.5875529380759706,0.03592922378595563,0.43754327247264785,-1.203564281389993,0.12501159436508433,0.4394255581565727,-0.08121534320440997,-0.07053476982180763,-0.0027310442434055485,0,0,0,0,0,0,0
169,0.21281094220544275,-1.2369420467541106,1.2507905825463612,-0.23577072557225828,0.036664589851589796,-0.583691183203915,0.06443958552149603,0.0608897782735119,-0.0036492278219158202,1,0,0,1,0,0,0
215,0.1572845840874829,-1.2124073635203987,1.3028937447145499,-0.2402970320097282,0.049501260936056835,-0.5820703628391143,0.008034538412493937,-0.02756950214696939,0.007455598075488278,0,0,0,1,0,0,0
2031,0.31620798908493086,0.46490817337442775,1.0514777646257554,0.15357197992469224,-0.29309019130128666,0.31930607508407843,-0.006444101631027843,0.019647306107686318,-0.0012583723896050756,0,0,1,1,1,1,1
1990,-0.26957833584637564,-0.308089599997101,0.27116220832751414,1.5964179027900054,0.7026765282627581,0.16090168208914984,-0.09219625630122111,-0.12310659368706332,-0.0013524074848054609,0,0,0,0,0,0,0
1021,-0.6355860739262115,-0.5277796690190542,-0.10856860977629999,-0.7301916081440705,-0.12865332332572307,0.22057808906879223,-0.038953324532634725,0.09983246501573878,0.0008895500565462125,0,0,0,0,0,0,0
885,-0.6491512473338039,0.6485186719854914,0.01025258127059651,-0.11664630078676676,-0.21013921902931576,-0.2801579375054506,0.016568818441714882,-0.026459881419022082,0.0007052260629474511,0,0,1,1,1,1,1
371,0.08282606111714158,-0.556345544963321,0.0413506146604285,1.2653991594571021,-0.305550910747677,-0.02862953883051398,-0.03836559795547406,0.0745378427997664,-0.0014997080200923614,0,0,1,1,0,0,0
1960,0.3736456551431608,1.1395251711316234,1.0204798789243947,0.7304964124436844,1.1872346222039964,0.5688807354931005,1.862804521843024,-0.03680647232394854,-0.0003451863648163731,0,0,1,0,1,1,1
3279,-0.9207418975654312,0.8783357158328898,0.6577118433572983,-0.6421899936322006,0.06712566840933536,0.03276013787048879,-0.01916898541403829,0.1591253159169149,0.001169580691825064,0,0,0,1,1,1,1
3013,-0.06009453911799457,0.30950615387645974,0.9092799157807904,0.6255832171043199,-0.44121679186333945,0.07770774882825396,-0.03349926920012734,-0.03683538380371545,0.0012940349785949986,0,0,1,1,1,1,0
892,0.4523835886511503,-0.10108981899832194,-1.1550082071701329,0.09987732471124926,-0.04099935732679185,-0.21767961018552795,-0.014114018377702688,-0.09665528541171643,-0.000694861516523463,1,0,0,1,0,0,0
1357,0.5398994352573434,-0.7322728654892939,-0.6996754664309629,-1.159061610474532,-0.16312758555965184,0.42282149425664917,0.16368453791530987,-0.0639328042599317,-0.0018875831185693015,0,0,0,0,0,0,0
1389,0.03218817326506388,1.122814893233921,0.47549419555181477,-1.2305626842643356,-0.33853731435043827,0.0961136007093938,0.059437567291554694,-0.09742594744342195,-0.0005298296587927933,0,0,1,1,1,1,1
737,0.026739053569729155,0.8677952858096013,-0.12563387552512695,0.6165461709261904,-0.14538833640229876,0.468211835864818,-0.11513032620548687,-0.06348652914304437,-0.0012322053632852076,0,0,1,0,1,1,1
172,-0.5465010641349594,-0.7150729976909209,1.8254916209248913,0.25626291467182644,1.6027498279637196,-0.2974374077107166,-0.05514508793948839,0.11040917921148975,0.0005938882193811503,1,0,0,0,0,0,0
1607,1.6437414671460047,0.6432709267201505,-1.163188270634607,-0.4184940801795051,1.1393999133387898,0.34135651813099516,0.5254280256994237,0.16720727319842488,0.0008863850941594945,1,0,0,0,1,1,1
1015,-0.41090857133593983,-0.012101430568331519,-0.072742320804474,-0.6689005676662587,-0.11508097098479023,0.11464669640202377,0.09457114006089315,-0.015911578393493185,0.0012090154740946085,0,0,0,0,0,0,0
334,1.3426102882001951,-0.16654376113961056,-0.3040505468586883,0.722336281144293,-0.7618018106899387,-0.036453525600586185,-0.03506924258651114,0.09297520398904621,0.00014975807475223017,0,0,1,1,0,0,0
2052,-0.03025570246590782,0.5816708151342477,1.3525892691764831,0.1298046663748091,-0.21546479579419991,0.3451402910408568,-0.05565459213994418,-0.005392565180356788,-0.00243563172050765,0,0,1,1,1,1,1
1075,0.22574277242010246,0.47601545090974756,-0.8836533166840782,0.4758388624449459,0.9688059095802576,-0.10465105524485409,-0.12253792598417004,0.1119383687536102,0.003110358075277776,0,0,0,0,1,0,1
412,1.188830999397144,1.0040064080120266,0.9869508842763332,-0.24242494754468336,-0.20302955854268545,0.42828734431854043,-0.08603397021663611,-0.09492614017875745,-0.0017954228920364626,0,0,1,1,1,1,1
553,-0.4309919946956645,-0.8477228502901628,-0.384911981498702,-0.7366630602946876,-0.20045037252739145,0.2442281536534841,-0.044199546375892115,0.10329766152318717,-0.0008167897526647971,1,0,0,0,0,0,0
755,0.9788296664094096,0.4867400113063116,-0.8837301650370475,-0.49785717524645995,-0.33669750752393984,-0.16114551064484667,-0.0831555023759965,-0.15201764797760986,0.0014478536997553845,0,0,1,1,1,1,1
3277,0.6344751637824319,-0.2790620662346502,-0.9702294991398381,0.4097246573766683,-0.8297977888066022,0.4910752747801052,0.15162194320489247,0.11330393901951097,0.002686985314291551,1,0,1,1,0,0,0
3255,0.4038181434030372,-0.27805928313195954,-0.41408572769125485,-1.1350880654998146,-0.09565114795542014,0.36001834035962543,-0.002200738605782433,-0.08338661804795651,-0.002651208159725338,1,0,0,0,0,0,0
556,-0.33509372876830373,1.379032089192008,0.43118393883276324,-0.5478903984128977,0.004087589671089617,-0.12949001229843402,-0.0948109508371018,0.010108382197233347,0.006538842308145471,0,0,1,1,1,1,1
1022,-0.5913416903876064,0.5465377230515734,-0.13239296708475146,0.05621631768371619,0.22092019616048245,-0.18642751114641823,-0.08836218066323855,0.09393567811422109,0.0022740642432477177,0,0,1,1,1,1,1
861,0.5691038886841544,0.8388522218555622,-0.6336863965773842,0.014596474428494325,1.1454676116411577,0.10739322155549513,-0.14500651371379,-0.03270311413545279,-0.0015422584454684457,0,0,0,0,1,1,1
1914,-1.3961222489192195,-0.5953630153392355,0.06328092666711878,-0.28844777248754055,-0.19194342729236055,0.01916159828456322,-0.026738175449629347,-0.007596647521627124,-0.0008692234032896475,1,0,0,0,0,0,0
274,-0.3403539116494928,-0.98592498340588,0.4360682240435052,0.01474601611506638,1.3390468966044786,0.12305866555268549,-0.09481906549225237,-0.09701706224699365,0.014920773486376207,0,0,0,0,0,0,0
2003,-0.9522987907054973,0.27106373733900463,1.189893377252227,1.061921933101609,-0.480716296682232,-0.11402852073773594,-0.031561903453848926,0.16855564749031363,-0.00252699150728709,0,0,1,1,1,1,1
1190,-0.1000127897931811,1.2255591241760166,0.198325896230554,-0.5393046119613829,-0.05553849901383913,-0.13572112006323225,-0.09487762890735453,-0.07646235717234225,0.0007767874340870241,0,0,1,1,1,1,1
1610,-0.41553199466277185,-0.2938413377258542,-0.54579063678459,-0.1713291112813871,-0.3411462726982965,-0.14437454194557625,0.3337479950658437,-0.009820110672350738,0.0019443903558320434,1,0,1,1,0,0,0
2067,-1.5704381096813134,0.14160401420389274,0.1282953877315112,0.2763293313861241,-0.29067174923844563,-0.3944707951614765,-0.05723162091378207,0.003134749831072948,0.00014619642739949958,0,0,1,1,1,1,1
2848,0.8522122982795741,0.09845502897668841,-0.17122195659505932,0.21742132721235932,-0.35787699488953084,-0.8010144113787481,-0.02494112402964,-0.04083947190213067,-0.000889990134092512,1,0,1,1,0,0,0
2095,-0.4365140801913286,-0.17537755938686472,-0.11393820521829277,-0.68292322359662,-0.13158590443846385,0.13688564535000858,-0.041656166266864435,0.07879443081016448,-0.002613151917971876,0,0,0,0,0,0,0
130,0.7362395626787989,-1.5934578677254763,0.665110626611432,-0.04268471324654519,0.3563327748773812,-0.5079029595820651,-0.0014544253193602768,-0.03830836979004157,-0.003025256275199985,1,0,0,0,0,0,0
847,-0.048734219016228056,0.5082452625436099,0.17166775387586533,0.8841658623052004,-0.8976324727470475,1.2471175794485818,0.1387343162342952,-0.03856205161265659,0.00048444234361606526,0,0,1,0,1,1,1
573,-0.561073199563117,-1.1653455555070622,-0.7738102916191913,-0.25552857196933204,-0.40970161691757556,-0.0006996478412815336,-0.006289784536028767,-0.019462223485709047,-0.002086305663608777,1,0,0,1,0,0,0
2148,1.8831344204264253,0.4577791772617658,0.8727090480107951,0.05931157856922,1.4580303115634332,-0.4971464102990879,-0.05810771440703491,-0.03552115288523936,-0.0021445602662274422,0,0,0,0,1,1,1
1985,0.6920507113415433,0.34316416452430487,0.37366595745382797,0.6986979434651672,-0.5825263873034355,-0.029455360083885763,-0.04961398161002128,-0.11739121922961723,-0.0015891726295809993,0,0,1,1,1,1,1
