,PC_1,PC_2,PC_3,PC_4,PC_5,PC_6,PC_7,PC_8,PC_9,W3IWER4_A
76,-1.0082744519200846,-0.1571324676711362,0.6697581594963923,-0.006890834207714965,-0.003971797447215553,0.004491537628918508,0.006825422433237516,-0.006023769600532081,0.0021769500692112114,0
311,2.819664250304836,-2.0420724739321696,0.43019772680045665,0.018044296797818826,0.002211054758210937,-0.0012401540946233808,0.00039215244529531277,-0.0006916840828080534,0.00012520372154555833,0
27,-0.6191031435175055,-0.050450134928627405,-0.0876117819527429,-0.00419850559619948,0.008752671955264982,-0.004370291965020059,-0.001863438525242831,-0.0010046120186080157,-0.0001774898545727655,0
10,-0.407946152274334,0.01533017681867243,-0.47387880155472845,0.008218095081245061,0.008133776500925768,0.004390123185015006,-0.0035478186578056813,0.0022808080285759216,-0.00019667087708436022,0
270,-0.3987536061828291,0.02288963632368942,-0.5110791112270892,0.010111540518223855,-0.0027490648962539494,0.006130780049745007,0.004601315192663796,-0.004152728103620783,0.0013344114877253135,0
33,-1.0024760069498961,-0.158488571352539,0.7169868194194703,0.03809308975728507,-0.008376885319952603,0.0035500165718447808,0.002208231362704559,-0.001673045389817278,-0.001059786601806613,0
230,-1.0434193709217536,-0.16981241680728695,0.7284873294983825,-0.010494698216916683,0.008553228645095313,0.0036191929882526917,-0.0011255005189438447,-0.00404980790859882,-0.0007071910959698911,0
0,-0.6566759868318542,-0.06474600073203335,-0.01957079099022176,-0.03074605759343149,0.009761331332262141,-0.0037564691865699077,9.753414539979392e-05,0.0018970323244879407,0.0011708534690084958,0
200,-0.4079461522743338,0.015330176818672516,-0.4738788015547284,0.008218095081244815,0.00813377650092593,0.0043901231850152845,-0.0035478186578056835,0.0022808080285756085,-0.00019667087708421385,0
44,-0.7779626019707736,-0.10183317726406743,0.24405356843894757,-0.011872052205650106,-0.0024898623438535214,-0.00903993775379014,-0.0020303322806403193,0.00032396453662958776,2.4170441428963316e-05,0
283,0.5335945683140892,-0.4600127916929255,-0.5532058441504621,-0.04105366879790117,-0.0056985079383148176,0.0023410390963473212,-0.0011689374351545726,0.0013700829172172504,-0.0003185225504384143,0
264,-1.0121094182872394,-0.16872895970768212,0.6602980838157118,-0.03380962346603494,0.012569107972351314,-0.001814491390287439,-0.0014203029039066004,-0.0026811859893673884,-0.0008512608158017848,0
216,-0.2634443513355405,0.06042054353921016,-0.7287723423587849,0.06009952698018769,0.002723768354020933,0.00035049242692145776,-0.001843578816981436,-0.004268789397000704,-0.0006023435613267733,0
332,0.6031275990676781,-0.5085454789121002,-0.5233507727188158,-0.03954000991333586,-0.0048936291502483555,0.00355660210829651,-0.0003952633569864201,0.0014357962743121683,-0.0002059833554761356,0
276,0.15844047359665323,-0.19733209430251858,-0.7142578694414733,-0.05253111445243776,-0.011068407867684704,-0.0008246448001110946,-0.005842109300673911,-0.0017265808573264279,-0.0010985035608286821,0
343,0.15785836120719202,-0.19897916332463902,-0.7147744564686573,-0.05178534068636082,-0.010483908996555403,-0.0007726307071744105,-0.003791958458380351,-0.0019487810994517666,-0.0008226358654630836,0
266,-1.008274451920082,-0.15713246767113456,0.669758159496393,-0.006890834207713782,-0.003971797447217483,0.0044915376289191775,0.00682542243323775,-0.006023769600531279,0.0021769500692114694,0
21,-0.2120609879187547,0.06659261824999269,-0.8247689517956004,0.05549031962897946,-0.0016505521208937364,-0.0041907466649371145,0.007468873641132878,0.005813795766279312,-0.00048391147646153717,0
355,2.8739146143977385,-2.081237151490976,0.453300724374747,0.01933069926302002,0.0028754819299550037,-0.001073299135532747,0.0016532980520409914,-0.001936020032672548,0.0002601892046114011,0
52,-0.2624895544552537,0.06633571583613143,-0.7274151164416156,0.0552609211083849,0.00021157631024645106,0.010264759376242234,-0.0015668350189453634,0.001153926140481615,-0.00019545608752263882,0
244,-0.6588801770855336,-0.06638694204455943,-0.021594266147758064,-0.02905598788764422,0.008840293263245244,-0.007047603230240366,-0.0028025825235682023,-0.0030912537411315966,-0.0003275187762092522,0
337,0.28288113126839143,-0.2849582300874834,-0.6608966813203146,-0.04876144159794942,-0.008701879347664577,0.0012400104775382244,-0.003571756935234216,-0.0003988834953233192,-0.000732173556140544,0
290,2.240209225232964,-1.641582277912518,0.1808756127649089,0.003326579279347241,0.0012205209172413594,-4.8288998440488153e-05,0.00025076331340261954,0.000231931254297739,5.988940168792557e-05,0
61,-0.4066510158141583,0.01369291620863589,-0.4738487844091875,0.023841721399671806,0.004266030987394086,-0.0033471222260006562,-0.0023976227960353117,-0.0036691941823425453,-0.0003789020876553256,0
292,1.171061834306907,-0.9024096542729283,-0.27915195824295796,-0.02466690546793576,-0.0024068375160029346,0.0027628946674107427,0.0007061129842113443,0.0007068631122044897,-9.830995036588733e-06,0
16,-0.6264180172924959,-0.044797764036768044,-0.09040131469319507,-0.015129527436108216,0.001039489235527742,0.005873560031995867,0.003861368626758337,-0.0034312130242391994,0.0014046149561235091,0
50,-1.021663524047507,-0.16151369862255713,0.698397344791545,-0.021276929922047858,0.005356496501081149,0.007696063661123239,-0.003831997756751409,0.0033037917568921006,4.468966859533855e-05,0
229,-1.0081117907283037,-0.15551003452584655,0.7142031349962186,0.018698416536037536,-0.00021849686823934735,0.002121597377697138,-0.00511571292196471,0.001241110792972315,0.0013416020705022617,0
14,-0.29301587068877133,0.04889215812093841,-0.6622157659389145,0.065551111998514,0.0013482752170854504,0.0013764682029128777,0.002285339246005413,-0.0020229617424422294,-0.0009889702072597016,0
308,1.2940537398833047,-0.9866395407884289,-0.226120087949057,-0.021457347934516376,-0.00246813274345887,0.002317694606429886,0.0001535712586196236,0.0010774063814103746,-5.505901744555591e-05,0
247,-0.8235957490549758,-0.10780544235363045,0.3045140922890831,-0.03502830887102795,-0.007488198837898155,0.0013974589215685672,0.0024067587617410476,-0.004128585175520275,0.0014898970264194576,0
306,2.814517009255029,-2.0363266540722655,0.42828089222632165,0.01775450911757141,0.0006117654146091086,-0.0014692339948178673,-0.0008264995009382091,0.0002532802466097616,-8.990160688260668e-06,0
269,-0.599954233817545,-0.04322760273045429,-0.1594082171300569,-0.0327638415039831,0.005925407115886591,0.005868218724748884,0.00916337791073281,-0.0014718723933120955,0.0008772007545409168,0
258,-0.32834402639983407,0.036627903499795195,-0.6835384492454899,-0.011095796994129608,0.016229575999385962,-0.0008432427921663728,0.00293432094375304,-0.005311661494986603,0.0008756862455982983,0
252,-0.27476412252954924,0.05792571095494486,-0.7355039057766483,0.043698722721090544,0.002326270276639698,-0.0005363383708645338,0.0015669818400901136,2.4655569011749255e-05,0.00013865896775437523,0
296,0.15289139770508076,-0.19494702056829544,-0.7168126540859011,-0.051717860726903736,-0.009788624067865672,-0.0004761203099123885,-0.004282164077033506,-0.0009007484433746196,-0.000860357363289488,0
77,-1.027499148634407,-0.17047494034927724,0.6939516427392332,-0.028480395010216267,0.010822892431194818,-0.0024666375178223703,-0.0036353733543296753,-0.002407242905102018,-0.0004554371576052978,0
49,-0.3996117268940787,0.021087321129995347,-0.46835854548562833,0.02991369666991142,0.002703484031227003,0.004470488375963874,-0.004639943404116808,0.0033130156707055197,9.333616108669432e-05,0
251,-0.4066510158141583,0.01369291620863589,-0.4738487844091875,0.023841721399671806,0.004266030987394086,-0.0033471222260006562,-0.0023976227960353117,-0.0036691941823425453,-0.0003789020876553256,0
273,1.4282191175899548,-1.0816795893434843,-0.16870060014350355,-0.017469901959424817,-0.0007956310155969602,0.0016410931314604367,0.0015314487750579,6.138752809981481e-05,0.0001167055631396244,0
288,-0.09743248899308364,-0.022024880230890904,-0.824543635702855,-0.05844726435642558,-0.010431857219472748,0.00026875667507068364,-0.004351161228824888,-0.0010256230371453515,-0.0009052392386554258,0
82,-1.0509253946602415,-0.18225610081015056,0.721449815049639,-0.03869101513505807,0.01949959055391886,0.0017850438225396569,0.0033078523116400775,-0.0012593566980383325,-0.00150007411444594,0
315,2.8167608013276006,-2.0374802919009367,0.42931103072436544,0.018031860949387763,0.0007679448634711491,-0.0017280400505053073,-0.0012785768165197268,0.0007980862660268971,-5.0291986577133516e-05,0
294,-0.157000210167327,0.01848268197504067,-0.8502528082210145,-0.05967691863759138,-0.00991832264654468,0.0008198787247932707,-0.0036251583191178635,-0.0006165570584804244,-0.0008009970635889539,0
226,-0.9139041053534539,-0.14094728082859476,0.5076338119066698,-0.01379828654473584,-0.006414949667964365,-0.006601473113325472,0.004185653147196123,0.0013969170172964908,0.0012360223341033418,0
8,-0.40337639604273634,0.012658112377222228,-0.5154196298306876,-0.01617858643969132,0.014636403494063898,-0.0011754103449915089,-0.0007744473113079261,-0.0013599912813428386,0.0010509544875882285,0
45,-0.8284983502788176,-0.10564257071399556,0.34375781691788615,0.016032446097636637,-0.0018680747540659511,-3.696036940187859e-05,-0.002421118885816975,-0.003116089191142044,-0.00013516962044330928,0
40,-1.0434193709217536,-0.16981241680728695,0.7284873294983825,-0.01049469821691668,0.00855322864509531,0.0036191929882526956,-0.0011255005189438408,-0.004049807908598811,-0.0007071910959698843,0
47,-0.5912018058752913,-0.04699801021563897,-0.15752911507017253,-0.022264332340960057,0.014705454598071571,-0.005568727292585531,0.006365043784631918,0.0007769655073674936,0.0021938108036899406,0
334,0.5334206676104345,-0.4592136276816784,-0.5531962684261277,-0.04137679597459185,-0.006056074811745151,0.002245721155378719,-0.0018740503950384878,0.00126517444030279,-0.0004187058279085125,0
64,-0.34479383856885326,0.03367763408800476,-0.6062947975565915,0.026642488739305036,0.009952490793703547,-0.0010805838597348295,-0.0015196164884267397,-0.0034515697261664666,-0.0005049131775642589,0
287,0.15275130836653994,-0.19408484144236424,-0.716786630442666,-0.052288666348438644,-0.010521066741553738,-0.0005984826641939467,-0.00509989972180106,-0.0014042341609353558,-0.0009876492765443028,0
48,-0.4123733092182512,0.015054246050129415,-0.4763381314442659,-0.00036245696213064294,0.010341048893936397,0.002334412927696543,-0.0025865919856849764,0.003790773634370483,0.0016093332685072393,0
203,-0.8674319643240415,-0.13047974248571292,0.40629663957509643,-0.013094922066049388,0.002738191849139934,-0.00635717575627,0.0048505757582696365,0.006205910374353778,-0.00037933018792865033,0
284,0.028430047892432437,-0.10832225803708884,-0.770297884902437,-0.055540362682848295,-0.0103772384654924,0.00023370939504487213,-0.004898860204256362,-0.0010508515767057329,-0.0009656044135523455,0
42,-1.0019730150801642,-0.1531606661284935,0.7184053324521671,0.0255369620089536,-0.001979796075487015,0.008153280842806032,-0.006533091799443669,0.003159617414220785,-0.00034188133076387374,0
307,2.819969919825679,-2.0405932559641653,0.4305676935352294,0.017820831364131907,0.001953878541366507,-0.0009655528508988657,-0.0009797766713454724,0.00039433718820751763,-2.3335292711361947e-05,0
237,-0.5912018058752913,-0.04699801021563897,-0.15752911507017253,-0.022264332340960057,0.014705454598071571,-0.005568727292585531,0.006365043784631918,0.0007769655073674936,0.0021938108036899406,0
280,2.8091061016556838,-2.035181888170404,0.4256000014969576,0.017808682238414225,0.0025261258927644294,-0.0011660262025121253,0.0005983562692656702,-0.0008296754659415336,0.00014718974135258776,0
60,-0.7791668900374592,-0.10010689682373967,0.24267529334076984,-0.016975409640435726,-0.004563634318495369,-0.004296835791375786,0.004040464842790492,0.006194045818641143,0.0017322286153832632,0
26,-0.2634443513355405,0.06042054353921016,-0.7287723423587849,0.06009952698018769,0.002723768354020933,0.00035049242692145776,-0.001843578816981436,-0.004268789397000704,-0.0006023435613267733,0
303,1.9243613759187361,-1.4236207342395333,0.044918951736066505,-0.005022241343845876,0.0006636399756822208,0.00104881713698502,0.000522757832625736,0.00022125811981675293,5.276793240087468e-05,0
339,2.0521956307555618,-1.512367373384295,0.09988085169042196,-0.0013776987173985894,0.0015097065908349484,0.0004187422037749914,0.0005727431452005686,0.0002677871842048457,7.990243441350954e-05,0
275,0.5406863131031369,-0.4664630192122953,-0.5503658321138067,-0.04097842406362529,-0.0046216474168322905,0.0037922899497808164,0.0005622492107767585,0.0010410215486862057,-0.00010051971781570602,0
265,-0.5773495551521164,-0.03508061656833125,-0.14749142548486052,0.0054088896576517075,0.007696063629529039,0.0008009700594007142,-0.0018707710857972328,-0.0012735624536048531,0.000975320643876273,0
320,1.167961097201018,-0.9009617879417346,-0.2805820600770765,-0.024529367172161413,-0.0023661434488972477,0.0024666252748903337,0.001282473743725097,0.00032467663359657845,5.504098641747815e-05,0
317,1.9260195874624808,-1.4244026423207132,0.04567571735496732,-0.005130420467612089,9.330625344727192e-05,0.0010818814733201281,0.0004766497839506398,0.00014552914746430743,4.334882584864206e-05,0
23,-0.2989470487807272,0.045326918433650006,-0.6656357044462174,0.055282326044280634,0.0033988795796442072,-0.0006385030796056178,0.004782361036418263,0.002780963411321868,-0.0006139597829108377,0
34,-1.0181247124644284,-0.15522797948519237,0.7093533608396545,0.0012405288115993778,-0.007063232822785027,0.014061983149163694,0.0003399724933158324,-0.0005476692457837953,-0.00031281422588776614,0
67,-1.0261536418641442,-0.16467801115561537,0.7139749326817494,-0.020287113601770712,0.00881045347981221,0.005712288703423106,-0.0056506098219041845,0.004114076048240223,-0.0003479605910832783,0
55,-1.0191485937137867,-0.16035162675684744,0.664317350579766,-0.028759602632538593,0.0009521863173411915,0.002656938745204629,0.004928072129252627,-0.006053403024534385,0.0025492180304267976,0
338,2.821798880885571,-2.042769616448593,0.43122049922166067,0.01779647958622037,0.0020090065428852275,-0.0008706421726987884,-0.00017557497994221565,-0.0003742779259290671,5.8836529559158694e-05,0
13,-0.8674319643240415,-0.13047974248571292,0.40629663957509643,-0.013094922066049388,0.002738191849139934,-0.00635717575627,0.0048505757582696365,0.006205910374353778,-0.00037933018792865033,0
234,-0.7779626019707736,-0.10183317726406743,0.24405356843894757,-0.011872052205650106,-0.0024898623438535214,-0.00903993775379014,-0.0020303322806403193,0.00032396453662958776,2.4170441428963316e-05,0
335,0.028835746214950223,-0.10968705105482456,-0.7702581315827021,-0.055070583354161186,-0.009754759626177643,0.0005487257807052643,-0.0037370599106937774,-0.0008505513223153223,-0.0007997804426728389,0
193,-0.29520026801324684,0.051007849526211145,-0.6602812037584647,0.06373704462775612,0.0017143162981857658,0.0013337308579466152,-0.0016351239548400476,-0.005167068704160735,-0.0008578568180320663,0
15,-0.23890540810833516,0.06288963212568635,-0.8002049600991263,0.04153326573181573,0.007254419127081114,-0.0017278734581425426,0.0030206490123611237,0.0012242222697082241,-0.00045803286032362694,0
325,0.02771467555201672,-0.10745160623130663,-0.7705522258608499,-0.05551639030432497,-0.010390625496147934,-9.019958369128775e-06,-0.005316789657412894,-0.0008577339865112324,-0.001017547953975745,0
29,-0.42537706879545367,0.0016465132786504287,-0.48259946449368285,-0.02079417348916164,0.015370998730690127,-0.0037265170060145074,-0.00027065317514643326,-0.005506828827898299,-0.0009564413084104808,0
202,-0.8640571743029271,-0.1222005997667113,0.407743103872712,-0.008793980982524858,0.002384750313718361,-0.00547445599465811,-0.003034916783810874,-0.0035028124356705523,0.0011131152733360513,0
327,1.429488810913974,-1.0810448904632584,-0.16796055268354765,-0.018206727190956423,-0.0016205004446797529,0.002485893416278137,0.0006450427480194297,0.00035793415719487964,4.6244157440506065e-06,0
245,-1.0191485937137867,-0.16035162675684744,0.664317350579766,-0.028759602632538593,0.0009521863173411915,0.002656938745204629,0.004928072129252627,-0.006053403024534385,0.0025492180304267976,0
78,-0.3979151951778992,0.025011480959546084,-0.46413409182634163,0.041882782593994194,-0.003918502758115593,0.006834241017621584,-0.0028701624821511136,0.00277994498353959,0.00021093102577828806,0
207,-0.8623733737602782,-0.12127788744687897,0.40937846946798945,-0.001169774065047536,-0.00017590103633399835,-0.005500093781374791,-0.004381281836624679,-0.001441993145004157,-5.268305276731834e-05,0
336,0.5346329798483512,-0.4607703485069309,-0.5527682477481446,-0.041178541255658806,-0.005761042103708892,0.0025694471664650972,-0.0010871775746483028,0.0012372667688412109,-0.00031108100796665023,0
11,-0.27602180069419774,0.06300170155568308,-0.7350606761333441,0.04914762798256067,-0.0061174892042192815,0.004883620718867537,0.003425804017913611,-0.0053491998288802845,8.770537798579901e-05,0
248,-0.8768609724568968,-0.13002837368397274,0.4014465473365853,-0.03620095544655149,0.008466663046526787,-0.0060169495438691135,-0.0034178287748073267,-0.003002446026476829,-0.00038618219314911513,0
1,-0.32601529211727037,0.03620400379243227,-0.679853388605535,-0.004702318561809245,0.01759178369861296,-0.003193775863634421,-0.0009870860269743371,-0.0024473778246501764,-0.00032001757446696897,0
329,1.170525119524168,-0.9007965866924028,-0.27921244669050627,-0.024775423487851046,-0.0031779198683438968,0.0026763167999275593,-4.510883199615838e-05,0.0012960881282507595,-9.19016931319441e-05,0
81,-0.9959512286403731,-0.1715261505888457,0.6676730791690727,0.003810349377457865,0.0033778645459483178,-0.002076217634217367,0.014887950445172828,0.013961843602406248,-0.0010528972783888184,0
19,-0.5974220426733144,-0.042931187184335994,-0.157821257661826,-0.018811999656939225,0.002002430288269294,0.002753859634438811,0.007332485502073616,-0.00482792305680165,-0.0005863832313821671,0
351,0.5362949188010099,-0.4611592512246655,-0.55197391224075,-0.041454194862493306,-0.007140579965989999,0.0011250040443335808,-0.0021998985479363582,0.00018666493640279776,-0.0004942305032785674,0
209,-0.5974220426733144,-0.042931187184335994,-0.157821257661826,-0.018811999656939225,0.002002430288269294,0.002753859634438811,0.007332485502073616,-0.00482792305680165,-0.0005863832313821671,0
350,2.8102261088902694,-2.035540546565394,0.42613565189482044,0.017571007538648358,0.002460495079743286,-0.0008078553435235173,0.0002884044041332136,-0.0007158918750684251,0.00010863767500615379,0
190,-0.6566759868318542,-0.06474600073203335,-0.01957079099022176,-0.03074605759343149,0.009761331332262141,-0.003756469186569908,9.753414539979261e-05,0.001897032324487939,0.0011708534690084936,0
228,-1.0229606401727025,-0.1583384920027547,0.7061946203636137,-0.010783727760306262,-0.004112667990196982,0.0138088428978413,0.0009232296008856582,-0.0007396589631327371,-0.0004082146383236635,0
194,-0.629138118638009,-0.04543129142999727,-0.0919765251109933,-0.01990156594407363,0.001995187326245875,0.00504159477179006,0.003569050505870709,-0.0025199738322419646,0.0016166005539895408,0
72,-0.21543978873861083,0.07199351369131608,-0.8258320147714124,0.048017148251457795,0.0017029867596257322,-0.005835016659335053,-0.0041693064835757404,-0.0015073708592578691,6.2038677438887e-05,0
201,-0.27602180069419774,0.06300170155568308,-0.7350606761333441,0.04914762798256067,-0.0061174892042192815,0.004883620718867537,0.003425804017913611,-0.0053491998288802845,8.770537798579901e-05,0
213,-0.2989470487807272,0.045326918433650006,-0.6656357044462174,0.055282326044280634,0.0033988795796442072,-0.0006385030796056178,0.004782361036418263,0.002780963411321868,-0.0006139597829108377,0
218,-1.0012929897437859,-0.15300228428018614,0.7187991350566166,0.026729971635944958,-0.0022187205981665484,0.008361272157857483,-0.006460012269221763,0.0029318076162214842,-0.00039487773023037706,0
54,-0.6588801770855336,-0.06638694204455943,-0.021594266147758064,-0.02905598788764422,0.008840293263245244,-0.007047603230240366,-0.0028025825235682023,-0.0030912537411315966,-0.0003275187762092522,0
340,2.8367798906266994,-2.053383068807506,0.4376302770243325,0.018153771021129646,0.0022386560306198963,-0.0008088728176878776,-2.9760074638605656e-05,-0.0005322593251379272,7.506051289887783e-05,0
295,0.15868318750197477,-0.20215352123612157,-0.7147170622230676,-0.051091847356122454,-0.00670225417584679,0.0034900478156076453,-0.0002209510984717554,0.0003867119727609797,-0.00026841200773492874,0
25,-0.4161935169827307,0.011501313573167225,-0.47900174521597566,-0.009787763475036602,0.012282469871852598,0.0031019926992322715,-0.0034402334659815502,0.0031315629955065032,-2.3695999370618072e-05,0
349,2.753076008724679,-1.996173146648304,0.4015289554152188,0.016473346314035377,0.001859570410489845,-0.0013499911048970247,0.000580694710489523,-0.0007065702707648561,0.00014134060682917683,0
323,2.810486839001004,-2.0351903468887946,0.42631920750814034,0.01756278476267116,0.0019523873435538155,-0.0009386403942039195,4.69391224794835e-05,-0.0005282843931853984,8.211572192593305e-05,0
250,-0.7791668900374592,-0.10010689682373967,0.24267529334076984,-0.016975409640435726,-0.004563634318495369,-0.004296835791375786,0.004040464842790492,0.006194045818641143,0.0017322286153832632,0
232,-1.0019730150801642,-0.1531606661284935,0.7184053324521671,0.0255369620089536,-0.001979796075487015,0.008153280842806032,-0.006533091799443669,0.003159617414220785,-0.00034188133076387374,0
277,1.2937388238117362,-0.9869073483282612,-0.22631763196650026,-0.02134522212137588,-0.0019284640189783857,0.0023116880310160943,0.00032761936762079407,0.0010157627378455597,-3.303310821737061e-05,0
236,-1.0307636078232076,-0.1657536855629967,0.7360488999924338,0.015040128732442176,0.006030080220829232,0.0021319355880707962,-0.002717769117310129,-0.0015603013410744103,-0.0006858589988364145,0
348,1.164841815077085,-0.898077548537997,-0.2818167824961037,-0.024262096973461055,-0.0029821931774519934,0.0018059687155642559,0.0008658325111748821,0.0008904168230240351,1.8392473808371446e-05,0
256,-0.8136513403699737,-0.10909184669751482,0.309624528053697,-0.025158705348980997,0.0010271577122878798,-0.005175399925417763,-0.004139481748528637,-0.0002539729425826803,0.0014748156008574358,0
231,-0.26572084661105655,0.05769845116764301,-0.7307152965619169,0.05580909765649792,0.003577935305377332,-0.0006237262671194876,0.0010416270855211271,-0.0005813011436836933,-0.0004838634945523967,0
65,-1.0270521025092036,-0.15921522457900497,0.7038366145739579,-0.0179583393716734,-0.0026756149291788274,0.012565861348329233,0.00037447815491804007,0.0005308955191464069,-8.68429487076653e-05,0
331,2.2468468058390343,-1.647484620140704,0.183538415319982,0.0032060997476974417,0.0017078557177676583,0.0004708960301556368,0.001249354666119569,-0.0008342744897180613,0.0001584878122129296,0
243,-0.3944194272793682,0.024101258513685938,-0.4624246856158669,0.04431597855121451,-0.0007273189223469937,0.00512253543751222,-0.004862427358025903,0.003225781731055806,3.891836874596139e-05,0
5,-0.9024447298938812,-0.13668727947425985,0.5145822596076955,0.010504675142439015,-0.0091771427542201,-0.007616445675095888,-0.0007400401195585369,0.0026378296600186825,-6.967275203336462e-05,0
32,-0.48715523864089044,-0.008682549485012868,-0.3074272771551509,0.016322218935895447,-0.0037118787214525605,-0.0005286368414503885,0.0014132524837101549,0.0005199254565550512,0.001397040633356732,0
279,0.5365797613578326,-0.46232528629838604,-0.5519579755040765,-0.0414161814090782,-0.005178929080027601,0.0037607568505051894,-0.0006472803370369531,0.0014481448734914731,-0.000247557155634805,0
212,-0.32122269950244936,0.043131528470543606,-0.6773514220431818,-0.008813463822874096,0.019592292578336747,0.0036250415519624656,-0.0002936107409536453,0.003079143878242429,0.0028668190980545225,0
240,-1.021663524047507,-0.16151369862255713,0.698397344791545,-0.021276929922047858,0.005356496501081149,0.007696063661123239,-0.003831997756751409,0.0033037917568921006,4.468966859533855e-05,0
51,-0.30074856408321743,0.04654547369680203,-0.6642221579150421,0.05369333646460914,0.00371818851376014,-0.0007442968265089469,0.0022997868991049383,0.0008951197973141705,-0.000518549620691155,0
56,-0.5855690835098892,-0.03883333689585628,-0.1509709836664357,-0.011448378128825524,0.011612696956480664,-0.0002779743573932738,-0.0018191372874069769,-0.0007701732533893799,0.0010760824624807656,0
242,-0.2624895544552537,0.06633571583613143,-0.7274151164416156,0.0552609211083849,0.00021157631024645106,0.010264759376242234,-0.0015668350189453634,0.001153926140481615,-0.00019545608752263882,0
41,-0.26572084661105655,0.05769845116764301,-0.7307152965619169,0.05580909765649792,0.003577935305377332,-0.0006237262671194876,0.0010416270855211271,-0.0005813011436836933,-0.0004838634945523967,0
18,-0.20599708082410084,0.07404549903610129,-0.8202988520793388,0.0700145283293061,-0.008227000735715528,0.0009221610999922698,0.004310533010431475,-0.0035046184691095734,-0.0009146221163776702,0
73,-0.7833959667169429,-0.09626322090309035,0.24073832071831974,-0.011157045750375646,-0.01366248274884692,-0.0023377201917906274,0.002076067619460077,-0.004682624910099599,0.0002620555785026157,0
281,0.4710689677422444,-0.4175753867462281,-0.5802127266524557,-0.04295273424322581,-0.0047742287555721415,0.004191985608580823,-0.00014181842790298276,0.001597059567926334,-0.00018599779764563452,0
267,-1.027499148634407,-0.17047494034927724,0.6939516427392332,-0.028480395010216267,0.010822892431194818,-0.0024666375178223703,-0.0036353733543296753,-0.002407242905102018,-0.0004554371576052978,0
220,-0.7826877801299283,-0.0980268574374883,0.24100629121743794,-0.026481807860801673,-0.0021050986980213843,-0.0036076390172035794,-0.0022260780145953946,-0.0008548794360457326,0.0016953631733343827,0
235,-0.8284983502788176,-0.10564257071399556,0.34375781691788615,0.016032446097636637,-0.0018680747540659511,-3.696036940187859e-05,-0.002421118885816975,-0.003116089191142044,-0.00013516962044330928,0
300,1.294170259290424,-0.9859885024908202,-0.22597416668897177,-0.021783810732072254,-0.0027703355832224635,0.0026984887618002585,-0.00032514182326519623,0.0012963732532699076,-0.00011332988419408354,0
238,-0.4123733092182512,0.015054246050129415,-0.4763381314442659,-0.00036245696213064294,0.010341048893936397,0.002334412927696543,-0.0025865919856849764,0.003790773634370483,0.0016093332685072393,0
285,2.240515007852133,-1.6415992643162718,0.18103882044772512,0.0034826808087949947,0.0012095082617367854,-0.00025709610260063573,6.398274049861937e-05,0.0004899410777945167,4.396986308644424e-05,0
20,-0.2670817632495225,0.06328208987403224,-0.7305132696052812,0.04343595875656392,0.006257713551089054,0.006040408694804508,-0.004058751977653234,0.004663346311262938,0.00025809830681939585,0
69,-1.0129613122968748,-0.1578921905049156,0.6666901868608581,-0.02310161770106831,-0.0005698804780091982,0.008490942916538163,0.0033273289835589266,-0.003995443968124808,0.0009489728890917902,0
344,2.9337424882000946,-2.123199815515546,0.4789856422785261,0.021529968864451434,0.0044612564843412635,-0.0016927636088524094,0.0014575493077547477,-0.0013675000523426738,0.0002642066531139825,0
246,-0.5855690835098892,-0.03883333689585628,-0.1509709836664357,-0.011448378128825524,0.011612696956480664,-0.0002779743573932738,-0.0018191372874069769,-0.0007701732533893799,0.0010760824624807656,0
341,0.15598765988456056,-0.20034894705338996,-0.7158678014156601,-0.050623733416300803,-0.006297574206212274,0.0031189079991036208,-0.00018912603649826797,0.0010269147188397834,-0.0002435018228121363,0
227,-0.7825414907240922,-0.10255288240250289,0.2402908097922875,-0.03350185155815245,0.0035196204355597573,-0.005212003595857512,-0.0022565558841603508,1.9597459946005713e-05,0.0012840355366292625,0
289,1.2937482809325545,-0.9859032163688916,-0.22617425741331978,-0.021466423934978284,-0.0024087469679495315,0.0023490548220500775,-0.00034522464679923395,0.0015291795070830917,-0.00010689301162681299,0
333,1.9229310803489805,-1.4225432363239146,0.04432377878875845,-0.004598220570282642,0.00036356989678524405,0.000311867531056358,0.00052359939712798,0.0004901737460909878,6.30440527907578e-05,0
271,-0.9959512286403731,-0.1715261505888457,0.6676730791690727,0.003810349377457865,0.0033778645459483178,-0.002076217634217367,0.014887950445172828,0.013961843602406248,-0.0010528972783888184,0
63,-0.4072627563609661,0.015466637565539605,-0.47348643232516024,0.009416037904879392,0.007893807180948058,0.004596634485652755,-0.003441876400711822,0.0020816977835119168,-0.0002506785084588054,0
2,-0.42502290034364654,0.0013824721330593292,-0.4822134023557153,-0.016617686876122747,0.013986044965872383,-0.005081587832978063,0.002004838052476798,-0.000777551687907797,-0.0005962158329187446,0
328,2.7571670665090027,-2.0003701010226806,0.40309725252363016,0.016585973298851475,0.0025508044636256854,-0.0011793704726619433,0.001496940815075496,-0.0015054232227898917,0.0002386576957905081,0
222,-0.48715523864089044,-0.008682549485012868,-0.3074272771551509,0.016322218935895447,-0.0037118787214525605,-0.0005286368414503885,0.0014132524837101549,0.0005199254565550512,0.001397040633356732,0
253,-0.4072627563609661,0.015466637565539605,-0.47348643232516024,0.009416037904879392,0.007893807180948058,0.004596634485652755,-0.003441876400711822,0.0020816977835119168,-0.0002506785084588054,0
70,-0.29981429250925984,0.04781079029395624,-0.6628441244803452,0.05583939502736578,0.0032900898119345903,-0.0002614312520825206,0.0009176962368151663,-0.0008980382175976586,-0.0005872790439824518,0
313,2.872522433236599,-2.07783218786947,0.45304714263082424,0.019200150232473005,0.0020866270391948784,-0.0011399003502265317,-0.00016831302894345745,-0.00038086423901157856,6.67118977132251e-05,0
43,-1.0033272847462362,-0.15351502755225047,0.7176152688066868,0.02315940387093428,-0.0015037390022991039,0.0077347597828593875,-0.006622886728666524,0.003664460721141154,-0.00023762293470569034,0
239,-0.3996117268940787,0.021087321129995347,-0.46835854548562833,0.02991369666991142,0.002703484031227003,0.004470488375963874,-0.004639943404116808,0.0033130156707055197,9.333616108669432e-05,0
314,0.027638757997585195,-0.10851000638576633,-0.7707304204672109,-0.05504648053664064,-0.010215237096620368,-0.00027978114076725424,-0.004273315180226846,-0.001095036602748928,-0.0008806191825521951,0
208,-0.20599708082410084,0.07404549903610129,-0.8202988520793388,0.0700145283293061,-0.008227000735715528,0.0009221610999922698,0.004310533010431475,-0.0035046184691095734,-0.0009146221163776702,0
319,2.8698141512156563,-2.075737230781869,0.4519197345024897,0.019544902722686282,0.0017085859512109573,-0.0018299166043819147,-0.0002480179136832358,-6.89377423748548e-05,6.723669399183845e-05,0
17,-0.8623733737602782,-0.12127788744687897,0.40937846946798945,-0.001169774065047536,-0.00017590103633399835,-0.005500093781374791,-0.004381281836624679,-0.001441993145004157,-5.268305276731834e-05,0
53,-0.3944194272793682,0.024101258513685938,-0.4624246856158669,0.04431597855121451,-0.0007273189223469937,0.00512253543751222,-0.004862427358025903,0.003225781731055806,3.891836874596139e-05,0
274,0.16000412787694102,-0.20173437317133172,-0.713975258637957,-0.0515319271009703,-0.007282780449396041,0.0034262781527449404,-0.0015151501434439816,0.0005438611036496304,-0.0004376694620125813,0
297,1.4297985931460149,-1.080512606751796,-0.16772018204906924,-0.018327516451023807,-0.0015171874604883032,0.0027124721112060895,-5.6524069360628484e-05,0.0009163832572695862,-7.111575404451632e-05,0
57,-0.8235957490549758,-0.10780544235363045,0.3045140922890831,-0.03502830887102795,-0.007488198837898155,0.0013974589215685672,0.0024067587617410476,-0.004128585175520275,0.0014898970264194576,0
192,-0.42502290034364654,0.0013824721330593292,-0.4822134023557153,-0.016617686876122747,0.013986044965872383,-0.005081587832978063,0.002004838052476798,-0.000777551687907797,-0.0005962158329187446,0
321,0.5349959222562081,-0.4614346123108997,-0.5526673721404224,-0.04102775189383672,-0.005729497020657453,0.002490879768502367,-0.0006960761126639461,0.0011042295632421235,-0.00026100251817029685,0
330,2.0522703249142342,-1.5125361508244244,0.09989425001213056,-0.0013839021081087845,0.001378930468255802,0.00038631333943450947,0.0007388886018872555,0.00010767244541650279,9.672217653714688e-05,0
259,-1.0129613122968748,-0.1578921905049156,0.6666901868608581,-0.02310161770106831,-0.0005698804780091982,0.008490942916538163,0.0033273289835589266,-0.003995443968124808,0.0009489728890917902,0
217,-0.6191031435175051,-0.050450134928619224,-0.08761178195274152,-0.0041985055962007745,0.008752671955265376,-0.004370291965020102,-0.0018634385252424169,-0.0010046120186065228,-0.00017748985457275313,0
7,-1.0236783296272167,-0.1657278023286315,0.6965519202018327,-0.03205312659814619,0.011735502156715944,0.005520864356512567,-0.005261634919226582,0.003831254140451594,-0.00017134096519478854,0
262,-0.21543978873861083,0.07199351369131608,-0.8258320147714124,0.048017148251457795,0.0017029867596257322,-0.005835016659335053,-0.0041693064835757404,-0.0015073708592578691,6.2038677438887e-05,0
302,0.5418874421465193,-0.46627682193562764,-0.5497172051743382,-0.04143726612630615,-0.005026874060747718,0.004126518317349201,-0.00032921405962326925,0.0012171055728195366,-0.0002135574562243031,0
309,2.4331302961317256,-1.776460955083565,0.26367656897502506,0.008535637800197737,0.0024994120714969498,-0.0006072961836656642,0.0012100992666636652,-0.0006718104439803058,0.00018582839582697013,0
278,2.4309845190506087,-1.7735628997388857,0.2629525406179558,0.008399654609092533,0.0020169846736005103,-0.00061351384943184,0.00016807599665073883,0.0002018864756325939,7.432752517890413e-05,0
305,0.8475766323791365,-0.677264888838111,-0.4181114172167054,-0.03235702047873373,-0.004099899721148609,0.0020575815055760604,-0.0005571771581825803,0.0021923056719821386,-0.00017074104902382233,0
37,-0.7825414907240922,-0.10255288240250289,0.2402908097922875,-0.03350185155815245,0.0035196204355597573,-0.005212003595857512,-0.0022565558841603508,1.9597459946005713e-05,0.0012840355366292625,0
198,-0.40337639604273634,0.012658112377222228,-0.5154196298306876,-0.01617858643969132,0.014636403494063898,-0.0011754103449915089,-0.0007744473113079261,-0.0013599912813428386,0.0010509544875882285,0
346,1.9234998989246417,-1.4233630942952373,0.04449136610142431,-0.0051934586041923,0.000284937085306771,0.001134738466049314,0.001016506725440433,-0.00032917094676897983,9.961706180349771e-05,0
299,0.02864259574846317,-0.10734159991107459,-0.770073091535547,-0.0560915254127401,-0.011364332801565359,-0.00037717825598186536,-0.006183271644748074,-0.0016133373959066543,-0.0011586850291074237,0
249,-0.4413313696854765,-0.00013222600465403867,-0.44916713439666783,-0.02580009961337011,0.016822609294641456,-0.0006535435215266365,-0.00015838198597267544,-0.002319256842493665,0.0007317858551793621,0
46,-1.0307636078232076,-0.1657536855629967,0.7360488999924338,0.015040128732442176,0.006030080220829232,0.0021319355880707962,-0.002717769117310129,-0.0015603013410744103,-0.0006858589988364145,0
35,-0.6243536085420442,-0.05635595999404835,-0.09107254623545945,-0.016835595868465354,0.011818751012539977,-0.005008036806672641,0.0025467388965968577,0.002435694684813727,-0.0003447837975163177,0
66,-0.8136513403699737,-0.10909184669751482,0.309624528053697,-0.025158705348980997,0.0010271577122878798,-0.005175399925417763,-0.004139481748528637,-0.0002539729425826803,0.0014748156008574358,0
354,2.743022081640094,-1.9897180113235562,0.39714723510744876,0.016463296854936728,0.0027898395596914617,-0.0013827679866971385,0.0005584099724175102,-0.00048501524584984904,0.00014603324956608487,0
31,-0.27246123383199095,0.062026244148183,-0.7343142800056683,0.033707070195566416,0.005071674607367002,0.008349090092989564,-0.0015507795839590202,0.002802895463327554,0.0001435615828852168,0
205,-0.23890540810833516,0.06288963212568635,-0.8002049600991263,0.04153326573181573,0.007254419127081114,-0.0017278734581425426,0.0030206490123611237,0.0012242222697082241,-0.00045803286032362694,0
211,-0.2120609879187547,0.06659261824999269,-0.8247689517956004,0.05549031962897946,-0.0016505521208937364,-0.0041907466649371145,0.007468873641132878,0.005813795766279312,-0.00048391147646153717,0
196,-0.4211278156810944,0.0065360785033808,-0.4825529882628279,-0.02551831692874655,0.016518139728153892,0.004061584083540967,-0.001982711068560871,0.0009603063633800347,-0.0005786850348740786,0
301,2.8159075793237442,-2.037105534810494,0.42891480002095184,0.018135766472934772,0.0007086265232862294,-0.0019253493855807908,-0.0010746028954142328,0.000689135355636048,-2.6263448888244954e-05,0
204,-0.29301587068877133,0.04889215812093841,-0.6622157659389145,0.065551111998514,0.0013482752170854504,0.0013764682029128777,0.002285339246005413,-0.0020229617424422294,-0.0009889702072597016,0
257,-1.0261536418641442,-0.16467801115561537,0.7139749326817494,-0.020287113601770712,0.00881045347981221,0.005712288703423106,-0.0056506098219041845,0.004114076048240223,-0.0003479605910832783,0
36,-0.9139041053534539,-0.14094728082859476,0.5076338119066698,-0.01379828654473584,-0.006414949667964365,-0.006601473113325472,0.004185653147196123,0.0013969170172964908,0.0012360223341033418,0
68,-0.32834402639983407,0.036627903499795195,-0.6835384492454899,-0.011095796994129608,0.016229575999385962,-0.0008432427921663728,0.00293432094375304,-0.005311661494986603,0.0008756862455982983,0
224,-1.0181247124644284,-0.15522797948519237,0.7093533608396545,0.0012405288115993778,-0.007063232822785027,0.014061983149163694,0.0003399724933158324,-0.0005476692457837953,-0.00031281422588776614,0
260,-0.29981429250925984,0.04781079029395624,-0.6628441244803452,0.05583939502736578,0.0032900898119345903,-0.0002614312520825206,0.0009176962368151663,-0.0008980382175976586,-0.0005872790439824518,0
353,0.46996304806754124,-0.4164823962364211,-0.5806575631401513,-0.04290481376717568,-0.00614329245518073,0.002609854291842656,-0.0007711213364354332,0.0008064658140951252,-0.00028821505061774256,0
291,-0.15976228173702445,0.02144500162850389,-0.8513192226775402,-0.059891114534966296,-0.011395672224910813,-0.0011898713130158117,-0.00514817792532821,-0.0015437763397246186,-0.0010374212496345168,0
261,-1.0472046414009553,-0.19013868927037209,0.7643496629382596,-0.025067700047072178,-0.0015474617245786557,-0.007494623148099678,0.009377375102861539,0.008890353189299873,-0.0007779611233576083,0
9,-0.3251978075235606,0.03297390231317059,-0.6799523779745734,-0.006870443255832635,0.018564862530063682,-0.0018766055588491073,0.0022595758043604695,-0.002646423659844024,-0.0009033557860968746,0
326,0.534202411596366,-0.46002693752933405,-0.5528978722212646,-0.04084441915106442,-0.006564131033171037,0.0006926502746391172,-0.0019459680698720833,0.0008058966740968692,-0.00044129912897475495,0
210,-0.2670817632495225,0.06328208987403224,-0.7305132696052812,0.04343595875656392,0.006257713551089054,0.006040408694804508,-0.004058751977653234,0.004663346311262938,0.00025809830681939585,0
199,-0.3251978075235606,0.03297390231317059,-0.6799523779745734,-0.006870443255832635,0.018564862530063682,-0.0018766055588491073,0.0022595758043604695,-0.002646423659844024,-0.0009033557860968746,0
272,-1.0509253946602415,-0.18225610081015056,0.721449815049639,-0.03869101513505807,0.01949959055391886,0.0017850438225396569,0.0033078523116400775,-0.0012593566980383325,-0.00150007411444594,0
214,-0.6551113483418057,-0.061682869830137446,-0.01819177116439762,-0.023583666077422342,0.00729929048967658,-0.0036397261955462786,-0.004377931409645086,0.0012273271851383249,0.00010866417526055481,0
197,-1.0236783296272167,-0.1657278023286315,0.6965519202018327,-0.03205312659814619,0.011735502156715944,0.005520864356512567,-0.005261634919226582,0.003831254140451594,-0.00017134096519478854,0
62,-0.27476412252954924,0.05792571095494486,-0.7355039057766483,0.043698722721090544,0.002326270276639698,-0.0005363383708645338,0.0015669818400901136,2.4655569011749255e-05,0.00013865896775437523,0
22,-0.32122269950244936,0.043131528470543606,-0.6773514220431818,-0.008813463822874096,0.019592292578336747,0.0036250415519624656,-0.0002936107409536453,0.003079143878242429,0.0028668190980545225,0
39,-1.0081117907283037,-0.15551003452584655,0.7142031349962186,0.018698416536037536,-0.00021849686823934735,0.002121597377697138,-0.00511571292196471,0.001241110792972315,0.0013416020705022617,0
254,-0.34479383856885326,0.03367763408800476,-0.6062947975565915,0.026642488739305036,0.009952490793703547,-0.0010805838597348295,-0.0015196164884267397,-0.0034515697261664666,-0.0005049131775642589,0
3,-0.29520026801324684,0.051007849526211145,-0.6602812037584647,0.06373704462775612,0.0017143162981857658,0.0013337308579466152,-0.0016351239548400476,-0.005167068704160735,-0.0008578568180320663,0
255,-1.0270521025092036,-0.15921522457900497,0.7038366145739579,-0.0179583393716734,-0.0026756149291788274,0.012565861348329233,0.00037447815491804007,0.0005308955191464069,-8.68429487076653e-05,0
282,0.16026048205739005,-0.20223896423890506,-0.7139042278453828,-0.05129964058479678,-0.0070972212224162745,0.003347183309590887,-0.0011990364925955346,0.000630358946534877,-0.00039152991987106604,0
342,2.754377594821317,-1.9971878616701928,0.40207245707975675,0.016367822352100662,0.0021709422241068255,-0.00106222258155117,0.0005595229889162264,-0.0007607232207935492,0.00013675760649940486,0
206,-0.6264180172924959,-0.044797764036768044,-0.09040131469319507,-0.015129527436108216,0.001039489235527742,0.005873560031995867,0.003861368626758337,-0.0034312130242391994,0.0014046149561235091,0
233,-1.0033272847462362,-0.15351502755225047,0.7176152688066868,0.02315940387093428,-0.0015037390022991039,0.0077347597828593875,-0.006622886728666524,0.003664460721141154,-0.00023762293470569034,0
221,-0.27246123383199095,0.062026244148183,-0.7343142800056683,0.033707070195566416,0.005071674607367002,0.008349090092989564,-0.0015507795839590202,0.002802895463327554,0.0001435615828852168,0
316,2.8165784958644107,-2.0380096237342995,0.4291397683056593,0.01809184897927535,0.000884014162549525,-0.0017939958187094922,-0.0007515577823111782,0.0003670193786479979,6.339052755067413e-06,0
74,-1.0121094182872394,-0.16872895970768212,0.6602980838157118,-0.03380962346603494,0.012569107972351314,-0.001814491390287439,-0.0014203029039066004,-0.0026811859893673884,-0.0008512608158017848,0
24,-0.6551113483418057,-0.061682869830137446,-0.01819177116439762,-0.023583666077422342,0.00729929048967658,-0.0036397261955462786,-0.004377931409645086,0.0012273271851383249,0.00010866417526055481,0
225,-0.6243536085420442,-0.05635595999404835,-0.09107254623545945,-0.016835595868465354,0.011818751012539977,-0.005008036806672641,0.0025467388965968577,0.002435694684813727,-0.0003447837975163177,0
286,2.243953749069371,-1.6450147816737009,0.18236464499490412,0.0034284021280208458,0.0013105873204680048,-5.4623895075776174e-05,0.0009707094937748534,-0.00041519951991102417,0.00013529088299371638,0
241,-0.30074856408321743,0.04654547369680203,-0.6642221579150421,0.05369333646460914,0.00371818851376014,-0.0007442968265089469,0.0022997868991049383,0.0008951197973141705,-0.000518549620691155,0
347,2.748405624490993,-1.993469694241275,0.3994379010730868,0.015896449470638792,0.002346477968946018,-0.000549003824003382,0.0008789408099813824,-0.001227440560995237,0.0001620862192450453,0
79,-0.599954233817545,-0.04322760273045429,-0.1594082171300569,-0.0327638415039831,0.005925407115886591,0.005868218724748884,0.00916337791073281,-0.0014718723933120955,0.0008772007545409168,0
71,-1.0472046414009553,-0.19013868927037209,0.7643496629382596,-0.025067700047072178,-0.0015474617245786557,-0.007494623148099678,0.009377375102861539,0.008890353189299873,-0.0007779611233576083,0
38,-1.0229606401727025,-0.1583384920027547,0.7061946203636137,-0.010783727760306262,-0.004112667990196982,0.0138088428978413,0.0009232296008856582,-0.0007396589631327371,-0.0004082146383236635,0
304,0.02907164178211433,-0.10963325334384257,-0.7701268957874514,-0.05532223329287904,-0.009532642596090397,0.001253970519685255,-0.003795131177065542,-0.0006130706392754282,-0.0008010995440743133,0
263,-0.7833959667169429,-0.09626322090309035,0.24073832071831974,-0.011157045750375646,-0.01366248274884692,-0.0023377201917906274,0.002076067619460077,-0.004682624910099599,0.0002620555785026157,0
322,0.534663488958013,-0.4586239634328949,-0.5524896125127945,-0.04207915664272877,-0.007266259020361353,0.0015691473695023895,-0.003498096131719955,0.0005894528935135057,-0.0006617137066209196,0
75,-0.5773495551521164,-0.03508061656833125,-0.14749142548486052,0.0054088896576517075,0.007696063629529039,0.0008009700594007142,-0.0018707710857972328,-0.0012735624536048531,0.000975320643876273,0
345,-0.15684367566284696,0.019036013510540215,-0.8501110086222317,-0.05991709637469076,-0.010818082064438172,-0.00011117807464766203,-0.004512073832188308,-0.0012275831925510033,-0.0009406181064702348,0
195,-0.9024447298938812,-0.13668727947425985,0.5145822596076955,0.010504675142439015,-0.0091771427542201,-0.007616445675095888,-0.0007400401195585369,0.0026378296600186825,-6.967275203336462e-05,0
191,-0.32601529211727037,0.03620400379243227,-0.679853388605535,-0.004702318561809245,0.01759178369861296,-0.003193775863634421,-0.0009870860269743371,-0.0024473778246501764,-0.00032001757446696897,0
12,-0.8640571743029271,-0.1222005997667113,0.407743103872712,-0.008793980982524858,0.002384750313718361,-0.00547445599465811,-0.003034916783810874,-0.0035028124356705523,0.0011131152733360513,0
6,-0.4211278156810944,0.0065360785033808,-0.4825529882628279,-0.02551831692874655,0.016518139728153892,0.004061584083540967,-0.001982711068560871,0.0009603063633800347,-0.0005786850348740786,0
293,0.028887417986561657,-0.10928655527774431,-0.7701870220107554,-0.055164253989124314,-0.010430613888016037,-0.00030032145936450036,-0.004373755963048359,-0.0013108874252644748,-0.00090058558332936,0
219,-0.42537706879545367,0.0016465132786504287,-0.48259946449368285,-0.02079417348916164,0.015370998730690127,-0.0037265170060145074,-0.00027065317514643326,-0.005506828827898299,-0.0009564413084104808,0
30,-0.7826877801299283,-0.0980268574374883,0.24100629121743794,-0.026481807860801673,-0.0021050986980213843,-0.0036076390172035794,-0.0022260780145953946,-0.0008548794360457326,0.0016953631733343827,0
215,-0.4161935169827307,0.011501313573167225,-0.47900174521597566,-0.009787763475036602,0.012282469871852598,0.0031019926992322715,-0.0034402334659815502,0.0031315629955065032,-2.3695999370618072e-05,0
298,0.5375115078890034,-0.4623492760651061,-0.55148782871259,-0.041750770452433535,-0.006066416364494327,0.003274987617666713,-0.0013640010270062242,0.0009310261202712696,-0.00035803172030404864,0
80,-0.39875360618282907,0.02288963632368959,-0.511079111227089,0.010111540518223812,-0.002749064896253891,0.006130780049744949,0.0046013151926638535,-0.004152728103620862,0.0013344114877253993,0
310,1.9234740691700414,-1.4244332839264335,0.04433795511419849,-0.004666794693911031,0.0006721519465027223,0.0004960194440377031,0.0017525277611384535,-0.0006566524337097868,0.00018958858973951617,0
58,-0.8768609724568968,-0.13002837368397274,0.4014465473365853,-0.03620095544655149,0.008466663046526787,-0.0060169495438691135,-0.0034178287748073267,-0.003002446026476829,-0.00038618219314911513,0
28,-1.0012929897437859,-0.15300228428018614,0.7187991350566166,0.026729971635944958,-0.0022187205981665484,0.008361272157857483,-0.006460012269221763,0.0029318076162214842,-0.00039487773023037706,0
352,1.1710096274990467,-0.9023901349324688,-0.2791864957853213,-0.024791427248151254,-0.003018770837456882,0.0027415752970421006,0.0010157827899783954,0.0003278576211798377,1.817812346968201e-05,0
312,2.8158910081765898,-2.0377999653676966,0.42881407927114235,0.01817790793179354,0.001463378180801043,-0.001758876527627347,-0.0007913514085341268,0.0004906841078427248,5.760229836985233e-06,0
59,-0.4413313696854765,-0.00013222600465403867,-0.44916713439666783,-0.02580009961337011,0.016822609294641456,-0.0006535435215266365,-0.00015838198597267544,-0.002319256842493665,0.0007317858551793621,0
223,-1.0024760069498961,-0.15848857135253885,0.7169868194194703,0.03809308975728504,-0.008376885319952562,0.0035500165718447374,0.002208231362704607,-0.0016730453898173166,-0.0010597866018066488,0
268,-0.3979151951778992,0.025011480959546084,-0.46413409182634163,0.041882782593994194,-0.003918502758115593,0.006834241017621584,-0.0028701624821511136,0.00277994498353959,0.00021093102577828806,0
324,0.15644215284847962,-0.19728833326856215,-0.7152660230058403,-0.051631997567165966,-0.009595452813165034,-0.00027497894047798845,-0.004336992983205731,-0.0006689082275294962,-0.0008607845340299941,0
4,-0.629138118638009,-0.04543129142999727,-0.0919765251109933,-0.01990156594407363,0.001995187326245875,0.00504159477179006,0.003569050505870709,-0.0025199738322419646,0.0016166005539895408,0
318,2.110115698654973,-1.5488455521677007,0.1252836209644607,-0.00024102192656165505,-0.0010082612204250917,3.518300244206513e-06,-0.0013666968856176148,0.0016242262156071605,-0.00013031656683998557,0
382,-0.4734927443716993,-0.0020091830902560417,-0.29892784845366277,0.04372594460249727,-0.006603355695793241,-0.001444769641019318,-0.00347768039854829,-0.0004546077285849718,0.0014183819470642725,1
152,-0.5028974349964374,-0.017068121086204268,-0.27290297450728407,0.02597165663077258,-0.005265884111440785,-0.005000106892843906,0.001963831064739968,0.0007861725700651417,-0.00016041032811212985,1
389,-0.5811039868873614,-0.0305008743751354,-0.14632454536715986,0.024353187005776315,-0.008811089853187645,0.002978566540732682,0.0036953110975479716,-0.0040345405303281,3.101712076762079e-05,1
427,-0.8666874649323202,-0.12739779337537283,0.4043488321215296,-0.016367552496536177,0.0037148336439362696,-0.004769747353403948,-0.0005916888894481933,-0.001242610173414075,-0.0005774252500377659,1
463,1.0733680606256781,1.1077260731619263,-0.05329198328734908,-0.01644516553107481,-0.0012215536876481487,0.0007194572996298638,0.0009363907289060189,0.001386316328338223,9.372815662787587e-05,1
465,2.4600800036841393,2.2209960910622764,0.8289665319668686,0.024551374748683737,0.002931730599888012,0.0005512642285887016,-0.00105753572207813,-0.0019837288995389704,0.0004935123180170381,1
510,1.9696731140961847,1.8286035383643051,0.5171662444354125,0.010437387484183566,0.0014198598840945288,0.0005112131083600363,-0.0020556682028156615,-0.00030591046086180353,-4.1684535628427885e-05,1
390,-0.6267486403733854,-0.05727833445311174,-0.051219461536729384,-0.008163003800441678,-0.0019787060086303263,-0.009928327313045139,-0.00224588839418374,5.0957440845905594e-06,0.00017310255581899284,1
184,-0.8106626895083109,-0.10766473890250179,0.31107209451107004,-0.002846289252599546,-0.011519627601340173,-0.003942493299660633,0.002122702981456948,-0.002094073384178649,-8.896739941096003e-05,1
541,2.53601553156457,2.2824120775652457,0.8774439865437426,0.0314025213168873,0.0023984555704764728,-0.0024181993371368013,-0.0010184123849227434,-0.0012565503542010398,-0.0003216507515050868,1
170,-0.5021313400393134,-0.01578152182929317,-0.2718571617324511,0.019943409047608048,-0.0015597355000043667,-0.0029406528876500695,-0.001985453474354658,0.0008411450084390292,-0.00017169119951541392,1
506,1.7064745255197629,1.6162891273274382,0.3495833741275948,0.003751407266583122,0.00014962182605084425,-0.00014326694370984832,-0.00023624327663444817,-0.0005939705723218045,-1.1825007064469118e-05,1
493,0.7122845306135669,0.8187009361667857,-0.28290093627709306,-0.027700161625891864,-0.0014574219583008802,0.0013576676815733942,0.0007948412222615373,0.0012217911482524134,5.367486061201427e-05,1
451,-0.7982133444605622,-0.09512650588767334,0.32033207490496796,0.015467323774262225,-0.013820328971290673,0.002090027149794245,-0.005848252206326013,0.0039816052492532865,0.0007901642088176989,1
534,1.8060124771460655,1.6968232123618585,0.41298996961378104,0.005888599020300533,0.0013276479426373054,0.0004087183352117706,-0.0008570329629390572,-0.0010088644278914009,0.00010281386770234152,1
424,-0.665799931669158,-0.07185477883202468,0.012325447272612701,-0.011683816617726779,0.004673151326142314,-0.006191164281350004,0.003947966386734913,0.002403933565529742,-0.0006099602520628052,1
183,-0.6109107400182611,-0.04704635323838466,-0.04118815810314332,0.032363684799897645,-0.014083203910134361,-0.007075588151440473,-0.0016040030175361237,-0.00017256329299883028,0.0002894452562409306,1
485,1.65179065954052,1.572680171224358,0.3148231036390921,0.001575500770461272,0.0003096009639222649,0.00012572970749802015,-0.0005704744856340088,0.000292764682511311,-3.908461831219383e-05,1
407,-0.6870442177196742,-0.06863757244190852,0.08945182510291656,0.02233265744218764,-0.007787012143542591,-0.000472516549328575,0.0025220901631793306,0.004211095930516875,-5.1194976233392354e-05,1
371,-0.7949143759008155,-0.09728476031703118,0.32183452466560875,0.021852562854047207,-0.010558891803482406,-0.0044030069027948945,-0.005831128397370842,0.0013657463882584169,0.001887428679731611,1
548,2.283881838369926,2.079935525833041,0.7169607716305771,0.021072985498384114,0.002192164802669661,-0.0005533055996217637,-0.0010235779624758025,-0.0009307649493340591,6.571465680128354e-05,1
113,-0.5129199426535704,-0.02087981153304984,-0.27751372225704535,0.004628038212616903,-0.001559495260474006,-0.004346423553112456,0.0019376633151648075,-0.0018562260422832929,-0.00029674072597039955,1
512,1.8061950857810602,1.6969964466128824,0.4131082000527899,0.005795233729408852,0.001362526427921388,0.0004796689700627704,-0.0008946113952571493,-0.0010485637286208457,0.00011651060599995555,1
392,-0.31115251983007686,0.040732316526736624,-0.6709624661319993,0.02832769490310719,0.009884663548663804,-0.0014206931177529866,0.0025576157895942993,9.563693897256147e-06,-0.0006294209163918807,1
565,1.5665238740964589,1.5031116322950528,0.26045044273358864,0.0012722518815834656,-0.0007332414238274183,-0.001447541374555167,0.0011356534204252213,0.0007888871622418749,-0.00020290567203573242,1
469,1.0751380350092543,1.109467508905708,-0.052140356089290026,-0.017630629862751716,-0.0009576789682333875,0.001733464560130355,0.0004369232726961043,0.00015623498492924357,0.0002963282609245082,1
112,-0.5766895373133332,-0.023811108161737617,-0.1434740805326789,0.02938292675237805,-0.00977028642951628,0.005859543068185628,0.00205023199813055,-0.0011427017867382196,0.001966779961864793,1
385,-0.5766895373133332,-0.023811108161737617,-0.1434740805326789,0.02938292675237805,-0.00977028642951628,0.005859543068185628,0.00205023199813055,-0.0011427017867382196,0.001966779961864793,1
358,-1.0850940365970259,-0.18925444612649955,0.807973716810623,-0.02879585860751073,0.010435026232558578,-0.002220303235838844,-0.0006043372134151508,3.521908105801843e-06,-0.000918183021351929,1
443,-0.5021313400393134,-0.01578152182929317,-0.2718571617324511,0.019943409047608048,-0.0015597355000043667,-0.0029406528876500695,-0.001985453474354658,0.0008411450084390292,-0.00017169119951541392,1
169,-0.5123507375650921,-0.019108310401283458,-0.27721856929773425,0.009009139844484801,-0.005049704865827081,-0.002795966112277764,0.0034183121730575424,-0.0022579647667856154,-0.0002414203980768399,1
458,-0.7719692728326749,-0.09173421205416785,0.26923476829985926,0.032299094260206385,-0.0027871707260795717,-0.001976555831987243,-0.004888791361903039,0.0007462228468625834,-0.00019323279404749854,1
89,-0.6262795732115856,-0.05665823716812422,-0.05053126615773442,-0.0070871477473227265,-0.002193354038998083,-0.009687742589110914,-0.0029181030493265533,-0.000875038128284401,0.00013815839802765615,1
172,-1.1015669177491194,-0.1889927078570907,0.8644580367827216,0.009449514212927907,0.002698106019776939,0.004504684059932537,0.005430768954480777,0.0023450262655981607,-0.0008651366946517504,1
121,-1.019565031385641,-0.16884384865322222,0.7052992106203049,-0.006555625950233947,0.005874868944076096,-0.000706942485532652,-0.0005657649526913112,-0.0013867667306783286,-0.0009748312401530982,1
136,-0.5008620276319227,-0.01676297918539336,-0.2693858653481188,0.03028662441341185,-0.005529083650275587,-0.004370425215197288,0.0015972687345362276,-0.0005377867677035565,-0.00044449291081807455,1
160,-0.3086024189258676,0.05149726466882223,-0.6686567811652009,0.029630468282062224,0.003987355283273657,0.009979181439295607,-5.405967730675587e-05,0.001718417168800102,-3.981922193772182e-05,1
143,-1.009261833689362,-0.1574375717697287,0.7067400760199788,0.0031345974806683864,0.003266224625530781,0.006803674594821271,-0.006200679751248047,0.003947379268266728,-0.00010908016168340891,1
561,0.6539091359198929,0.7703383222240955,-0.3202212446230027,-0.027136189163224918,-0.00327610885950778,-0.0002533867609103335,0.0024371737392334747,0.0016974087572482956,-0.00014255247824428947,1
95,-0.7975186368101012,-0.09495400243039016,0.3207366568949648,0.01666090413073943,-0.01358783153195437,0.0016968010475596066,-0.006254960005523785,0.00430180215011549,0.0008212136154735267,1
166,-0.8205092894944043,-0.11177576555656978,0.3265769663532413,-0.004175050196578105,0.0001838340368548789,-0.005943502461584315,-0.0019099213907722964,-0.0003515444022479725,-0.00027580588451891786,1
421,-1.0719140724232634,-0.1769584368490555,0.8143411882398446,0.00456445363876308,-0.003566794669579495,0.004832752565601678,0.00040153229899861516,-0.0018633291385737958,-0.000720542492582273,1
131,-0.5056536820573028,-0.024355547777220123,-0.2744973107898389,0.016693444665909052,-0.0008528235166560782,-0.006781878529246868,0.007006133344656817,0.006333924972045228,-0.0004502244632234033,1
494,2.4352822474790625,2.2013281968730127,0.8133086592168534,0.027724141090613767,0.002416003503601779,-0.0019315312072223684,-0.0005303952031599171,-0.0015968886939542089,-0.0001285498048159931,1
396,-0.7582036209281466,-0.10404354572771664,0.21088951499938635,-0.007219641077244501,-0.003300691933292047,-0.009209350230919566,0.009476604303524377,0.0097467968902173,-0.00040835519182704123,1
181,-0.4736179155958775,-0.0030259156451448686,-0.29913942001293564,0.04431004115661663,-0.007209756299043321,-0.00080712588331549,-0.00459548091977587,-0.0001342346442544508,-4.05072268315867e-05,1
163,-0.8085547450703341,-0.10776936413829853,0.31412981400742473,0.0013074693676050962,-0.0097595787746759,-0.006041130681588568,0.0004436264002685805,-0.00021365044373383685,5.871872347480683e-06,1
91,-1.0648842409060613,-0.18161073563890373,0.8060709332963817,0.004084487534776766,0.0027818882743307575,-0.0002960092185048596,0.00048106288150902505,0.0003729284353617988,-0.0009487178192213197,1
450,-0.49870026946387,-0.014642795437793505,-0.26873645010806746,0.028761833463769808,-0.00358505708379115,-0.0026938169576985055,-0.001450639415963163,0.0005000316563352309,-0.00031081828205998754,1
173,-0.5094147654037674,-0.01667918617528452,-0.27580675711801195,0.0014950542136665658,0.0032257621163507334,-0.003464326002708056,-0.002757916489337785,0.00021955043245089966,0.0014783396521129975,1
365,-1.0117992232229236,-0.1591789862058108,0.7054814287946263,-0.0032167615084013686,0.004873183854308088,0.006844149992649516,-0.005889969093159006,0.00351292334311576,-0.00021961724877703827,1
185,-0.7719692728326749,-0.09173421205416785,0.26923476829985926,0.032299094260206385,-0.0027871707260795717,-0.001976555831987243,-0.004888791361903039,0.0007462228468625834,-0.00019323279404749854,1
514,1.2872535751628786,1.2793258981302726,0.08278666352350285,-0.00935571004784505,-0.0011294337206894083,0.00022993523140721477,0.0006411633550850894,0.000893346895741015,1.0893129864814744e-05,1
403,-0.9158614947160131,-0.1425573187375897,0.5074074249344254,-0.022707490975281682,-0.0008919409308849686,-0.007545295755970409,-0.003433899856891782,-0.002698791624214868,-0.00038846543679397735,1
111,-0.665689244719137,-0.07246861302620064,0.0122545337867885,-0.011544134178362891,0.004643630469764431,-0.006232773076643741,0.0048743754879914175,0.0032131501806422712,-0.0006378985194248159,1
521,1.075046131924324,1.1094481953778979,-0.0521891182968549,-0.017565590942904604,-0.0009002781048472452,0.0016912787367037822,0.00042008318663342277,0.0001682328301443041,0.000282448587935297,1
449,-0.3107165937152523,0.04732141342519379,-0.6700571761808365,0.023071599203223273,0.008240469538983202,0.006931050193201691,-0.00031160604402097076,0.0011905165338078297,-0.0002794715209691718,1
388,-1.0092602840837188,-0.16250391212847376,0.705256135050081,0.01404181018340902,0.0006739873585413948,-0.0008125818332369877,-0.0017929774274514677,-0.00015233246295819967,-0.0005335101154660909,1
115,-1.0092602840837188,-0.16250391212847376,0.705256135050081,0.01404181018340902,0.0006739873585413948,-0.0008125818332369877,-0.0017929774274514677,-0.00015233246295819967,-0.0005335101154660909,1
462,-0.571290340812089,-0.030610278857251122,-0.141969243865481,0.02513449093667405,0.00257548657903058,-0.00031603086369429937,-0.0020890297895349514,0.001063016936707334,0.0013771655712977154,1
167,-0.5775903299964208,-0.03109229208793557,-0.14484933782907675,0.023072740288402217,-0.0035544845620450387,0.0018157946412292259,0.00035222119067412016,-0.0013723566480303307,3.4931290265915824e-05,1
518,1.0358629610769374,1.0772904423018435,-0.07720111358891385,-0.017573951755608566,-0.0013760591680460304,0.0008721953495910119,0.001506826023331834,0.0002648384709555874,0.00024537179670208644,1
101,-0.7533088632598398,-0.09192599530746777,0.2153380489593228,0.005238258811918222,-0.006315480020828116,-0.007953854140041794,-0.003975122509709254,-0.0018823579546006545,-1.724893734084024e-05,1
442,-0.5123507375650921,-0.019108310401283458,-0.27721856929773425,0.009009139844484801,-0.005049704865827081,-0.002795966112277764,0.0034183121730575424,-0.0022579647667856154,-0.0002414203980768399,1
129,-0.6878531307943516,-0.06728523782381962,0.08820169758429097,0.01731880744497359,-0.006131079986204847,-0.0002937662796501784,0.0027246726401780864,0.004090790853377839,0.0014971622348024828,1
461,-0.8348834258968643,-0.11036729485694562,0.3456156786338028,0.008298308669915308,-0.002790941552307992,0.0019319204309993392,0.0038856323561325358,-0.0015368138412469666,-0.0005502278776219192,1
171,-0.34653683692677384,0.03931547253602719,-0.6042098735484093,0.038998583376788035,-0.0017243796208699382,0.002786252563279738,0.003452023486935057,-0.0024389449726228566,5.019989499113455e-05,1
440,-0.5775903299964208,-0.03109229208793557,-0.14484933782907675,0.023072740288402217,-0.0035544845620450387,0.0018157946412292259,0.00035222119067412016,-0.0013723566480303307,3.4931290265915824e-05,1
188,-0.8348834258968643,-0.11036729485694562,0.3456156786338028,0.008298308669915308,-0.002790941552307992,0.0019319204309993392,0.0038856323561325358,-0.0015368138412469666,-0.0005502278776219192,1
549,0.711018720987755,0.8177617210300877,-0.28368372843098977,-0.027249365385824512,-0.00159398720235844,0.0010896951910009996,0.0007631845106048959,0.0010872805272316302,-3.1965412377533085e-05,1
137,-0.5166314845569914,-0.02324877609029098,-0.2783151619194077,-0.004731474465947187,0.0026359329154040417,-0.006082225980702076,0.00011771586640134427,-0.0016735147840873212,-0.0002676913240856637,1
560,0.65393722162205,0.7703759805027464,-0.32020214862522617,-0.027187262839788253,-0.0032246731913913233,-0.00021902924508007077,0.00243726987526507,0.0016754171035041564,-0.00013115172508228442,1
155,-1.076196006758139,-0.18588905020471644,0.8071359535424754,-0.014319200576880025,0.007065479555553976,-0.0013730692584718977,-0.00012645398394319895,0.00016616532877498325,-0.0009316269743102303,1
464,1.7090228293750724,1.6181804254757715,0.35116914199034255,0.0032800141859664653,0.0008402987447373398,0.00013138686479354167,0.00025474020169842466,-0.0006927412079282659,0.00019167131644193714,1
520,0.0810205135084733,0.3109944290219501,-0.6846906273292575,-0.04769610690612811,-0.003471242815772762,0.0024300318743736143,0.0026336834629116027,0.0009431678895161279,0.00036525286730474624,1
399,-0.8352812370501406,-0.10895020279219453,0.3452421389845475,0.011663775257360974,-0.007823310255994769,0.004993511967397994,0.007399954311624779,-0.0025521538031150546,-0.0006362168019527822,1
441,-1.0222850719420404,-0.1667363573119903,0.7040463980667988,-0.013025709530654744,0.007085893702144221,1.753637297404026e-05,-0.003453099105585663,0.00026235670623486117,-0.0004506394464300267,1
369,-1.076560993349118,-0.17935768287719447,0.8005870646635274,-0.008476518037427966,-0.005191611679333016,0.005949292793721647,0.0048907346185761095,-0.004786129522110244,-0.0007724977876903435,1
366,-0.6452129149057685,-0.057488726036248126,0.029033094988271814,0.04077383810065931,-0.008002563623847814,-0.004246537174651472,-0.0005125117780720037,0.0001342184974809333,-0.0004104698060860969,1
377,-0.5113150400687052,-0.017361313175499066,-0.27695604059380224,-0.002575130510783646,0.0041553552663219605,-0.0037682470430294196,-0.0029843621465118664,0.00024214458694998183,0.0015330241501364742,1
564,1.6506904349948628,1.5715193245147225,0.31407274776495675,0.0011232537361250963,0.00044021065562564884,0.0004116483198418966,-0.0001887828057013568,-0.00019066546485142254,0.00013066995206715488,1
487,0.08128098650278129,0.3110523873130833,-0.6845490968994832,-0.04769590194816524,-0.0034210845888830894,0.0023492606364421535,0.0028281057356082163,0.001306475505691645,0.0003812114265302391,1
397,-0.47042536646875077,-0.0020517826203047132,-0.2972562392874251,0.04992087495379928,-0.008332863242725292,0.00019483871315736765,-0.004582417753319233,-0.0015066408670551027,-0.00028171089387002375,1
124,-0.47042536646875077,-0.0020517826203047132,-0.2972562392874251,0.04992087495379928,-0.008332863242725292,0.00019483871315736765,-0.004582417753319233,-0.0015066408670551027,-0.00028171089387002375,1
453,-0.4738793392536611,-0.002214432334153914,-0.2991689021251578,0.043042745295965454,-0.006466819413486105,-0.0015757531199247028,-0.003354321240454138,-0.00017374928262239823,0.001444712341272478,1
511,0.7102958180383347,0.8167883579308106,-0.2841804210905512,-0.026287339507518402,-0.0019516104433902847,0.000578778454972126,0.0014374840089353997,8.18531093592944e-05,-3.417397368061119e-05,1
97,-0.5009133764046488,-0.017437141467131167,-0.2720142877134861,0.027907126972081274,-0.003629843797977119,-0.0062766179640070955,0.0009002418038020553,0.0017079713394670764,-0.00016779964508440278,1
146,-0.8143456689275471,-0.10813771357371157,0.3095853106431273,-0.006316249007038531,-0.014395108354914836,-0.0018765364901938849,0.005560082717003531,-0.0021739094019297142,-0.00010099609021072968,1
149,-1.1229512021432795,-0.19494195457998764,0.8909797364039287,-0.012782242078369949,0.0007492721394348065,0.002952742811474306,0.0018938597221467804,-0.002478001626748867,-0.0006304840376368902,1
429,-0.7952676348123708,-0.09845631373783713,0.32146327618689186,0.02204560479744648,-0.011081516039363828,-0.003869884727309417,-0.0068718834121473645,0.001763590100333909,0.00043557283530067066,1
567,2.2831587249695917,2.0796691578074062,0.7165672115594545,0.021933437725121244,0.00233815909751453,-0.0010946158831608526,-0.0010974203335122753,-0.0008542095184134648,-0.00010009491879145841,1
175,-0.867803168960506,-0.12801648867398274,0.40377590872588154,-0.018870293270454162,0.004452215112773939,-0.005056469110007718,-0.0006421292499615967,-0.0010378877945125629,-0.0005558346773738644,1
387,-1.0689065029986575,-0.1811465616935543,0.8015677450380495,-0.004527805168934772,0.00451343211565877,-0.0016557000388264299,-0.002016568735937343,0.0002432514921861231,-0.0004824582359168377,1
436,-0.8085547450703341,-0.10776936413829853,0.31412981400742473,0.0013074693676050962,-0.0097595787746759,-0.006041130681588568,0.0004436264002685805,-0.00021365044373383685,5.871872347480683e-06,1
168,-1.0222850719420404,-0.1667363573119903,0.7040463980667988,-0.013025709530654744,0.007085893702144221,1.753637297404026e-05,-0.003453099105585663,0.00026235670623486117,-0.0004506394464300267,1
106,-0.8148385207987687,-0.10816906292538374,0.3091985386802953,-0.006965085696874686,-0.014789627344294525,-0.001522097701027364,0.005995532246629772,-0.0023407424184650424,-0.00011009137044909696,1
498,0.1860351571283179,0.39521583251646847,-0.6178624094292439,-0.043161748125531016,-0.003846063272363277,0.0014025822911765667,0.0024740752044032223,0.0016372177522946557,7.69588093687787e-05,1
553,0.7123756063600772,0.818081930328537,-0.2829609050521863,-0.02830499903919806,-0.0019737481647416296,0.0017216189252414254,0.001229653516356071,0.0009756394142339873,0.00023601361282902354,1
412,-0.8345125920212387,-0.1116882878410833,0.3459638869600207,0.005161068782014015,0.0019001606819931838,-0.0009220514741982147,0.0006096316200605636,-0.0005903284296742527,-0.00047007023043714756,1
490,1.0706021450834151,1.105959492742413,-0.054937800815011956,-0.014466565491157685,-0.0016549619336961958,-0.0004615170314671093,0.0006782465633786071,0.0011931855327546215,-0.0003064662140591903,1
92,-1.0117992232229236,-0.1591789862058108,0.7054814287946263,-0.0032167615084013686,0.004873183854308088,0.006844149992649516,-0.005889969093159006,0.00351292334311576,-0.00021961724877703827,1
402,-0.6878531307943516,-0.06728523782381962,0.08820169758429097,0.01731880744497359,-0.006131079986204847,-0.0002937662796501784,0.0027246726401780864,0.004090790853377839,0.0014971622348024828,1
379,-0.8148385207987687,-0.10816906292538374,0.3091985386802953,-0.006965085696874686,-0.014789627344294525,-0.001522097701027364,0.005995532246629772,-0.0023407424184650424,-0.00011009137044909696,1
161,-1.1056846090981751,-0.18550069416413928,0.8641753940914854,0.00658339479950326,-0.0012790939760542247,0.00790578125006115,0.0041987426697264905,-0.0034089326736301702,-0.0008412837772131179,1
126,-0.8352812370501406,-0.10895020279219453,0.3452421389845475,0.011663775257360974,-0.007823310255994769,0.004993511967397994,0.007399954311624779,-0.0025521538031150546,-0.0006362168019527822,1
523,2.2754306323826543,2.0730171624647333,0.7115817059370901,0.02169930014826857,0.0016556019743079109,-0.0011334794334870839,-0.0009377558532397623,-0.0006227978055842594,-0.00010361722840687366,1
544,1.334517548307483,1.3176005005013054,0.11292656358652782,-0.007067917981774716,-0.0009734505756855083,-0.0002964331417917109,0.00040071065998539704,0.0007788506757284146,-0.00015863279998648707,1
435,-0.670571983912851,-0.06696283657207963,0.012654270530669778,-0.010068239558511972,-0.0023795188472754683,-0.0030637464039437964,0.004338670447034937,-0.0004983825443810228,-0.0001700704737324386,1
555,1.8065823746570269,1.697172251775461,0.413327225710046,0.005494034739927461,0.0013281787614142324,0.0006556532775650616,-0.000833480429826848,-0.0010085432827030792,0.00017799996844408773,1
484,0.7122716367676236,0.8182193978819898,-0.2829934034951824,-0.02832284822008462,-0.0019050590224383229,0.0017729639267774165,0.0009843963903619609,0.0008998158319139289,0.00020150085461757567,1
88,-1.0120980922560183,-0.14994580896475723,0.705632288141719,0.01352180794883119,-0.010597162636757546,0.01249887001410825,-0.0012891943823691797,0.0023822140513050202,0.0005131943262614956,1
128,-0.5111990790089932,-0.01552407604211556,-0.27662139362620775,0.017873314254742974,-0.012111359506561446,0.00034103602236157263,0.006414072331014714,-0.0030707927768550978,-0.00012949214895464816,1
157,-0.8046330831699338,-0.10659569671226839,0.3137530287779479,0.003494848471848365,-0.007179140852852101,-0.007281994945090961,-0.0035134034755961857,-0.0019171952369627446,-3.633418907814374e-05,1
372,-0.34448598870635694,0.03573484230944282,-0.6041683907728148,0.035387161188748545,0.003973846887383958,0.0005607874166914457,0.002283432234854305,-0.0013295401102269508,-0.0002823871907035264,1
516,0.7119841980210189,0.8177804075572341,-0.2831765952487204,-0.026792433739107537,-0.002590019379682134,0.0007124029533769095,0.0012021523557443254,0.001552183263803736,-7.9022866633407e-05,1
420,-0.7958417535212793,-0.09949634399322627,0.32086955202449285,0.0211360975292084,-0.010843649900167378,-0.004384313018219709,-0.006082916347866496,0.001801556389614214,0.00037544919331570814,1
398,-0.5729826893499904,-0.03074884558761715,-0.14272664302067017,0.021219073773775306,0.003440985915288772,-0.00019464282046035474,-0.002630962561589492,0.0014998134260803232,0.001485664714020871,1
140,-0.31387810022203183,0.0448336225909302,-0.6727840826843847,0.022946535280366453,0.005898133451761026,0.005012395160481549,0.003783569970640699,0.0012376372010165487,-0.0002711210224460512,1
370,-0.5009133764046488,-0.017437141467131167,-0.2720142877134861,0.027907126972081274,-0.003629843797977119,-0.0062766179640070955,0.0009002418038020553,0.0017079713394670764,-0.00016779964508440278,1
384,-0.665689244719137,-0.07246861302620064,0.0122545337867885,-0.011544134178362891,0.004643630469764431,-0.006232773076643741,0.0048743754879914175,0.0032131501806422712,-0.0006378985194248159,1
93,-0.6452129149057685,-0.057488726036248126,0.029033094988271814,0.04077383810065931,-0.008002563623847814,-0.004246537174651472,-0.0005125117780720037,0.0001342184974809333,-0.0004104698060860969,1
556,0.08205142719392904,0.3117186021758518,-0.6840554014969511,-0.047855931092471334,-0.0033383915653518795,0.0024769851577036545,0.002768894635137114,0.0012407102520131774,0.00040831280803017503,1
446,-0.5094147654037674,-0.01667918617528452,-0.27580675711801195,0.0014950542136665658,0.0032257621163507334,-0.003464326002708056,-0.002757916489337785,0.00021955043245089966,0.0014783396521129975,1
480,0.7127680598162096,0.817566298461045,-0.2828377830960715,-0.028240190814541544,-0.0022316162526365628,0.0015303664232723486,0.002152024276793195,0.0012600078796478934,0.00036643986745603645,1
517,0.7156935590446861,0.8214459195667082,-0.28074857725586405,-0.02848933146357467,-0.0013238915494429896,0.0019953683279740012,0.0006493161941890405,0.0007236835472327011,0.00021412653505461287,1
509,1.2865046165742695,1.2786009507246927,0.08228594912983639,-0.009628140194381563,-0.000954591713337507,0.00036471467281530296,0.0008546221719526887,0.0008240913082007188,9.938403194160352e-05,1
476,2.4389516147243793,2.2047846212272506,0.815710577512704,0.02739557249948042,0.0025015101174426994,-0.0016718038742055809,-0.0013532513852581335,-0.0009553612645129937,-0.00023125826436215757,1
133,-0.655676099016612,-0.05801504650620801,0.02195503774748875,0.025201740562224465,-0.008560090923659348,-0.004807781259691476,0.0004301346118929665,0.0019854638523544798,0.0003715911164300433,1
100,-0.5022736049944644,-0.014115778675343728,-0.27148779322936356,0.01679065465979695,-0.00026761382651642874,-0.0023222022135831076,-0.001906942263502496,0.00013464245332168046,0.0012728373742091075,1
394,-1.019565031385641,-0.16884384865322222,0.7052992106203049,-0.006555625950233947,0.005874868944076096,-0.000706942485532652,-0.0005657649526913112,-0.0013867667306783286,-0.0009748312401530982,1
415,-0.5731496924311835,-0.03172426959746169,-0.14291998935359349,0.022061405606567174,0.002598012744528087,0.0004888934072966961,-0.003596120146586456,0.001763741935918037,2.5768863540751114e-05,1
180,-0.4738793392536611,-0.002214432334153914,-0.2991689021251578,0.043042745295965454,-0.006466819413486105,-0.0015757531199247028,-0.003354321240454138,-0.00017374928262239823,0.001444712341272478,1
568,1.7072368872107861,1.6168607316243062,0.35006176264226413,0.0037409860586318337,0.0003151374510923188,-0.0001207886287566543,-7.294033331199772e-05,-0.0007537456566260503,3.5835812142441024e-05,1
525,0.7098097597709326,0.8163214237887906,-0.28452037277590686,-0.02711555325698078,-0.0018535529405667847,0.0009720724942714559,0.001300576215369076,0.0007959135745718919,4.325006044363361e-05,1
104,-0.5113150400687052,-0.017361313175499066,-0.27695604059380224,-0.002575130510783646,0.0041553552663219605,-0.0037682470430294196,-0.0029843621465118664,0.00024214458694998183,0.0015330241501364742,1
428,-1.076196006758139,-0.18588905020471644,0.8071359535424754,-0.014319200576880025,0.007065479555553976,-0.0013730692584718977,-0.00012645398394319895,0.00016616532877498325,-0.0009316269743102303,1
445,-1.1015669177491194,-0.1889927078570907,0.8644580367827216,0.009449514212927907,0.002698106019776939,0.004504684059932537,0.005430768954480777,0.0023450262655981607,-0.0008651366946517504,1
134,-0.6870442177196742,-0.06863757244190852,0.08945182510291656,0.02233265744218764,-0.007787012143542591,-0.000472516549328575,0.0025220901631793306,0.004211095930516875,-5.1194976233392354e-05,1
380,-0.30899580113842684,0.04958566957916991,-0.6691085798354987,0.02530835931130034,0.007015590593871053,0.009084056984876318,-0.0008563843942955687,0.0016283613956278248,-0.000201916763720319,1
176,-0.3107165937152523,0.04732141342519379,-0.6700571761808365,0.023071599203223273,0.008240469538983202,0.006931050193201691,-0.00031160604402097076,0.0011905165338078297,-0.0002794715209691718,1
426,-0.8055782201496098,-0.10566362630696265,0.3137694937652286,-0.0014907682781980926,-0.005331076930753721,-0.00617061394855002,-0.005327874577693302,0.00017650398812677853,0.00021529747005874514,1
409,-0.5008620276319227,-0.01676297918539336,-0.2693858653481188,0.03028662441341185,-0.005529083650275587,-0.004370425215197288,0.0015972687345362276,-0.0005377867677035565,-0.00044449291081807455,1
486,1.6520196473349669,1.5725562016080725,0.3149037201217058,0.0006918750082037591,0.0003874998940101032,0.0007058345791245204,-0.0003287338990374194,-0.00012979933330027672,0.00018263916652069603,1
391,-0.3477417384646989,0.041419142043990664,-0.6042342452496468,0.04112034358563504,-0.005072166070831925,0.004093743947102384,0.004138586920942738,-0.0030907355886104393,0.0002455993824119976,1
363,-0.5620159200623334,-0.03436799162529745,-0.1797684690092607,0.017405066199296198,0.0006098927947048786,-0.0012361010409101686,0.005881262680624783,0.0017909188595738885,-0.0005138557665378011,1
508,0.7084578581198765,0.8158615277737145,-0.285267412859349,-0.026337752607216016,-0.0018700356225320246,0.0005478949397834023,0.0006992145760580362,0.0008151631259515567,-0.0002050241724667391,1
164,-0.7042144872333922,-0.06849420540472036,0.11980026833742018,0.023993243360711486,-0.01102513820467547,0.000467190495697654,-0.0012296748858850292,-0.0011756541506807514,0.00016273214777052367,1
539,1.0705046180866857,1.105787577374395,-0.055012943382428986,-0.01438666337708831,-0.0017138720921054792,-0.0005610353005916931,0.0007657663213364123,0.0014311970784892185,-0.0003203833116966955,1
477,0.7090017731766082,0.815544597037613,-0.28504909987586624,-0.026924927828630197,-0.0019829064008996746,0.0008464111357705336,0.0014657222456833296,0.0006569214559584925,3.982815817445741e-05,1
504,0.65329649538762,0.7701966904730189,-0.3205484117070067,-0.026755937993665883,-0.0034285255204439895,-0.000408772669826763,0.002009851714027943,0.001512821330621641,-0.00027955239279804715,1
524,0.8644221702537465,0.940347287523145,-0.18617938229228442,-0.02307532743361824,-0.0017039547264921108,0.001252048095198829,0.0008197884476661856,0.00079482921701871,0.00010456440844085947,1
522,0.9191847320784584,0.9835420768977852,-0.15144447100486744,-0.020893296312711505,-0.002059638259779994,0.0007520096569017259,0.0015563691840361994,0.0010045168753269184,0.00013442989155431045,1
471,2.438581349711875,2.2041965194868864,0.8154340910584782,0.027530409775266215,0.002217129000000479,-0.0017647841136599568,-0.001092829407577576,-0.0011000944255478808,-0.00020955579486700825,1
456,-0.6109107400182611,-0.04704635323838466,-0.04118815810314332,0.032363684799897645,-0.014083203910134361,-0.007075588151440473,-0.0016040030175361237,-0.00017256329299883028,0.0002894452562409306,1
481,1.4896254566162006,1.4426048885746319,0.21169156726674243,-0.00209508877680899,8.221728622435363e-05,-0.0005298740186371738,3.695391078420544e-05,0.000323820510330568,-0.00018643036892862212,1
513,1.1787863053281062,1.1929796320665733,0.013917549971372567,-0.011287162612885638,-0.0012471949199702526,-0.0003950928535259017,0.0003773843801541217,0.0006216555283551364,-0.00027778614714109344,1
162,-0.670571983912851,-0.06696283657207963,0.012654270530669778,-0.010068239558511972,-0.0023795188472754683,-0.0030637464039437964,0.004338670447034937,-0.0004983825443810228,-0.0001700704737324386,1
125,-0.5729826893499904,-0.03074884558761715,-0.14272664302067017,0.021219073773775306,0.003440985915288772,-0.00019464282046035474,-0.002630962561589492,0.0014998134260803232,0.001485664714020871,1
408,-0.4713334204573452,-0.002328854434520974,-0.2977918707533637,0.0483249903468622,-0.008013418905545643,-9.014921092084591e-05,-0.004586133298462719,-0.0011162885514096209,-0.00021310554335034234,1
531,1.1815481306483575,1.1952929411690287,0.015625061748627093,-0.014292932446165058,-0.0002917311909990159,0.0016336150137892904,3.662747914532503e-05,-0.00012888262359951342,0.00026051539890675746,1
434,-1.1056846090981751,-0.18550069416413928,0.8641753940914854,0.00658339479950326,-0.0012790939760542247,0.00790578125006115,0.0041987426697264905,-0.0034089326736301702,-0.0008412837772131179,1
532,0.7088973031754823,0.8156058708327426,-0.2850909725320599,-0.02681226459518223,-0.001961178279157134,0.0007892273337054661,0.0013178459066424373,0.0006873699504786952,-7.378548341116553e-06,1
108,-0.8713815127516484,-0.12312223833548518,0.4032046631282619,-0.010291767398082356,-0.00884785336477806,0.0008567740431365417,0.007031027476948212,-0.0010622871610846828,-0.0001714724740742679,1
361,-1.0120980922560183,-0.14994580896475723,0.705632288141719,0.01352180794883119,-0.010597162636757546,0.01249887001410825,-0.0012891943823691797,0.0023822140513050202,0.0005131943262614956,1
406,-0.655676099016612,-0.05801504650620801,0.02195503774748875,0.025201740562224465,-0.008560090923659348,-0.004807781259691476,0.0004301346118929665,0.0019854638523544798,0.0003715911164300433,1
537,1.6485467172482833,1.5698794063820478,0.3127370170305213,0.0017967455737734532,0.00048183227645602053,-4.3175125954696284e-05,-4.3236432643231995e-05,-0.0002575177664727529,3.3415149276283315e-05,1
356,-0.611522021493489,-0.04895111071395869,-0.0411612615669376,0.029351184775550165,-0.011122470756250379,-0.009037994784133375,-0.0022326601377474736,0.0018276431526380193,0.0003494246992810499,1
542,1.183849086352638,1.1972109917079716,0.01709965692327799,-0.014216345280429189,-0.0003091637677992992,0.0016176021059646035,-8.883273912371337e-05,2.449315990082169e-05,0.0002286494386486746,1
83,-0.611522021493489,-0.04895111071395869,-0.0411612615669376,0.029351184775550165,-0.011122470756250379,-0.009037994784133375,-0.0022326601377474736,0.0018276431526380193,0.0003494246992810499,1
102,-0.8342738029613882,-0.11253890773717533,0.34618810687172547,0.003140922801296015,0.00492087687277839,-0.002759794228777197,-0.0014998658861158146,1.9136822686773747e-05,-0.00041845474849438926,1
98,-0.7949143759008155,-0.09728476031703118,0.32183452466560875,0.021852562854047207,-0.010558891803482406,-0.0044030069027948945,-0.005831128397370842,0.0013657463882584169,0.001887428679731611,1
84,-0.8355032387411683,-0.11619964131282892,0.3449106203304473,-0.002616248226312674,0.006612850859583477,-0.002063592520823775,0.0014608256118459836,0.00044524246712988386,-0.0008407503329946807,1
367,-0.34016274351845954,0.03651851815492102,-0.6016935516055741,0.04279149884564953,0.005625787266025974,-0.0021772098482811955,-3.1484819164895406e-05,0.001285664900235913,-6.253276939043459e-05,1
551,0.18561181509834188,0.39500898179884814,-0.618106984873089,-0.0429913464349911,-0.0036036701172442774,0.001329349585452524,0.0025363499109607533,0.0013373635410586766,7.934553357272662e-05,1
558,1.6502718042630702,1.5711384535782533,0.3138171887579542,0.002013557440575878,-0.00019716501164109175,-0.00024376085468483255,-0.0003573723864210485,0.0006442239602441747,-0.00011761945002563846,1
107,-0.30899580113842684,0.04958566957916991,-0.6691085798354987,0.02530835931130034,0.007015590593871053,0.009084056984876318,-0.0008563843942955687,0.0016283613956278248,-0.000201916763720319,1
132,-0.8671271103931788,-0.12767461878619438,0.4040952172263278,-0.017743905120200965,0.004227230398219544,-0.004841195843173339,-0.0008359481445504314,-0.0014914277694584048,-0.0005979821902147434,1
557,0.7124634496801571,0.817443932046108,-0.2829976026925356,-0.027521357373936694,-0.0026752058861914435,0.0010934223934088245,0.0018966388700204274,0.0014618377079394238,0.00017393371579349322,1
474,0.18542944029489614,0.39452046289333376,-0.6182726730569411,-0.04287280753597981,-0.0036090901553284174,0.0012000496562675452,0.0030270437939959823,0.0012915707057202025,0.00014659279748998366,1
559,2.2832711855015786,2.0792624165829174,0.7165537848278235,0.021460755638036035,0.0019098069607557853,-0.0007692255975655242,-0.0008130763578876,-0.001245560758440444,4.358617847693826e-05,1
536,1.6485380480781995,1.5699627203634556,0.3127763396739419,0.0034060021129884233,-0.0007255719554333403,-0.00120978662076652,-0.0006383836366588865,0.0014448257567304865,-0.0004745286351413875,1
526,1.6520027091409426,1.5725659280053073,0.31489788097539745,0.0007590628174568397,0.0003814253318352814,0.0006614677701672289,-0.00034715631325610486,-9.761757337627833e-05,0.0001658495756916142,1
533,1.6497756875310863,1.5708312854295878,0.3135011350568499,0.001248779456381632,0.0003331229020477079,0.00032933064005771946,-0.00027318378060800627,-0.00017515183368174513,8.56816431350105e-05,1
418,-0.503868478253326,-0.018284464545625365,-0.27336782950465477,0.022177588917452966,-0.0031202817247131783,-0.005801551158586899,0.0011555759403509619,0.0008307374947942579,-0.00019953511537598452,1
497,1.0741373469474838,1.1092594394086512,-0.052671085338718365,-0.016927231390249927,-0.0003297387938775224,0.0012795475030479811,0.00025260912354641306,0.00028674853302377505,0.00014545680727428572,1
386,-0.5129199426535704,-0.02087981153304984,-0.27751372225704535,0.004628038212616903,-0.001559495260474006,-0.004346423553112456,0.0019376633151648075,-0.0018562260422832929,-0.00029674072597039955,1
563,1.0704323071618105,1.1056572973402177,-0.05506912101239731,-0.014328476271878448,-0.0017588425518298657,-0.0006355174471757509,0.000832869712804228,0.001612165462939903,-0.00033044954828049573,1
177,-0.49870026946387,-0.014642795437793505,-0.26873645010806746,0.028761833463769808,-0.00358505708379115,-0.0026938169576985055,-0.001450639415963163,0.0005000316563352309,-0.00031081828205998754,1
119,-0.31115251983007686,0.040732316526736624,-0.6709624661319993,0.02832769490310719,0.009884663548663804,-0.0014206931177529866,0.0025576157895942993,9.563693897256147e-06,-0.0006294209163918807,1
538,0.08239400937638457,0.31174521115607257,-0.6838968027622813,-0.048883462606441073,-0.0028880981621115477,0.0031262413724120145,0.0031281569529307118,0.0008156121410457897,0.0006852813297994266,1
141,-0.626322476368748,-0.056714954272710616,-0.05059421184421188,-0.007185550758853235,-0.002173721289295158,-0.009709747634576563,-0.0028566190373444213,-0.0007945368164778049,0.00014135456014627607,1
479,0.18489147163537065,0.3946568885242649,-0.618523161991494,-0.042701339708099216,-0.003191181630539246,0.0012047507083932825,0.0026423474316662264,0.0008269763349863469,8.33806654334097e-05,1
466,1.1815674346129466,1.1949883987962344,0.015595049251032594,-0.013971415273948247,-0.00020628933914253368,0.0013642046075727514,0.000607576483675371,-0.00012250020520511548,0.00030737167991926794,1
401,-0.5111990790089932,-0.01552407604211556,-0.27662139362620775,0.017873314254742974,-0.012111359506561446,0.00034103602236157263,0.006414072331014714,-0.0030707927768550978,-0.00012949214895464816,1
422,-1.1229512021432795,-0.19494195457998764,0.8909797364039287,-0.012782242078369949,0.0007492721394348065,0.002952742811474306,0.0018938597221467804,-0.002478001626748867,-0.0006304840376368902,1
546,1.676198567908783,1.5922560939599555,0.3303474042350583,0.0021372214542039335,0.0005587689047284659,0.00032773352294281175,-0.000436524134119502,-0.0005640422588610648,7.502479314172513e-05,1
459,-0.5066655381200187,-0.017438283101390444,-0.2740611828612687,0.012148853854533978,-0.0011087901558915916,-0.0027703595171357075,-0.0010615948093680289,-0.0004149631318792994,-0.00022201953051635535,1
473,1.1798563365815966,1.1934113565519473,0.014557604730187983,-0.010029152146110951,-0.001686659224425176,-0.0013180168506476758,0.0009459046227730687,0.0012966358336010692,-0.00043789509049538527,1
87,-0.8041314728634408,-0.1068759499827528,0.31400243296966857,0.0035957219357237048,-0.00640517846190632,-0.007728117507488576,-0.003934602785956291,-0.0017082702253713754,-5.5928413481328275e-05,1
491,1.1815425427159465,1.1953857086986668,0.015634354943149267,-0.014390819133703965,-0.0003178198531055736,0.0017155123181429013,-0.0001368146649062959,-0.000130594383434785,0.0002463828441225179,1
410,-0.5166314845569914,-0.02324877609029098,-0.2783151619194077,-0.004731474465947187,0.0026359329154040417,-0.006082225980702076,0.00011771586640134427,-0.0016735147840873212,-0.0002676913240856637,1
154,-0.8666874649323202,-0.12739779337537283,0.4043488321215296,-0.016367552496536177,0.0037148336439362696,-0.004769747353403948,-0.0005916888894481933,-0.001242610173414075,-0.0005774252500377659,1
552,2.536086549263836,2.2818274501666687,0.8773545141327135,0.0296782148904653,0.0023288803645223856,-0.0013971323510837386,-0.00070439708939367,-0.0013079485034686422,3.1776752008956485e-05,1
438,-0.8087414111944846,-0.10777532732450441,0.3145762676001902,0.001580162798960558,-0.009643412625214768,-0.006000075684899792,0.0004189270258306423,-0.0002004687414710348,7.323773891078686e-07,1
148,-1.0719140724232634,-0.1769584368490555,0.8143411882398446,0.00456445363876308,-0.003566794669579495,0.004832752565601678,0.00040153229899861516,-0.0018633291385737958,-0.000720542492582273,1
432,-0.6125438251232899,-0.0476290239841682,-0.04215505841300599,0.030052350485640204,-0.014192169451003536,-0.007195604817150614,-0.0007396312814864841,0.0007408960192562496,0.00038564751713565947,1
139,-0.8345125920212387,-0.1116882878410833,0.3459638869600207,0.005161068782014015,0.0019001606819931838,-0.0009220514741982147,0.0006096316200605636,-0.0005903284296742527,-0.00047007023043714756,1
475,1.6502658369123175,1.571086612008482,0.3138063591230858,0.0020234526577947018,-0.00021756393027703497,-0.00025973789317946004,-0.0003075961444977361,0.0006677384648666622,-0.0001125889712965993,1
507,0.7047311894776572,0.8123672721165376,-0.2877167589793324,-0.026514120602745786,-0.002111596762804741,0.0005184152624083589,0.001196791758377141,0.0008974249313529003,-0.00011811371463284079,1
393,-1.107372255164936,-0.18413228495050282,0.863781797987091,0.005352017399805054,-0.0030806831386063914,0.00942120764622373,0.003999544020935104,-0.0056866133948107024,-0.000836803374477934,1
569,0.9185176310143647,0.9830159876378579,-0.1518616109581885,-0.020637525646775495,-0.002120247501039348,0.0005791933694619588,0.0015848750058544742,0.0010229653448773862,8.920400105876898e-05,1
527,1.6483731585800672,1.5698541152466714,0.3126744237333075,0.0033631244269440963,-0.0006832468583157037,-0.001173394500441277,-0.0006454445085463718,0.0013646985656594,-0.0004637594356633526,1
86,-0.6661643484642676,-0.06983384059379535,0.012558917119141193,-0.0121436958254966,0.004770343414894307,-0.006054174836555946,0.0008979317116769492,-0.00026026601150245165,-0.0005179785518618872,1
120,-1.107372255164936,-0.18413228495050282,0.863781797987091,0.005352017399805054,-0.0030806831386063914,0.00942120764622373,0.003999544020935104,-0.0056866133948107024,-0.000836803374477934,1
151,-0.665799931669158,-0.07185477883202468,0.012325447272612701,-0.011683816617726779,0.004673151326142314,-0.006191164281350004,0.003947966386734913,0.002403933565529742,-0.0006099602520628052,1
543,1.6517947718666532,1.5726778046296916,0.3148245241800435,0.0015592929175199121,0.00031084618237552347,0.00013643916045424524,-0.0005659032392305168,0.0002848249754679089,-3.495777490022833e-05,1
357,-0.8355032387411683,-0.11619964131282892,0.3449106203304473,-0.002616248226312674,0.006612850859583477,-0.002063592520823775,0.0014608256118459836,0.00044524246712988386,-0.0008407503329946807,1
364,-1.0648842409060613,-0.18161073563890373,0.8060709332963817,0.004084487534776766,0.0027818882743307575,-0.0002960092185048596,0.00048106288150902505,0.0003729284353617988,-0.0009487178192213197,1
362,-0.6262795732115856,-0.05665823716812422,-0.05053126615773442,-0.0070871477473227265,-0.002193354038998083,-0.009687742589110914,-0.0029181030493265533,-0.000875038128284401,0.00013815839802765615,1
540,0.0808602675867934,0.3107236983191258,-0.6848097429825694,-0.04743589700188864,-0.003643555851884903,0.002177070579279909,0.0027409766342913503,0.001434281911320184,0.0003062027814012126,1
99,-0.34448598870635694,0.03573484230944282,-0.6041683907728148,0.035387161188748545,0.003973846887383958,0.0005607874166914457,0.002283432234854305,-0.0013295401102269508,-0.0002823871907035264,1
114,-1.0689065029986575,-0.1811465616935543,0.8015677450380495,-0.004527805168934772,0.00451343211565877,-0.0016557000388264299,-0.002016568735937343,0.0002432514921861231,-0.0004824582359168377,1
174,-0.8656570014366651,-0.1249532392752466,0.40560089610248623,-0.00966803039411843,-0.0005221600131893444,-0.003254200689668283,0.0007978210086363108,-0.0013828340859678046,-0.0004584054500612425,1
452,-1.018182684555902,-0.16447744245543353,0.7066817135394299,-0.000622808309552048,0.0013189636733127053,0.0025145393902782716,0.00017399601781821003,0.0008582418909523429,-0.0005650857771491962,1
535,2.4506146617620246,2.2135998688714054,0.8230085668707293,0.025863467958857106,0.002617083175319347,-0.0004685468306840553,-0.0010731684600687142,-0.0015946630442681482,0.0001838921863141026,1
127,-0.5023355059776876,-0.017143411880443913,-0.2755302639019327,0.02013735910043784,-0.0015210827806086344,-0.005522090363161513,-0.00195290580565857,-0.002640039269956648,-0.0003213956635161121,1
547,0.9182216992193865,0.9833877291675983,-0.1519531828448123,-0.020541037650058158,-0.001846642909616183,0.0006761659667109019,0.0010405257563369272,0.00043744387452867943,1.5567182473032407e-05,1
360,-0.8041314728634408,-0.1068759499827528,0.31400243296966857,0.0035957219357237048,-0.00640517846190632,-0.007728117507488576,-0.003934602785956291,-0.0017082702253713754,-5.5928413481328275e-05,1
566,0.7126358000821104,0.8180655995729913,-0.2828257956206602,-0.028073864771730534,-0.0019328485778976586,0.0014938391146843972,0.0015914201587780524,0.0012514700649753285,0.0002464425112259358,1
105,-0.8084358069636487,-0.10776179871600548,0.3142231522448634,0.0014640507096741143,-0.009664370976170532,-0.006126666074636418,0.0003385409869122336,-0.0001733892531450483,8.066802456279977e-06,1
405,-0.8671271103931788,-0.12767461878619438,0.4040952172263278,-0.017743905120200965,0.004227230398219544,-0.004841195843173339,-0.0008359481445504314,-0.0014914277694584048,-0.0005979821902147434,1
431,-0.3176026557964813,0.03912775469480411,-0.6756997796889074,0.012817212752078342,0.013407089186352921,-0.0018228568325342597,0.0005795921823791384,-0.0013956322385557556,-0.0004726750345873997,1
528,2.45174764183885,2.214725325383238,0.8238184272535535,0.028628888311679156,0.0018682572109289647,-0.002281818136491148,-0.0011582173046820064,-0.0005509670014585751,-0.00037863149121030365,1
90,-0.5620159200623334,-0.03436799162529745,-0.1797684690092607,0.017405066199296198,0.0006098927947048786,-0.0012361010409101686,0.005881262680624783,0.0017909188595738885,-0.0005138557665378011,1
381,-0.8713815127516484,-0.12312223833548518,0.4032046631282619,-0.010291767398082356,-0.00884785336477806,0.0008567740431365417,0.007031027476948212,-0.0010622871610846828,-0.0001714724740742679,1
467,1.64861282663618,1.569898362805898,0.31277385501985305,0.001797010682890215,0.0005224107726753249,-4.756035959632108e-05,2.9948735787818052e-05,-0.00028549522898610534,4.941048322543797e-05,1
444,-0.34653683692677384,0.03931547253602719,-0.6042098735484093,0.038998583376788035,-0.0017243796208699382,0.002786252563279738,0.003452023486935057,-0.0024389449726228566,5.019989499113455e-05,1
447,-0.8656570014366651,-0.1249532392752466,0.40560089610248623,-0.00966803039411843,-0.0005221600131893444,-0.003254200689668283,0.0007978210086363108,-0.0013828340859678046,-0.0004584054500612425,1
502,1.0751408398080193,1.1102954607894227,-0.05201708290665268,-0.017869101899263107,-0.0005464138290734766,0.0020101028926357172,-0.0004466670006495449,-9.222013359514237e-06,0.00020170705526979468,1
562,1.536272208188257,1.4791703298655015,0.24126787245132927,0.0008920397989819837,-0.0012177682794186106,-0.0016657306234292464,0.0006263158158088134,0.0007686175555463715,-0.00040129362719390206,1
519,1.7079460534896256,1.6173930817653523,0.35050691454285987,0.0037333040842631024,0.0004696315202584358,-0.00010059331554154158,7.851970259870546e-05,-0.0009023839076308575,7.989091735688923e-05,1
411,-0.6133944049912987,-0.04093974440608852,-0.07088490607257782,0.02180030517680353,-0.003755706904684383,0.00474854244224288,0.0006806078194777355,5.664990679745123e-05,-0.0001887325802572262,1
430,-0.8046330831699338,-0.10659569671226839,0.3137530287779479,0.003494848471848365,-0.007179140852852101,-0.007281994945090961,-0.0035134034755961857,-0.0019171952369627446,-3.633418907814374e-05,1
423,-0.81356202885387,-0.10808786774844716,0.3102002824574758,-0.005284591299890572,-0.013767818680354973,-0.002440098191133151,0.004867713018510766,-0.001908643010537987,-8.653449131599896e-05,1
122,-0.6277165038929619,-0.05987977927216844,-0.051515832719337934,-0.012956403481749848,-0.00047817709069432915,-0.008960468189336199,-0.000668939234885823,-0.0010717677239188656,-0.00026712398712105723,1
94,-0.34016274351845954,0.03651851815492102,-0.6016935516055741,0.04279149884564953,0.005625787266025974,-0.0021772098482811955,-3.1484819164895406e-05,0.001285664900235913,-6.253276939043459e-05,1
158,-0.3176026557964813,0.03912775469480411,-0.6756997796889074,0.012817212752078342,0.013407089186352921,-0.0018228568325342597,0.0005795921823791384,-0.0013956322385557556,-0.0004726750345873997,1
416,-1.009261833689362,-0.1574375717697287,0.7067400760199788,0.0031345974806683864,0.003266224625530781,0.006803674594821271,-0.006200679751248047,0.003947379268266728,-0.00010908016168340891,1
156,-0.7952676348123708,-0.09845631373783713,0.32146327618689186,0.02204560479744648,-0.011081516039363828,-0.003869884727309417,-0.0068718834121473645,0.001763590100333909,0.00043557283530067066,1
