,COUNTY,F2,WWWEDU5,WWWAGE,W1STATE,CENSDIV,CENSREGN,STRATA,WWWWHITE,W3IWER4_A
26,-0.8518084959204173,-0.9947262746130587,-0.9979705266813993,0.9789816425053289,-0.9927178090253121,0.9514736776374499,0.6986219106226863,-0.3828573632944987,0.07940335132835394,0
12,0.4471186952738091,-0.9973631373065294,-0.9959410533627985,0.9019143316915353,-0.9077589143206201,0.943632809900237,0.6709697226664154,-0.3828573632944987,0.07854044144813588,0
59,-0.5154890661707274,-0.9920894119195882,-0.9979705266813993,0.8458653783724128,-0.9708712361012485,0.9475532437688434,0.6847958166445508,-0.3842035570895058,0.07854044144813588,0
351,-0.991496051915953,-0.645845834786164,-0.5137269083772196,0.35865401891489673,-0.5114857998609403,0.951114692871296,0.2341656218844097,-0.5364131699969605,-0.18318601348644303,0
234,0.2611974581442673,-0.9947262746130587,-0.9939115800441978,0.8949082125266451,-0.9198958992784332,0.9401044194184913,0.6571436286882799,-0.3828573632944987,0.07940335132835394,0
308,-0.9823227613594796,-0.30507506746056867,-0.040407874093873364,-0.06532972355890954,-0.04175192459068422,0.9663851988450838,-0.14218170155406962,-0.6806566868740209,-0.43859912184804717,0
248,0.44882439469701585,-0.9920894119195882,-0.9939115800441978,0.8528714975373031,-0.9077589143206201,0.943632809900237,0.6709697226664154,-0.3828573632944987,0.07940335132835394,0
295,-0.9962194306854109,-0.827625804012573,-0.7596767254874115,0.5815333875032311,-0.7620442759937343,0.9431685856584069,0.45053570681701893,-0.459732863436326,-0.05028656834739756,0
354,-0.9645405590292059,0.3652712275775538,0.8812832430151232,-0.8933330045413912,0.8820876799379875,0.9961466135904992,-0.9050319958907369,-0.9637609790355417,-0.9358048559642562,0
225,-0.10968092513648209,-0.9947262746130587,-0.9979705266813993,0.8645483628121203,-0.9441698691940595,0.9475532437688434,0.6847958166445508,-0.3828573632944987,0.07940335132835394,0
228,0.7869978455588871,-0.9999999999999999,-1.0,0.9089204508564257,-0.8859123413965564,0.9483373305425647,0.6847958166445508,-0.38554975088451293,0.07854044144813588,0
244,-0.03129291251345634,-0.9920894119195882,-0.9959410533627985,0.8528714975373031,-0.9393150752109343,0.943632809900237,0.6709697226664154,-0.3828573632944987,0.07940335132835394,0
216,-0.8518084959204173,-0.9947262746130587,-0.9979705266813993,0.9789816425053289,-0.9927178090253121,0.9514736776374499,0.6986219106226863,-0.3828573632944987,0.07940335132835394,0
29,-0.5524953275698664,-0.9947262746130587,-0.9939115800441978,0.8505361244823397,-0.9732986330928111,0.9475532437688434,0.6847958166445508,-0.3828573632944987,0.07940335132835394,0
243,-0.5526807296810845,-0.9920894119195882,-0.9959410533627985,0.9696401502854752,-0.9732986330928111,0.9475532437688434,0.6847958166445508,-0.38554975088451293,0.07940335132835394,0
81,0.7422788563330738,-0.9999999999999999,-0.9939115800441978,0.9205973161312428,-0.888339738388119,0.9479452871557041,0.6847958166445508,-0.3828573632944987,0.07940335132835394,0
11,-0.8518084959204173,-0.9973631373065294,-0.9959410533627985,0.957963285010658,-0.9927178090253121,0.9514736776374499,0.6986219106226863,-0.3828573632944987,0.07940335132835394,0
328,-0.96441524738985,0.3668450728094539,0.8867739939790888,-0.8962421005300842,0.8843660314355615,0.9962805170812751,-0.8981779148633833,-0.964516199999092,-0.9383538740540265,0
58,0.44882439469701585,-0.9920894119195882,-0.9939115800441978,0.8528714975373031,-0.9077589143206201,0.943632809900237,0.6709697226664154,-0.3828573632944987,0.07940335132835394,0
35,-0.10968092513648209,-0.9947262746130587,-0.9979705266813993,0.8645483628121203,-0.9441698691940595,0.9475532437688434,0.6847958166445508,-0.3828573632944987,0.07940335132835394,0
78,-0.5526807296810845,-0.9973631373065294,-0.9939115800441978,0.9649694041755483,-0.9732986330928111,0.9475532437688434,0.6847958166445508,-0.38554975088451293,0.07854044144813588,0
53,-0.5526807296810845,-0.9920894119195882,-0.9959410533627985,0.9696401502854752,-0.9732986330928111,0.9475532437688434,0.6847958166445508,-0.38554975088451293,0.07940335132835394,0
223,0.7864787196474763,-0.9973631373065294,-0.9979705266813993,0.9883231347251826,-0.8859123413965564,0.9483373305425647,0.6847958166445508,-0.3828573632944987,0.07940335132835394,0
287,-0.9961800980869474,-0.8215973845103146,-0.7566776658406035,0.5756417874982993,-0.7536317801439697,0.9432990621494384,0.427746839400718,-0.4625579682826504,-0.05228922343851583,0
48,-0.5549426354379458,-0.9920894119195882,-0.9939115800441978,0.8902374664167182,-0.9732986330928111,0.9475532437688434,0.6847958166445508,-0.38554975088451293,0.07854044144813588,0
256,0.33632239360985405,-0.9999999999999999,-0.9959410533627985,0.8785606011419009,-0.9150411052953079,0.9401044194184913,0.6571436286882799,-0.3842035570895058,0.07854044144813588,0
195,0.5602881439613563,-0.9973631373065294,-0.9979705266813993,0.9416156736259138,-0.9004767233459321,0.9401044194184913,0.6571436286882799,-0.3828573632944987,0.07940335132835394,0
2,-0.5523470058808919,-0.9920894119195882,-0.9959410533627985,0.8552068705922665,-0.9732986330928111,0.9475532437688434,0.6847958166445508,-0.3828573632944987,0.07940335132835394,0
338,-0.9636217050796683,0.3997189481615231,0.9293205940445786,-0.9353935236872382,0.9294805912691047,0.9977056046031696,-0.9426174695047613,-0.9781632149464321,-0.9614411374483665,0
40,0.8174037917986605,-0.9947262746130587,-0.9979705266813993,0.8972435855816085,-0.8834849444049937,0.9514736776374499,0.6986219106226863,-0.3828573632944987,0.07940335132835394,0
201,-0.8518084959204173,-0.9973631373065294,-0.9959410533627985,0.957963285010658,-0.9927178090253121,0.9514736776374499,0.6986219106226863,-0.3828573632944987,0.07940335132835394,0
213,-0.7780184556556011,-0.9920894119195882,-0.9939115800441978,0.9696401502854752,-0.9878630150421869,0.9518657210243106,0.6986219106226863,-0.3828573632944987,0.07940335132835394,0
271,0.7422788563330738,-0.9999999999999999,-0.9939115800441978,0.9205973161312428,-0.888339738388119,0.9479452871557041,0.6847958166445508,-0.3828573632944987,0.07940335132835394,0
6,-0.5549426354379458,-0.9920894119195882,-0.9959410533627985,0.8482007514273763,-0.9732986330928111,0.9475532437688434,0.6847958166445508,-0.38554975088451293,0.07854044144813588,0
285,-0.9707017165168795,0.13422402018719248,0.5628959905453101,-0.6066040997456874,0.5635579026187707,0.9858466331307537,-0.6401874864419164,-0.8656738268321426,-0.7638764351393715,0
301,-0.9636065212080355,0.40231911623255034,0.9306357135650609,-0.9373937855329597,0.9331818383176409,0.9977942175592481,-0.9517878896256353,-0.9793114728984111,-0.9621249766747306,0
206,-0.10968092513648209,-0.9999999999999999,-0.9979705266813993,0.873889855031974,-0.9441698691940595,0.9475532437688434,0.6847958166445508,-0.3842035570895058,0.07854044144813588,0
314,-0.9977284852219754,-0.8796960164366158,-0.8366102419655171,0.6483210176519223,-0.8338498132560708,0.9407248013381784,0.49576093806722754,-0.43773931754983275,-0.0089257174900257,0
214,-0.030699625757558247,-0.9947262746130587,-0.9918821067255971,0.8645483628121203,-0.9393150752109343,0.943632809900237,0.6709697226664154,-0.3842035570895058,0.07940335132835394,0
346,-0.974605494666423,-0.014346551256714246,0.3598028646119944,-0.425194333498941,0.3594103191336635,0.9793374094076769,-0.4760506160017903,-0.8038406085676764,-0.6545437940721189,0
39,0.7864787196474763,-0.9973631373065294,-0.9979705266813993,0.9556279119556945,-0.8859123413965564,0.9483373305425647,0.6847958166445508,-0.3842035570895058,0.07854044144813588,0
322,-0.9915549615583289,-0.6485232949292457,-0.5171924904780181,0.3616344561031754,-0.5151765648332343,0.9510147527949626,0.23820592422262105,-0.5353215649149556,-0.18139156753130942,0
251,-0.5555359221938437,-0.9947262746130587,-0.9959410533627985,0.9276034352961332,-0.9732986330928111,0.9475532437688434,0.6847958166445508,-0.3828573632944987,0.07940335132835394,0
229,0.7864787196474763,-0.9973631373065294,-0.9979705266813993,0.9556279119556945,-0.8859123413965564,0.9483373305425647,0.6847958166445508,-0.3842035570895058,0.07854044144813588,0
4,-0.10968092513648209,-0.9973631373065294,-0.9979705266813993,0.8645483628121203,-0.9441698691940595,0.9475532437688434,0.6847958166445508,-0.3842035570895058,0.07854044144813588,0
261,0.8535942839084398,-0.9920894119195882,-0.9979705266813993,0.8855667203067913,-0.881057547413431,0.9397123760316306,0.6571436286882799,-0.3828573632944987,0.07940335132835394,0
337,-0.9946561445602289,-0.7652081104128313,-0.6774108558118292,0.5066889679779216,-0.676276668735426,0.9458853425098782,0.37204557720740894,-0.48577035198378815,-0.09468460891416883,0
57,0.33632239360985405,-0.9920894119195882,-0.9959410533627985,0.8622129897571569,-0.9150411052953079,0.9401044194184913,0.6571436286882799,-0.3842035570895058,0.07854044144813588,0
298,-0.9915880592978916,-0.6533683128577071,-0.5195721111173802,0.365819818357181,-0.521387657996002,0.950942977975529,0.24932976323795064,-0.5337673905875016,-0.17969389873101588,0
293,-0.9977395356246035,-0.8811763446989829,-0.8374834580397039,0.6489698769089918,-0.8356715092130413,0.9406843865948478,0.4981870208323367,-0.4373700776425734,-0.00857848500854727,0
232,0.7869978455588871,-0.9920894119195882,-0.9959410533627985,0.9719755233404386,-0.8859123413965564,0.9483373305425647,0.6847958166445508,-0.38554975088451293,0.07940335132835394,0
317,-0.9745701478625532,-0.01260894822509473,0.36192090442368596,-0.42651311227729316,0.3615351804406086,0.9793810518718011,-0.47543152614615614,-0.8041882903940663,-0.6555646021347645,0
313,-0.9630097672153896,0.4225476706197344,0.9609361069551268,-0.9636839797242751,0.9609786747899918,0.9987770897599925,-0.9689013095981449,-0.9878753820088848,-0.9784819222118133,0
294,-0.9999797131570504,-0.9646320596611107,-0.9534882068140335,0.7526166131061266,-0.9507442746381017,0.9369516978002803,0.5907615039927814,-0.4020777108834785,0.05393813169477357,0
226,0.5602881439613563,-0.9920894119195882,-0.9918821067255971,0.8995789586365719,-0.9004767233459321,0.9401044194184913,0.6571436286882799,-0.3828573632944987,0.07854044144813588,0
8,-0.5929129878154189,-0.9973631373065294,-0.9918821067255971,0.8598776167021934,-0.9757260300843738,0.9475532437688434,0.6847958166445508,-0.3842035570895058,0.07854044144813588,0
352,-0.9838561456796241,-0.3633521229649672,-0.11946474127652551,0.007362896432747568,-0.1221673022335934,0.9638639948393797,-0.07211431632896703,-0.655766480567398,-0.39556912840887987,0
311,-0.9636300970599954,0.39865882764382965,0.9282813312794993,-0.9349820111134053,0.9281311813692539,0.9976484515496102,-0.9395642141169047,-0.9778065360362681,-0.9611096460673794,0
82,0.8166621833537879,-0.9947262746130587,-0.9959410533627985,0.8482007514273763,-0.8834849444049937,0.9514736776374499,0.6986219106226863,-0.3828573632944987,0.07940335132835394,0
209,-0.1824327135784768,-0.9947262746130587,-0.9918821067255971,0.8622129897571569,-0.9490246631771848,0.9483373305425647,0.6847958166445508,-0.3828573632944987,0.07940335132835394,0
281,-0.992387339409617,-0.6829586230310739,-0.5609863916654346,0.4024409452017626,-0.5625561050352932,0.9495754383262786,0.2858892924089868,-0.5208159241645257,-0.15769980901061417,0
340,-0.963456465900687,0.40571320786723053,0.9379854937993857,-0.9432543118485617,0.9378441769362618,0.9980271309086656,-0.9492135348928441,-0.9807278357303406,-0.9662399149646133,0
237,-0.18443505637963253,-0.9920894119195882,-0.9918821067255971,0.8552068705922665,-0.9490246631771848,0.9483373305425647,0.6847958166445508,-0.3828573632944987,0.07854044144813588,0
316,-0.9635842851760198,0.4021826379876734,0.930939440895213,-0.9383465219525993,0.9330028651996105,0.9977740997322521,-0.9519303994901711,-0.9795646648038868,-0.9624843820105833,0
79,-0.1824327135784768,-0.9973631373065294,-1.0,0.8411946322624859,-0.9490246631771848,0.9483373305425647,0.6847958166445508,-0.3842035570895058,0.07854044144813588,0
324,-0.9961437749911377,-0.8205014746651393,-0.7550242130263226,0.5741791325494543,-0.7521049712894821,0.943358763580726,0.4265422038322495,-0.4630944964325022,-0.053157597607068396,0
31,-0.8524017826763153,-0.9920894119195882,-0.9918821067255971,0.936944927515987,-0.9927178090253121,0.9514736776374499,0.6986219106226863,-0.38554975088451293,0.07940335132835394,0
73,0.26001088463247135,-0.9947262746130587,-0.9959410533627985,0.8972435855816085,-0.9198958992784332,0.9401044194184913,0.6571436286882799,-0.3828573632944987,0.07940335132835394,0
319,-0.9629667775534927,0.42522718276472915,0.9631791308109143,-0.9670065838448316,0.9644049432730775,0.9988045356684842,-0.9749891495773939,-0.9889726564861445,-0.9800130816379424,0
245,0.7488791714924392,-0.9920894119195882,-0.9939115800441978,0.8692191089220472,-0.888339738388119,0.9479452871557041,0.6847958166445508,-0.3828573632944987,0.07854044144813588,0
310,-0.9746059178865744,-0.014733293264307612,0.35968308307518493,-0.4234733072376111,0.3585763458874778,0.9792820031294619,-0.46818662420976787,-0.8030920018985901,-0.6540868478977554,0
219,-0.5524953275698664,-0.9947262746130587,-0.9939115800441978,0.8505361244823397,-0.9732986330928111,0.9475532437688434,0.6847958166445508,-0.3828573632944987,0.07940335132835394,0
69,0.7477667588251304,-0.9973631373065294,-0.9939115800441978,0.8832313472518278,-0.888339738388119,0.9479452871557041,0.6847958166445508,-0.3842035570895058,0.07854044144813588,0
286,-0.9706881644191993,0.13374755339007227,0.5632647492165428,-0.6063814524854425,0.5629206812771748,0.98586330526392,-0.6381954073954603,-0.8655940033902572,-0.7639446926591935,0
304,-0.9977496524533682,-0.8821836664027496,-0.8381098027562264,0.6497678417676425,-0.8370317345413822,0.9406607322207666,0.5009972525975745,-0.436958697284715,-0.008260410759639375,0
235,0.37206792065270977,-0.9947262746130587,-0.9959410533627985,0.936944927515987,-0.9126137083037453,0.9475532437688434,0.6847958166445508,-0.3828573632944987,0.07854044144813588,0
54,-0.03129291251345634,-0.9920894119195882,-0.9959410533627985,0.8528714975373031,-0.9393150752109343,0.943632809900237,0.6709697226664154,-0.3828573632944987,0.07940335132835394,0
258,-0.7783150990335501,-0.9920894119195882,-0.9959410533627985,0.8552068705922665,-0.9878630150421869,0.9518657210243106,0.6986219106226863,-0.3828573632944987,0.07854044144813588,0
353,-0.9923494165076872,-0.6805179478146139,-0.558668984342373,0.4010678587370127,-0.5591206878849571,0.9496529619508692,0.2814006536150063,-0.5217673863149138,-0.15848882591219784,0
55,0.7488791714924392,-0.9920894119195882,-0.9939115800441978,0.8692191089220472,-0.888339738388119,0.9479452871557041,0.6847958166445508,-0.3828573632944987,0.07854044144813588,0
203,0.44852775131906686,-0.9999999999999999,-0.9959410533627985,0.8902374664167182,-0.9077589143206201,0.943632809900237,0.6709697226664154,-0.3828573632944987,0.07940335132835394,0
220,0.26038168885490753,-0.9973631373065294,-0.9959410533627985,0.873889855031974,-0.9198958992784332,0.9401044194184913,0.6571436286882799,-0.3842035570895058,0.07854044144813588,0
222,-0.36931804168635285,-0.9973631373065294,-0.9979705266813993,0.9276034352961332,-0.9611616481349979,0.943632809900237,0.6709697226664154,-0.3842035570895058,0.07854044144813588,0
289,-0.9823225124064494,-0.30309581102720073,-0.03932265584776362,-0.065964596092284,-0.039255264409817636,0.9664134044812082,-0.14469355658683292,-0.6809515159685604,-0.43903536956153877,0
320,-0.9838800225384297,-0.36290981596439775,-0.12003311519757043,0.007281506173080543,-0.12160793716147156,0.9637920540164673,-0.07445734305811091,-0.6557781069359279,-0.39538789837361193,0
347,-0.9645507457345598,0.3621080867464095,0.8801550421492896,-0.8906546805849238,0.8777049127380117,0.9961137359285396,-0.8943909077229639,-0.9624787097261618,-0.934993033888226,0
302,-0.9915562012312588,-0.6521079813298404,-0.517469554958327,0.36535880881720206,-0.5199896897853612,0.9509704014511182,0.2560563132318299,-0.5335037842494381,-0.18064284152684285,0
198,-0.5929129878154189,-0.9973631373065294,-0.9918821067255971,0.8598776167021934,-0.9757260300843738,0.9475532437688434,0.6847958166445508,-0.3842035570895058,0.07854044144813588,0
238,-0.5549426354379458,-0.9920894119195882,-0.9939115800441978,0.8902374664167182,-0.9732986330928111,0.9475532437688434,0.6847958166445508,-0.38554975088451293,0.07854044144813588,0
80,-0.5929129878154189,-0.9947262746130587,-0.9979705266813993,0.9065850778014622,-0.9757260300843738,0.9475532437688434,0.6847958166445508,-0.3842035570895058,0.07854044144813588,0
270,-0.5929129878154189,-0.9947262746130587,-0.9979705266813993,0.9065850778014622,-0.9757260300843738,0.9475532437688434,0.6847958166445508,-0.3842035570895058,0.07854044144813588,0
300,-0.9823077608078055,-0.3039093694326874,-0.039508955156307035,-0.06662890310660641,-0.04026947010474824,0.9664005279951513,-0.14439904323244024,-0.6810549208080999,-0.4392219717164223,0
38,0.7869978455588871,-0.9999999999999999,-1.0,0.9089204508564257,-0.8859123413965564,0.9483373305425647,0.6847958166445508,-0.38554975088451293,0.07854044144813588,0
246,-0.1824327135784768,-0.9920894119195882,-0.9939115800441978,0.8785606011419009,-0.9490246631771848,0.9483373305425647,0.6847958166445508,-0.3842035570895058,0.07854044144813588,0
231,-0.8520680588761226,-0.9973631373065294,-0.9939115800441978,0.9696401502854752,-0.9927178090253121,0.9514736776374499,0.6986219106226863,-0.3828573632944987,0.07940335132835394,0
23,-0.7780184556556011,-0.9920894119195882,-0.9939115800441978,0.9696401502854752,-0.9878630150421869,0.9518657210243106,0.6986219106226863,-0.3828573632944987,0.07940335132835394,0
67,0.7962679511197936,-0.9973631373065294,-0.9939115800441978,0.8902374664167182,-0.8859123413965564,0.9483373305425647,0.6847958166445508,-0.38554975088451293,0.07854044144813588,0
272,0.8166621833537879,-0.9947262746130587,-0.9959410533627985,0.8482007514273763,-0.8834849444049937,0.9514736776374499,0.6986219106226863,-0.3828573632944987,0.07940335132835394,0
241,-0.7760902736989325,-0.9920894119195882,-0.9959410533627985,0.9673047772305117,-0.9878630150421869,0.9518657210243106,0.6986219106226863,-0.3828573632944987,0.07940335132835394,0
275,-0.9915416889670051,-0.6523279478878421,-0.5180644988272991,0.3640110588124448,-0.5203285979041479,0.9509585164993536,0.2522120542564906,-0.5339945053289337,-0.18079165450697932,0
215,-0.5549426354379458,-0.9920894119195882,-0.9959410533627985,0.873889855031974,-0.9732986330928111,0.9475532437688434,0.6847958166445508,-0.38554975088451293,0.07940335132835394,0
50,0.7801008870215727,-0.9920894119195882,-0.9979705266813993,0.8879020933617547,-0.8859123413965564,0.9483373305425647,0.6847958166445508,-0.38554975088451293,0.07940335132835394,0
306,-0.9636097349653344,0.40227791525296497,0.9304014768679496,-0.9382699780481489,0.9332805105830448,0.9978159804657636,-0.9547534872063641,-0.979558461335166,-0.9623392294452828,0
192,-0.5523470058808919,-0.9920894119195882,-0.9959410533627985,0.8552068705922665,-0.9732986330928111,0.9475532437688434,0.6847958166445508,-0.3828573632944987,0.07940335132835394,0
326,-0.9914974432239105,-0.6456513774284134,-0.5141545049284776,0.35780825865967053,-0.51102129202294,0.9511340061048543,0.22948286482380276,-0.5368743629761703,-0.18320052347618915,0
247,0.33632239360985405,-0.9920894119195882,-0.9959410533627985,0.8622129897571569,-0.9150411052953079,0.9401044194184913,0.6571436286882799,-0.3842035570895058,0.07854044144813588,0
19,-0.1824327135784768,-0.9947262746130587,-0.9918821067255971,0.8622129897571569,-0.9490246631771848,0.9483373305425647,0.6847958166445508,-0.3828573632944987,0.07940335132835394,0
199,-0.7761644345434198,-0.9947262746130587,-0.9959410533627985,0.8622129897571569,-0.9878630150421869,0.9518657210243106,0.6986219106226863,-0.3828573632944987,0.07940335132835394,0
224,0.7869978455588871,-0.9920894119195882,-0.9939115800441978,0.9299388083510967,-0.8859123413965564,0.9483373305425647,0.6847958166445508,-0.38554975088451293,0.07854044144813588,0
330,-0.9730235950587159,0.045162791749407294,0.4423060831988683,-0.49731080737926003,0.4410986578942182,0.9819396919052604,-0.5360573955051164,-0.8282659655459758,-0.6986061298307535,0
297,-0.9806630175340431,-0.2422746352687305,0.04611545812938522,-0.14221415573320617,0.044875361076043285,0.9691551927130947,-0.21134286749995035,-0.7069376615687779,-0.4850424126210262,0
33,0.7864787196474763,-0.9973631373065294,-0.9979705266813993,0.9883231347251826,-0.8859123413965564,0.9483373305425647,0.6847958166445508,-0.3828573632944987,0.07940335132835394,0
249,-0.5154890661707274,-0.9920894119195882,-0.9979705266813993,0.8458653783724128,-0.9708712361012485,0.9475532437688434,0.6847958166445508,-0.3842035570895058,0.07854044144813588,0
218,0.7869978455588871,-0.9920894119195882,-1.0,0.974310896395402,-0.8859123413965564,0.9483373305425647,0.6847958166445508,-0.38554975088451293,0.07940335132835394,0
305,-0.9877025729722422,-0.504002127966219,-0.3178943768390321,0.1824005608088224,-0.31586844112784473,0.9574234756191425,0.07559926795709992,-0.5964314114816058,-0.28902759315505594,0
240,0.7801008870215727,-0.9920894119195882,-0.9979705266813993,0.8879020933617547,-0.8859123413965564,0.9483373305425647,0.6847958166445508,-0.38554975088451293,0.07940335132835394,0
278,-0.9683300518954219,0.22337730706373904,0.6850291845175118,-0.7183641869173638,0.6869548301777715,0.9898113824505604,-0.7477956197573101,-0.9040815147293045,-0.830199517889132,0
197,0.7801008870215727,-0.9920894119195882,-0.9979705266813993,0.8692191089220472,-0.8859123413965564,0.9483373305425647,0.6847958166445508,-0.38554975088451293,0.07940335132835394,0
349,-0.9644288198564146,0.3692659522427537,0.8867531839499432,-0.8991531920768079,0.8873810173229089,0.996294485301922,-0.908739045609011,-0.9653992288513223,-0.9391619040456223,0
27,-0.10997756851443119,-0.9947262746130587,-0.9918821067255971,0.8879020933617547,-0.9441698691940595,0.9475532437688434,0.6847958166445508,-0.3828573632944987,0.07940335132835394,0
331,-0.9706872319769406,0.1325180421262313,0.5630736190083763,-0.6052947285980499,0.5612491790274914,0.9858726852082345,-0.6334064008448062,-0.8650846205513811,-0.7637007878950767,0
334,-0.991572703422347,-0.649655718337872,-0.5180615569332978,0.3627316923051923,-0.5167812484767655,0.9509731621936572,0.24187386547881018,-0.5347366004099917,-0.18095302876680525,0
71,0.8535942839084398,-0.9920894119195882,-0.9979705266813993,0.8855667203067913,-0.881057547413431,0.9397123760316306,0.6571436286882799,-0.3828573632944987,0.07940335132835394,0
46,0.8174037917986605,-0.9920894119195882,-0.9918821067255971,0.9416156736259138,-0.8834849444049937,0.9514736776374499,0.6986219106226863,-0.3828573632944987,0.07940335132835394,0
191,-0.7761644345434198,-0.9920894119195882,-0.9959410533627985,0.8645483628121203,-0.9878630150421869,0.9518657210243106,0.6986219106226863,-0.3828573632944987,0.07940335132835394,0
325,-0.997747325025437,-0.8797623946749664,-0.8367177139984793,0.6490296991061966,-0.8334502720672892,0.9407884606812372,0.4920379337841785,-0.4379339719222378,-0.008536614076249088,0
41,-0.8520680588761226,-0.9973631373065294,-0.9939115800441978,0.9696401502854752,-0.9927178090253121,0.9514736776374499,0.6986219106226863,-0.3828573632944987,0.07940335132835394,0
202,0.4471186952738091,-0.9973631373065294,-0.9959410533627985,0.9019143316915353,-0.9077589143206201,0.943632809900237,0.6709697226664154,-0.3828573632944987,0.07854044144813588,0
315,-0.9635873495615007,0.40238703347233584,0.9313524208783803,-0.9381014959344425,0.9334941523348659,0.9978255398732985,-0.9535241682120619,-0.9796967863628695,-0.9624683709874151,0
70,-0.7754969869430345,-0.9920894119195882,-0.9959410533627985,0.9719755233404386,-0.9878630150421869,0.9518657210243106,0.6986219106226863,-0.3828573632944987,0.07940335132835394,0
22,-0.7769802038327795,-0.9947262746130587,-0.9939115800441978,0.8645483628121203,-0.9878630150421869,0.9518657210243106,0.6986219106226863,-0.38554975088451293,0.07854044144813588,0
233,0.7869978455588871,-0.9947262746130587,-0.9959410533627985,0.9673047772305117,-0.8859123413965564,0.9483373305425647,0.6847958166445508,-0.38554975088451293,0.07940335132835394,0
254,-0.7029676810345016,-0.9815419611457058,-0.9979705266813993,0.9229326891862064,-0.9830082210590616,0.9514736776374499,0.6986219106226863,-0.3828573632944987,0.07940335132835394,0
52,-0.85173433507593,-0.9999999999999999,-0.9979705266813993,0.9766462694503655,-0.9927178090253121,0.9514736776374499,0.6986219106226863,-0.38554975088451293,0.07940335132835394,0
312,-0.963618959806708,0.40260929344424023,0.9302066305831498,-0.9371568842867837,0.9330812400170261,0.9977311840941702,-0.9486156474670928,-0.9788455554231555,-0.9620889518726026,0
194,-0.10968092513648209,-0.9973631373065294,-0.9979705266813993,0.8645483628121203,-0.9441698691940595,0.9475532437688434,0.6847958166445508,-0.3842035570895058,0.07854044144813588,0
18,-0.960454133094242,-0.9973631373065294,-1.0,0.9999999999999999,-1.0,0.9479452871557041,0.6847958166445508,-0.3828573632944987,0.07940335132835394,0
230,0.8174037917986605,-0.9947262746130587,-0.9979705266813993,0.8972435855816085,-0.8834849444049937,0.9514736776374499,0.6986219106226863,-0.3828573632944987,0.07940335132835394,0
1,-0.7761644345434198,-0.9920894119195882,-0.9959410533627985,0.8645483628121203,-0.9878630150421869,0.9518657210243106,0.6986219106226863,-0.3828573632944987,0.07940335132835394,0
7,0.7801008870215727,-0.9920894119195882,-0.9979705266813993,0.8692191089220472,-0.8859123413965564,0.9483373305425647,0.6847958166445508,-0.38554975088451293,0.07940335132835394,0
227,0.26038168885490753,-0.9920894119195882,-0.9959410533627985,0.8622129897571569,-0.9198958992784332,0.9401044194184913,0.6571436286882799,-0.3842035570895058,0.07854044144813588,0
207,0.4475636603407327,-0.9947262746130587,-0.9939115800441978,0.9135911969663526,-0.9077589143206201,0.943632809900237,0.6709697226664154,-0.3828573632944987,0.07940335132835394,0
49,-0.5549426354379458,-0.9947262746130587,-0.9959410533627985,0.9439510466808774,-0.9732986330928111,0.9475532437688434,0.6847958166445508,-0.38554975088451293,0.07940335132835394,0
63,-0.5549426354379458,-0.9947262746130587,-0.9918821067255971,0.9089204508564257,-0.9732986330928111,0.9475532437688434,0.6847958166445508,-0.38554975088451293,0.07940335132835394,0
343,-0.9961487987501266,-0.8216091131094837,-0.7547329810038498,0.5757964432456525,-0.7534746971568906,0.943432718130523,0.4289773450981854,-0.4627066820663327,-0.052815888665243754,0
24,-0.030699625757558247,-0.9947262746130587,-0.9918821067255971,0.8645483628121203,-0.9393150752109343,0.943632809900237,0.6709697226664154,-0.3842035570895058,0.07940335132835394,0
9,-0.7761644345434198,-0.9947262746130587,-0.9959410533627985,0.8622129897571569,-0.9878630150421869,0.9518657210243106,0.6986219106226863,-0.3828573632944987,0.07940335132835394,0
296,-0.9961880592087916,-0.8217896490424916,-0.7566429514913885,0.5765038329324518,-0.754019505847517,0.9432825223703971,0.4313630272133187,-0.4621153240857417,-0.052144716054247725,0
236,0.8174037917986605,-0.9920894119195882,-0.9918821067255971,0.9416156736259138,-0.8834849444049937,0.9514736776374499,0.6986219106226863,-0.3828573632944987,0.07940335132835394,0
66,0.33632239360985405,-0.9999999999999999,-0.9959410533627985,0.8785606011419009,-0.9150411052953079,0.9401044194184913,0.6571436286882799,-0.3842035570895058,0.07854044144813588,0
260,-0.7754969869430345,-0.9920894119195882,-0.9959410533627985,0.9719755233404386,-0.9878630150421869,0.9518657210243106,0.6986219106226863,-0.3828573632944987,0.07940335132835394,0
37,0.26038168885490753,-0.9920894119195882,-0.9959410533627985,0.8622129897571569,-0.9198958992784332,0.9401044194184913,0.6571436286882799,-0.3842035570895058,0.07854044144813588,0
77,0.7801008870215727,-0.9920894119195882,-0.9979705266813993,0.8692191089220472,-0.8859123413965564,0.9483373305425647,0.6847958166445508,-0.3828573632944987,0.07940335132835394,0
348,-0.9838538236268151,-0.36069063624854125,-0.11826543947777723,0.0058566064694708375,-0.11824715387554585,0.9639617424733717,-0.08481604861495662,-0.6571043551411072,-0.3959186321909311,0
335,-0.9977433703499721,-0.8812537273005334,-0.8374993442673108,0.6493149748171266,-0.8357640144618577,0.94068145984883,0.49890295885183245,-0.4372636891810745,-0.008477468092637955,0
68,-0.7783150990335501,-0.9920894119195882,-0.9959410533627985,0.8552068705922665,-0.9878630150421869,0.9518657210243106,0.6986219106226863,-0.3828573632944987,0.07854044144813588,0
17,0.4475636603407327,-0.9947262746130587,-0.9939115800441978,0.9135911969663526,-0.9077589143206201,0.943632809900237,0.6709697226664154,-0.3828573632944987,0.07940335132835394,0
239,-0.5549426354379458,-0.9947262746130587,-0.9959410533627985,0.9439510466808774,-0.9732986330928111,0.9475532437688434,0.6847958166445508,-0.38554975088451293,0.07940335132835394,0
253,-0.5549426354379458,-0.9947262746130587,-0.9918821067255971,0.9089204508564257,-0.9732986330928111,0.9475532437688434,0.6847958166445508,-0.38554975088451293,0.07940335132835394,0
303,-0.9746015883670582,-0.013676391573144264,0.3605248983018212,-0.4241895700306526,0.36005361489400056,0.9793289327615713,-0.4712145632634359,-0.8034495024602402,-0.6544872814804762,0
262,-0.960454133094242,-0.9947262746130587,-0.9979705266813993,0.957963285010658,-1.0,0.9479452871557041,0.6847958166445508,-0.3828573632944987,0.07940335132835394,0
283,-0.9915784485793212,-0.6501343980782317,-0.5183088618332359,0.36392300481435497,-0.5173557255174628,0.9510123016264787,0.2415532182836042,-0.5346642745379181,-0.18042332197235378,0
318,-0.9722714830591783,0.0767385948325443,0.48193841209939703,-0.5356417711062156,0.4845418636346328,0.9832971427304762,-0.5847010438926692,-0.8418505349803638,-0.7204747120899395,0
62,-0.852030978453879,-0.9920894119195882,-0.9939115800441978,0.9462864197358407,-0.9927178090253121,0.9514736776374499,0.6986219106226863,-0.3828573632944987,0.07940335132835394,0
333,-0.9745991984179683,-0.01353959144561434,0.36047485513649447,-0.4251182172140684,0.36042845097729237,0.9793349956273638,-0.47531739167285636,-0.803883704188128,-0.6546639820815584,0
269,-0.1824327135784768,-0.9973631373065294,-1.0,0.8411946322624859,-0.9490246631771848,0.9483373305425647,0.6847958166445508,-0.3842035570895058,0.07854044144813588,0
288,-0.9992770416733541,-0.9395997361045069,-0.9174421163774867,0.7210557670807473,-0.9162458588391016,0.9381237307781545,0.5658120786445592,-0.4126950721308325,0.034594304110108574,0
284,-0.997737114839286,-0.8798014933584745,-0.8366589070857592,0.6488315241580472,-0.8340318791421795,0.9407225225291623,0.4976302197072788,-0.4374645059396261,-0.00883398986428506,0
76,0.7479892413585922,-0.9920894119195882,-0.9939115800441978,0.9089204508564257,-0.888339738388119,0.9479452871557041,0.6847958166445508,-0.3828573632944987,0.07854044144813588,0
43,0.7869978455588871,-0.9947262746130587,-0.9959410533627985,0.9673047772305117,-0.8859123413965564,0.9483373305425647,0.6847958166445508,-0.38554975088451293,0.07940335132835394,0
20,-0.8518084959204173,-0.9947262746130587,-0.9959410533627985,0.9532925389007311,-0.9927178090253121,0.9514736776374499,0.6986219106226863,-0.38554975088451293,0.07854044144813588,0
323,-0.9637791339231294,0.3932780762747621,0.9210883694790948,-0.9276114175282548,0.9205424544829728,0.9974457239138479,-0.9329506382643415,-0.9753439232843727,-0.9569929170709583,0
309,-0.9683354066487805,0.22225578742998353,0.6844997674665048,-0.7168097897515695,0.6848950095983224,0.9897420677727718,-0.7395804693131482,-0.9031307817946105,-0.8298208361240705,0
273,-0.9806850521404252,-0.24340017843564865,0.045050678304758174,-0.14077799538071079,0.043236675503217414,0.9691403959705807,-0.20903090602255026,-0.706402109130066,-0.4843880673847084,0
280,-0.9637921926411681,0.39165015475715603,0.9203735202040921,-0.9254690434427995,0.918644569017768,0.9974581188402635,-0.9293562462332063,-0.9748444413459053,-0.9561285324912379,0
196,-0.5549426354379458,-0.9920894119195882,-0.9959410533627985,0.8482007514273763,-0.9732986330928111,0.9475532437688434,0.6847958166445508,-0.38554975088451293,0.07854044144813588,0
264,0.7433171081558954,-0.9920894119195882,-0.9918821067255971,0.8598776167021934,-0.888339738388119,0.9479452871557041,0.6847958166445508,-0.3828573632944987,0.07940335132835394,0
257,0.7962679511197936,-0.9973631373065294,-0.9939115800441978,0.8902374664167182,-0.8859123413965564,0.9483373305425647,0.6847958166445508,-0.38554975088451293,0.07854044144813588,0
221,-0.8524017826763153,-0.9920894119195882,-0.9918821067255971,0.936944927515987,-0.9927178090253121,0.9514736776374499,0.6986219106226863,-0.38554975088451293,0.07940335132835394,0
242,-0.85173433507593,-0.9999999999999999,-0.9979705266813993,0.9766462694503655,-0.9927178090253121,0.9514736776374499,0.6986219106226863,-0.38554975088451293,0.07940335132835394,0
28,0.7869978455588871,-0.9920894119195882,-1.0,0.974310896395402,-0.8859123413965564,0.9483373305425647,0.6847958166445508,-0.38554975088451293,0.07940335132835394,0
190,-0.030699625757558247,-0.9947262746130587,-0.9979705266813993,0.8528714975373031,-0.9393150752109343,0.943632809900237,0.6709697226664154,-0.3842035570895058,0.07854044144813588,0
342,-0.9644233021519816,0.36781345677103916,0.8865610627880076,-0.896614129562888,0.8855029848360285,0.9962469933517224,-0.8997782236382725,-0.9646328745101339,-0.9383491339484833,0
56,-0.1824327135784768,-0.9920894119195882,-0.9939115800441978,0.8785606011419009,-0.9490246631771848,0.9483373305425647,0.6847958166445508,-0.3842035570895058,0.07854044144813588,0
74,0.7433171081558954,-0.9920894119195882,-0.9918821067255971,0.8598776167021934,-0.888339738388119,0.9479452871557041,0.6847958166445508,-0.3828573632944987,0.07940335132835394,0
263,0.26001088463247135,-0.9947262746130587,-0.9959410533627985,0.8972435855816085,-0.9198958992784332,0.9401044194184913,0.6571436286882799,-0.3828573632944987,0.07940335132835394,0
13,0.44852775131906686,-0.9999999999999999,-0.9959410533627985,0.8902374664167182,-0.9077589143206201,0.943632809900237,0.6709697226664154,-0.3828573632944987,0.07940335132835394,0
0,-0.030699625757558247,-0.9947262746130587,-0.9979705266813993,0.8528714975373031,-0.9393150752109343,0.943632809900237,0.6709697226664154,-0.3842035570895058,0.07854044144813588,0
329,-0.9838188536473048,-0.3601904306057614,-0.11644301356225517,0.004643663536657572,-0.11777468262273261,0.9639338209873461,-0.07850347342742192,-0.656900051499061,-0.39707326923341285,0
250,0.26038168885490753,-0.9920894119195882,-0.9959410533627985,0.8879020933617547,-0.9198958992784332,0.9401044194184913,0.6571436286882799,-0.3842035570895058,0.07854044144813588,0
210,-0.8518084959204173,-0.9947262746130587,-0.9959410533627985,0.9532925389007311,-0.9927178090253121,0.9514736776374499,0.6986219106226863,-0.38554975088451293,0.07854044144813588,0
279,-0.9916196661482849,-0.6544072695909651,-0.5205529385774028,0.36801778298776794,-0.5230164170796654,0.9509252111167189,0.2538432964272165,-0.5329133865740217,-0.17889421659196003,0
307,-0.9636241946099703,0.4000203912660685,0.9296053693839013,-0.9362359342557705,0.9302218185120725,0.9977296167820462,-0.9438818094280244,-0.9783342827858611,-0.9618285620747633,0
341,-0.9962542767542084,-0.8272747105088006,-0.7604784999883253,0.5823184614133553,-0.7616064918942809,0.9431694493251546,0.4474294849112274,-0.4596494966224064,-0.04975537368648392,0
75,-0.18384176962373455,-0.9920894119195882,-0.9959410533627985,0.9089204508564257,-0.9490246631771848,0.9483373305425647,0.6847958166445508,-0.3842035570895058,0.07854044144813588,0
255,0.7869978455588871,-0.9973631373065294,-0.9918821067255971,0.8949082125266451,-0.8859123413965564,0.9483373305425647,0.6847958166445508,-0.38554975088451293,0.07854044144813588,0
200,-0.5549426354379458,-0.9947262746130587,-0.9939115800441978,0.9065850778014622,-0.9732986330928111,0.9475532437688434,0.6847958166445508,-0.38554975088451293,0.07940335132835394,0
42,0.7869978455588871,-0.9920894119195882,-0.9959410533627985,0.9719755233404386,-0.8859123413965564,0.9483373305425647,0.6847958166445508,-0.38554975088451293,0.07940335132835394,0
47,-0.18443505637963253,-0.9920894119195882,-0.9918821067255971,0.8552068705922665,-0.9490246631771848,0.9483373305425647,0.6847958166445508,-0.3828573632944987,0.07854044144813588,0
267,0.7801008870215727,-0.9920894119195882,-0.9979705266813993,0.8692191089220472,-0.8859123413965564,0.9483373305425647,0.6847958166445508,-0.3828573632944987,0.07940335132835394,0
299,-0.9977184054532641,-0.8790710108539634,-0.8357928599427439,0.6474626604366295,-0.8326525601378567,0.940755123892539,0.4938825715551681,-0.4381183556510652,-0.009360470753575212,0
276,-0.9961190966733156,-0.8188309036960094,-0.7528628499545493,0.5737343547359545,-0.7499276996013255,0.9434176970589835,0.42699187203268163,-0.4633562745960088,-0.05386695440160677,0
332,-0.9907862161015598,-0.6226007168809506,-0.4775697924094303,0.3292393510074681,-0.4794233509842114,0.9522963026422046,0.22008926539434853,-0.5460146811455079,-0.20217111054194742,0
60,0.26038168885490753,-0.9920894119195882,-0.9959410533627985,0.8879020933617547,-0.9198958992784332,0.9401044194184913,0.6571436286882799,-0.3842035570895058,0.07854044144813588,0
51,-0.7760902736989325,-0.9920894119195882,-0.9959410533627985,0.9673047772305117,-0.9878630150421869,0.9518657210243106,0.6986219106226863,-0.3828573632944987,0.07940335132835394,0
211,-0.960454133094242,-0.9920894119195882,-0.9959410533627985,0.9696401502854752,-1.0,0.9479452871557041,0.6847958166445508,-0.3828573632944987,0.07940335132835394,0
212,-0.7769802038327795,-0.9947262746130587,-0.9939115800441978,0.8645483628121203,-0.9878630150421869,0.9518657210243106,0.6986219106226863,-0.38554975088451293,0.07854044144813588,0
205,-0.925932259985426,-0.9920894119195882,-0.9959410533627985,0.9416156736259138,-0.9975726030084374,0.9518657210243106,0.6986219106226863,-0.3828573632944987,0.07940335132835394,0
277,-0.982334929504633,-0.3046300646927802,-0.039937790399776074,-0.06481009450178865,-0.04089476484369414,0.9664410507902959,-0.1442103838003731,-0.6807493691616655,-0.43850416173366524,0
44,0.2611974581442673,-0.9947262746130587,-0.9939115800441978,0.8949082125266451,-0.9198958992784332,0.9401044194184913,0.6571436286882799,-0.3828573632944987,0.07940335132835394,0
15,-0.925932259985426,-0.9920894119195882,-0.9959410533627985,0.9416156736259138,-0.9975726030084374,0.9518657210243106,0.6986219106226863,-0.3828573632944987,0.07940335132835394,0
204,-0.7783150990335501,-0.9920894119195882,-0.9939115800441978,0.9906585077801462,-0.9878630150421869,0.9518657210243106,0.6986219106226863,-0.3828573632944987,0.07940335132835394,0
5,0.5602881439613563,-0.9973631373065294,-0.9979705266813993,0.9416156736259138,-0.9004767233459321,0.9401044194184913,0.6571436286882799,-0.3828573632944987,0.07940335132835394,0
64,-0.7029676810345016,-0.9815419611457058,-0.9979705266813993,0.9229326891862064,-0.9830082210590616,0.9514736776374499,0.6986219106226863,-0.3828573632944987,0.07940335132835394,0
265,-0.18384176962373455,-0.9920894119195882,-0.9959410533627985,0.9089204508564257,-0.9490246631771848,0.9483373305425647,0.6847958166445508,-0.3842035570895058,0.07854044144813588,0
217,-0.10997756851443119,-0.9947262746130587,-0.9918821067255971,0.8879020933617547,-0.9441698691940595,0.9475532437688434,0.6847958166445508,-0.3828573632944987,0.07940335132835394,0
65,0.7869978455588871,-0.9973631373065294,-0.9918821067255971,0.8949082125266451,-0.8859123413965564,0.9483373305425647,0.6847958166445508,-0.38554975088451293,0.07854044144813588,0
339,-0.9730406030770974,0.044832379206090955,0.4413422567894425,-0.497208891379852,0.44092457394249185,0.9819598216964712,-0.5391977812764717,-0.8284099599689341,-0.6982208645857709,0
16,-0.10968092513648209,-0.9999999999999999,-0.9979705266813993,0.873889855031974,-0.9441698691940595,0.9475532437688434,0.6847958166445508,-0.3842035570895058,0.07854044144813588,0
350,-0.9637770744026068,0.3920594285504604,0.9206880241564801,-0.9265705914755604,0.9188890273329582,0.9974116498304195,-0.9267433895755035,-0.9747638373351081,-0.9567046133182535,0
61,-0.5555359221938437,-0.9947262746130587,-0.9959410533627985,0.9276034352961332,-0.9732986330928111,0.9475532437688434,0.6847958166445508,-0.3828573632944987,0.07940335132835394,0
252,-0.852030978453879,-0.9920894119195882,-0.9939115800441978,0.9462864197358407,-0.9927178090253121,0.9514736776374499,0.6986219106226863,-0.3828573632944987,0.07940335132835394,0
72,-0.960454133094242,-0.9947262746130587,-0.9979705266813993,0.957963285010658,-1.0,0.9479452871557041,0.6847958166445508,-0.3828573632944987,0.07940335132835394,0
10,-0.5549426354379458,-0.9947262746130587,-0.9939115800441978,0.9065850778014622,-0.9732986330928111,0.9475532437688434,0.6847958166445508,-0.38554975088451293,0.07940335132835394,0
32,-0.36931804168635285,-0.9973631373065294,-0.9979705266813993,0.9276034352961332,-0.9611616481349979,0.943632809900237,0.6709697226664154,-0.3842035570895058,0.07854044144813588,0
208,-0.960454133094242,-0.9973631373065294,-1.0,0.9999999999999999,-1.0,0.9479452871557041,0.6847958166445508,-0.3828573632944987,0.07940335132835394,0
45,0.37206792065270977,-0.9947262746130587,-0.9959410533627985,0.936944927515987,-0.9126137083037453,0.9475532437688434,0.6847958166445508,-0.3828573632944987,0.07854044144813588,0
274,-0.9962181027473156,-0.8260778300989089,-0.7586968425301998,0.5802843819860121,-0.7600051047340909,0.943204455869565,0.4473863812151534,-0.46008347239613556,-0.05095629259281095,0
290,-0.9706901288849284,0.1338114470966949,0.5626543216949325,-0.6078156885498371,0.5634156723262964,0.9858616601844005,-0.6445869379002453,-0.8662528857170493,-0.7640537150866868,0
355,-0.9630526324007713,0.4187439833090971,0.957852630434135,-0.9601284654736033,0.9555171797155304,0.9986215609511699,-0.9560353375941075,-0.9860596965546571,-0.9769029403875373,0
345,-1.0,-0.9653030190218967,-0.953832996790982,0.754267634479052,-0.9512038238614132,0.9370142405456152,0.5910516957698145,-0.4017755292919679,0.05457553269964435,0
268,-0.5526807296810845,-0.9973631373065294,-0.9939115800441978,0.9649694041755483,-0.9732986330928111,0.9475532437688434,0.6847958166445508,-0.38554975088451293,0.07854044144813588,0
336,-0.9915808809635868,-0.6508274516654973,-0.5187390906054423,0.36345643621986284,-0.5180960638211027,0.9509726073532011,0.24231460703432273,-0.5345950504002048,-0.18052878932068978,0
266,0.7479892413585922,-0.9920894119195882,-0.9939115800441978,0.9089204508564257,-0.888339738388119,0.9479452871557041,0.6847958166445508,-0.3828573632944987,0.07854044144813588,0
25,-0.5549426354379458,-0.9920894119195882,-0.9959410533627985,0.873889855031974,-0.9732986330928111,0.9475532437688434,0.6847958166445508,-0.38554975088451293,0.07940335132835394,0
259,0.7477667588251304,-0.9973631373065294,-0.9939115800441978,0.8832313472518278,-0.888339738388119,0.9479452871557041,0.6847958166445508,-0.3842035570895058,0.07854044144813588,0
34,0.7869978455588871,-0.9920894119195882,-0.9939115800441978,0.9299388083510967,-0.8859123413965564,0.9483373305425647,0.6847958166445508,-0.38554975088451293,0.07854044144813588,0
30,0.26038168885490753,-0.9973631373065294,-0.9959410533627985,0.873889855031974,-0.9198958992784332,0.9401044194184913,0.6571436286882799,-0.3842035570895058,0.07854044144813588,0
21,-0.960454133094242,-0.9920894119195882,-0.9959410533627985,0.9696401502854752,-1.0,0.9479452871557041,0.6847958166445508,-0.3828573632944987,0.07940335132835394,0
3,-0.7758677911654708,-0.9920894119195882,-0.9959410533627985,0.9883231347251826,-0.9878630150421869,0.9518657210243106,0.6986219106226863,-0.3828573632944987,0.07940335132835394,0
291,-0.9999821688099372,-0.9639283235932983,-0.9530942059180874,0.7526350631091663,-0.9492520742288044,0.9370553673466606,0.585703135602039,-0.40249225074806744,0.05402459582831731,0
292,-0.98383650781196,-0.36168790917823435,-0.11821260925497545,0.005212682655030054,-0.11978442628670638,0.9638356755432158,-0.07596345397287385,-0.6564703688543473,-0.3964759632671315,0
36,0.5602881439613563,-0.9920894119195882,-0.9918821067255971,0.8995789586365719,-0.9004767233459321,0.9401044194184913,0.6571436286882799,-0.3828573632944987,0.07854044144813588,0
14,-0.7783150990335501,-0.9920894119195882,-0.9939115800441978,0.9906585077801462,-0.9878630150421869,0.9518657210243106,0.6986219106226863,-0.3828573632944987,0.07940335132835394,0
321,-0.9915872383186943,-0.6521449173642735,-0.5196115324969972,0.36417889949678434,-0.5197953454247849,0.9509376224939298,0.24571385232275517,-0.5341877782997775,-0.18015908742224063,0
344,-0.9622415207962856,0.4506723283679448,1.0,-1.0,1.0,1.0000000000000002,-1.0,-1.0,-1.0,0
193,-0.7758677911654708,-0.9920894119195882,-0.9959410533627985,0.9883231347251826,-0.9878630150421869,0.9518657210243106,0.6986219106226863,-0.3828573632944987,0.07940335132835394,0
327,-0.9806878494672009,-0.2438487219126202,0.04510964005400453,-0.1400372870017974,0.04260619528485843,0.9691454209407492,-0.20660386070931835,-0.7061101352744411,-0.4842453375400191,0
282,-0.9962138261303184,-0.8266726088886768,-0.7591715868037412,0.5802132724136979,-0.760768555460258,0.943232091709965,0.44515411344808414,-0.46028142364512903,-0.05076991427624469,0
540,-0.9740002015848412,-0.7759065442686419,-0.8519126119986788,0.7628497099634577,-0.9773004411768846,0.7190247072489022,0.6602311023322619,-0.23087555326159587,0.18190840362251498,1
422,1.0,-0.9935687715746532,-0.9950501759051059,0.9022595370079742,-0.8716442485884119,0.9482517218332888,0.6864834357384222,-0.3828573632944987,0.07940335132835394,1
499,-0.9738953538845677,-0.7734536978643649,-0.8513892026048954,0.7631365046147635,-0.9768504665709181,0.7184326939777645,0.6569464645501965,-0.22996934356681084,0.1822481111864436,1
448,0.4462414816940854,-0.9942114392061232,-0.9939115800441978,0.8832868656520995,-0.9077589143206201,0.943632809900237,0.6709697226664154,-0.3828573632944987,0.07940335132835394,1
165,0.33788478385318066,-0.9921194295573262,-0.9979474234705162,0.920703658236231,-0.9150134721827763,0.9401892156847045,0.657458416926132,-0.3828573632944987,0.07940335132835394,1
391,-0.701039499077833,-0.9920894119195882,-0.9979705266813993,0.9462864197358407,-0.9830082210590616,0.9514736776374499,0.6986219106226863,-0.3828573632944987,0.07940335132835394,1
172,0.9658106609947363,-0.9920894119195882,-0.9964675698017098,0.9343506842455074,-0.8737753564387432,0.9518657210243106,0.6986219106226863,-0.3828573632944987,0.07940335132835394,1
390,-0.073490433026703,-0.9920894119195882,-0.9979705266813993,0.8925728394716816,-0.9417424722024968,0.9397123760316306,0.6571436286882799,-0.3828573632944987,0.07940335132835394,1
567,-0.7868927892683517,0.7862324190712575,0.19814758534604837,0.5266544548017864,-0.793477966972052,-0.7926704965573526,0.9559931173326119,0.8515141013574073,0.9014791183340487,1
525,-0.9205942181647124,-0.3288329444320295,-0.5530296212803854,0.6958621409358582,-0.9247792967363927,0.2876528170821756,0.7397639336224704,0.07812227410700301,0.3875310154322562,1
538,-0.9740846102413352,-0.7755479468755212,-0.8516611884471389,0.7633177351371372,-0.9766621781095135,0.7199457124955004,0.660469641205836,-0.23082024584593033,0.18121642063148838,1
505,-0.9029022126488847,-0.18258817633278923,-0.45304963235305495,0.6735091827384515,-0.9065538829832864,0.1444693071128158,0.7773289563852831,0.18048957323236936,0.4554091161393799,1
125,-0.1824327135784768,-0.9999999999999999,-0.9979705266813993,0.9346095544610236,-0.9490246631771848,0.9483373305425647,0.6847958166445508,-0.3842035570895058,0.07854044144813588,1
476,-0.7735455754054389,0.8968638087939791,0.2726116914831427,0.5092400394749885,-0.7800919111410323,-0.9007027609217031,0.9822462086284289,0.9286812261529779,0.9528060345124977,1
102,0.3779266273672026,-0.9947262746130587,-0.9959410533627985,0.9135911969663526,-0.9126137083037453,0.9475532437688434,0.6847958166445508,-0.3828573632944987,0.07940335132835394,1
520,-0.9740052915427041,-0.7752182183328425,-0.8514710182254359,0.7630807314404372,-0.9771926758029382,0.7192336024373356,0.6581936236487472,-0.23067009930746896,0.18172594905998168,1
368,0.33632239360985405,-0.9920894119195882,-0.9939115800441978,0.9532925389007311,-0.9150411052953079,0.9401044194184913,0.6571436286882799,-0.38554975088451293,0.07940335132835394,1
454,-0.36931804168635285,-0.99709426338262,-0.9979705266813993,0.9772415990049107,-0.9611616481349979,0.943632809900237,0.6709697226664154,-0.3842035570895058,0.07854044144813588,1
409,-0.32873022987077916,-0.9947262746130587,-0.9979705266813993,0.9496607991989053,-0.9587342511434354,0.943632809900237,0.6709697226664154,-0.3828573632944987,0.07940335132835394,1
467,-0.8409368166727897,0.33586016580658296,-0.10604252021592131,0.594964758088834,-0.8460070401031644,-0.35602920731607046,0.8712306549583543,0.5389029896836931,0.6938568600835132,1
121,0.7859595937360655,-0.9947262746130587,-0.9979705266813993,0.9089204508564257,-0.8859123413965564,0.9483373305425647,0.6847958166445508,-0.3828573632944987,0.07940335132835394,1
106,0.33609991107639225,-0.9920894119195882,-0.9959410533627985,0.9065850778014622,-0.9150411052953079,0.9401044194184913,0.6571436286882799,-0.3828573632944987,0.07940335132835394,1
494,-0.7737609243029807,0.8958719273987239,0.27060240884758224,0.5096786880745381,-0.7806416089979624,-0.89884074626155,0.9776014260691048,0.9273569704526524,0.9521796032310454,1
473,-0.8804348082134332,0.007831244006444527,-0.32902780436665013,0.6446929060691546,-0.8837273377882034,-0.03683458369197423,0.8105575548134236,0.3106275833621408,0.542154996289814,1
137,-0.32806584387138216,-0.9961767807864164,-0.9979705266813993,0.8875491197891663,-0.9587342511434354,0.943632809900237,0.6709697226664154,-0.3828573632944987,0.07940335132835394,1
411,-0.09945073899090506,-0.9932011406165905,-0.9947672270726441,0.9380680901864593,-0.9441698691940595,0.9475532437688434,0.6847958166445508,-0.3842035570895058,0.07854044144813588,1
385,-0.1824327135784768,-0.9947262746130587,-0.9959410533627985,0.9486217927908042,-0.9490246631771848,0.9483373305425647,0.6847958166445508,-0.3842035570895058,0.07854044144813588,1
392,-0.7761644345434198,-0.9920894119195882,-0.9939115800441978,0.9229326891862064,-0.9878630150421869,0.9518657210243106,0.6986219106226863,-0.3828573632944987,0.07940335132835394,1
107,-0.7766093996103433,-0.9947262746130587,-0.9939115800441978,0.9252680622411698,-0.9878630150421869,0.9518657210243106,0.6986219106226863,-0.38554975088451293,0.07940335132835394,1
562,-0.8501234731779732,0.2606821385465019,-0.15917294007498173,0.60640630787341,-0.8542035422158029,-0.28180159226528834,0.8576885917899866,0.48572800612031763,0.6589163307643541,1
154,0.44612156424611116,-0.9946087974266,-0.9941828305905982,0.887855715954223,-0.9077589143206201,0.943632809900237,0.6709697226664154,-0.3828573632944987,0.07940335132835394,1
537,-0.8409406550758736,0.33581333188056983,-0.10605410198809473,0.5949668783692413,-0.8460080586794777,-0.355999918918517,0.8713116144853945,0.5388777649830665,0.6938413757387388,1
514,-0.8715615790468529,0.08192227354730552,-0.27804707290527386,0.6337290608055797,-0.8751093765764784,-0.10840930163494011,0.8229021949314483,0.36220198983037843,0.5759623770449539,1
446,-0.3300869549525963,-0.9941720746071772,-0.9947646651349688,0.9022707333207761,-0.9587342511434354,0.943632809900237,0.6709697226664154,-0.3842035570895058,0.07854044144813588,1
173,-0.3300869549525963,-0.9941720746071772,-0.9947646651349688,0.9022707333207761,-0.9587342511434354,0.943632809900237,0.6709697226664154,-0.3842035570895058,0.07854044144813588,1
542,-0.8806378180935146,0.003049274842641614,-0.3268957053983631,0.6455572143235738,-0.8853824872581659,-0.03529780424387019,0.8086083816791807,0.3093073537540979,0.540813809760288,1
536,-0.8407005557207111,0.33824781085595923,-0.10524102442075489,0.5941895194290023,-0.8455319390715059,-0.35799267851676864,0.8729147186055172,0.5401836978552493,0.6948966285683317,1
403,0.5613263957841779,-0.9947262746130587,-0.9959410533627985,0.8855667203067913,-0.9004767233459321,0.9401044194184913,0.6571436286882799,-0.3828573632944987,0.07940335132835394,1
533,-0.8408714913976653,0.33692865527325466,-0.10563269889789206,0.5949990923774457,-0.8460951376944796,-0.35646346045234667,0.8680033761441335,0.5393937621164067,0.6940544698168248,1
555,-0.8276474504412581,0.44511615095298596,-0.02991274466261451,0.5781759858395201,-0.8338550728137613,-0.4634757994430676,0.8917109891508431,0.615643348697326,0.7446614692989421,1
388,0.7801008870215727,-0.9920894119195882,-0.9918821067255971,0.9439510466808774,-0.8859123413965564,0.9483373305425647,0.6847958166445508,-0.3828573632944987,0.07940335132835394,1
550,-0.920607833632255,-0.3292200887929392,-0.5524155086494471,0.6960484850756846,-0.9241425013448912,0.28772910091501935,0.7439068989700524,0.0782382502142816,0.38730191033100203,1
464,-0.8357604947404941,0.3785524277234633,-0.07635788072397343,0.5881232902789312,-0.8410380729751037,-0.39784863619154054,0.8809319269617428,0.568997043513081,0.7134552477945473,1
374,0.22315294492230686,-0.9973631373065294,-0.9918821067255971,0.9252680622411698,-0.9223232962699959,0.9397123760316306,0.6571436286882799,-0.3828573632944987,0.07940335132835394,1
148,0.906702088530078,-0.9961839902647859,-0.9966341876329635,0.9329399833966556,-0.8786301504218684,0.9475532437688434,0.6847958166445508,-0.38345935157205546,0.07854044144813588,1
365,0.7812874605333686,-0.9920894119195882,-0.9939115800441978,0.9205973161312428,-0.8859123413965564,0.9483373305425647,0.6847958166445508,-0.38554975088451293,0.07940335132835394,1
553,-0.9205952592410205,-0.32939660119278436,-0.5514340308760136,0.6957947373998862,-0.9244496298827031,0.2876937825532636,0.7436824736231487,0.07839925282300453,0.3870712515284865,1
376,0.9659479633066272,-0.9920894119195882,-0.9979705266813993,0.936944927515987,-0.8737753564387432,0.9518657210243106,0.6986219106226863,-0.3828573632944987,0.07940335132835394,1
99,-0.701632785833731,-0.9920894119195882,-0.9918821067255971,0.936944927515987,-0.9830082210590616,0.9514736776374499,0.6986219106226863,-0.3828573632944987,0.07940335132835394,1
547,-0.9028308310254983,-0.18126684804217685,-0.453047278837854,0.673186873390324,-0.9066968077596107,0.14401217839805835,0.7747708199290815,0.18097722338943523,0.45569578718906417,1
569,-0.9029099437720771,-0.18225036048845367,-0.45326987182818146,0.6734249594990807,-0.90644361746748,0.14457047651220822,0.7771568448695736,0.18048883374603175,0.45539213076118346,1
443,-0.33030306819188837,-0.9920894119195882,-0.9974328795075471,0.933650924331288,-0.9587342511434354,0.943632809900237,0.6709697226664154,-0.3838469240248041,0.07854044144813588,1
375,0.3779266273672026,-0.9947262746130587,-0.9959410533627985,0.9135911969663526,-0.9126137083037453,0.9475532437688434,0.6847958166445508,-0.3828573632944987,0.07940335132835394,1
545,-0.8405499889280461,0.33918971996933434,-0.10311431376358593,0.5944000686186882,-0.8455454953962573,-0.3590814220532774,0.8721272487563482,0.5413262042468249,0.6951301577680928,1
105,0.3374348062771628,-0.9920894119195882,-0.9979705266813993,0.9205973161312428,-0.9150411052953079,0.9401044194184913,0.6571436286882799,-0.3828573632944987,0.07940335132835394,1
502,-0.8898398101053584,-0.07356780928839057,-0.3791195264281486,0.6571448941901679,-0.8952503805030716,0.039071562822522665,0.7884780589924383,0.25579380869582935,0.5056384608793032,1
475,-0.8407878612851929,0.33842726043501314,-0.10574275670084476,0.594657655961947,-0.8449105704812585,-0.3571391035841458,0.8735686711630234,0.540049111341808,0.6944414204326673,1
513,-0.8805170622946114,0.005326755554024842,-0.32876402486030487,0.6447270621829423,-0.8850266522530094,-0.03632366386798447,0.8091099351791085,0.3096769325925953,0.541864375152177,1
508,-0.9205574636446173,-0.3287546062413529,-0.5525779941002329,0.6954469045082007,-0.9247255066472662,0.2873239447488619,0.7417861483365242,0.07831302049952676,0.3875998522983112,1
142,-0.18240690061040932,-0.9999165631099471,-0.9979705266813993,0.9356071640755004,-0.9490246631771848,0.9483373305425647,0.6847958166445508,-0.3841822586305565,0.07854044144813588,1
373,-0.3300869549525963,-0.9920894119195882,-0.9979705266813993,0.9299388083510967,-0.9587342511434354,0.943632809900237,0.6709697226664154,-0.3842035570895058,0.07854044144813588,1
426,0.33550708130747253,-0.9920894119195882,-0.992782705330582,0.9174738915138831,-0.9150411052953079,0.9401044194184913,0.6571436286882799,-0.3836061704460299,0.07940335132835394,1
452,0.7858929303219737,-0.9920894119195882,-0.9949802875853524,0.9199700955339521,-0.8859123413965564,0.9483373305425647,0.6847958166445508,-0.38356626025184903,0.07854044144813588,1
510,-0.8138731780239212,0.5598573383893588,0.048169953030649415,0.5606078056394896,-0.8198490003210553,-0.5748305740828314,0.9173765041528545,0.695375751597994,0.7975054825904087,1
152,-0.33080258755082526,-0.9931066861464625,-0.9959410533627985,0.940797677380717,-0.9587342511434354,0.943632809900237,0.6709697226664154,-0.3828573632944987,0.07940335132835394,1
164,0.11335217611068593,-0.9920894119195882,-0.9947865845489838,0.9512366234369914,-0.9299397467871807,0.9440248532870977,0.6709697226664154,-0.3836231475693854,0.07940335132835394,1
92,0.7812874605333686,-0.9920894119195882,-0.9939115800441978,0.9205973161312428,-0.8859123413965564,0.9483373305425647,0.6847958166445508,-0.38554975088451293,0.07940335132835394,1
480,-0.9206126044775973,-0.3294816184485111,-0.5519925881612859,0.6962009849076658,-0.9239821774331789,0.28775413005214434,0.7449586542068811,0.0782883709549404,0.3871867784341419,1
535,-0.772839617034491,0.9025836635379942,0.2774423433678346,0.508430929781088,-0.7791703032927646,-0.9063797329337828,0.9852845906699498,0.9328741958522581,0.9553148670408295,1
135,-0.36931804168635285,-0.9935129374950329,-0.9979705266813993,0.9851712230991271,-0.9611616481349979,0.943632809900237,0.6709697226664154,-0.3842035570895058,0.07854044144813588,1
524,-0.9074339182368738,-0.2195778846982538,-0.4781916158993825,0.6786742927154362,-0.911634958324302,0.18130731556124424,0.7659898889725792,0.1543615900443448,0.43783341046538404,1
412,0.3776981117939284,-0.9947262746130587,-0.9959410533627985,0.9174660219270651,-0.9126137083037453,0.9475532437688434,0.6847958166445508,-0.3828573632944987,0.07940335132835394,1
89,-0.07319378964875389,-0.9920894119195882,-0.9918821067255971,0.8949082125266451,-0.9417424722024968,0.9397123760316306,0.6571436286882799,-0.3828573632944987,0.07940335132835394,1
489,-0.9252323353306464,-0.367281585922269,-0.5796662727831884,0.7014454094076163,-0.9282910561814101,0.32502892805036254,0.7392181622440525,0.05131967396622533,0.3698006506479539,1
96,0.8972008604669441,-0.9973631373065294,-0.9939115800441978,0.9089204508564257,-0.8786301504218684,0.9475532437688434,0.6847958166445508,-0.3828573632944987,0.07940335132835394,1
529,-0.761239383533611,1.0000000000000002,0.34233718056682694,0.4938993296564226,-0.7680382086865077,-1.0,1.0,0.9999999999999999,0.9999999999999999,1
179,0.7858929303219737,-0.9920894119195882,-0.9949802875853524,0.9199700955339521,-0.8859123413965564,0.9483373305425647,0.6847958166445508,-0.38356626025184903,0.07854044144813588,1
167,-0.1821875608672856,-0.9970944503899478,-0.9957342572601385,0.9358962240866315,-0.9490246631771848,0.9483373305425647,0.6847958166445508,-0.3834618740155591,0.07854044144813588,1
97,-0.3309027242419561,-0.9920894119195882,-0.9959410533627985,0.9439510466808774,-0.9587342511434354,0.943632809900237,0.6709697226664154,-0.3828573632944987,0.07940335132835394,1
174,0.4463379628647699,-0.9940743249565448,-0.9944133560510571,0.8994245127336968,-0.9077589143206201,0.943632809900237,0.6709697226664154,-0.3828573632944987,0.07940335132835394,1
438,0.33788478385318066,-0.9921194295573262,-0.9979474234705162,0.920703658236231,-0.9150134721827763,0.9401892156847045,0.657458416926132,-0.3828573632944987,0.07940335132835394,1
384,0.002153628350294534,-0.9920894119195882,-0.9979705266813993,0.8832313472518278,-0.9368876782193716,0.9440248532870977,0.6709697226664154,-0.3828573632944987,0.07940335132835394,1
381,0.4465995693623983,-0.9947262746130587,-0.9939115800441978,0.8972435855816085,-0.9077589143206201,0.943632809900237,0.6709697226664154,-0.3828573632944987,0.07940335132835394,1
519,-0.8357661437110703,0.3788445362310713,-0.07687125671084727,0.5882578835410863,-0.8412169164561486,-0.3978056607323852,0.8785152718940008,0.5687915484763798,0.7136757680379844,1
360,0.33513582009805787,-0.9920894119195882,-0.9939115800441978,0.9252680622411698,-0.9150411052953079,0.9401044194184913,0.6571436286882799,-0.3828573632944987,0.07940335132835394,1
518,-0.8929131216839228,-0.09717798235745079,-0.3977423348022777,0.6607745469851642,-0.8969929886392073,0.06404269743473456,0.7862059707413851,0.23837220898598743,0.493928135470531,1
483,-0.7652753014251659,0.9693004419690239,0.3183781480820618,0.49886871458908993,-0.7701598475883892,-0.967129803710338,0.9965209555165109,0.977261698935762,0.9844778397169124,1
130,0.5613263957841779,-0.9947262746130587,-0.9959410533627985,0.8855667203067913,-0.9004767233459321,0.9401044194184913,0.6571436286882799,-0.3828573632944987,0.07940335132835394,1
566,-0.9205778958987687,-0.32928997756397427,-0.5517403904271141,0.6960347388880023,-0.9241082123622719,0.28747096101893466,0.7447014692598257,0.07845224934386508,0.3873036220357815,1
532,-0.9206028364659761,-0.32873376433957036,-0.5533866123756128,0.6957686971493382,-0.9248490738437456,0.2877298187679006,0.7392963725754269,0.07802782526866309,0.38756451217809473,1
461,0.37734323240485224,-0.9947262746130587,-0.9959410533627985,0.9234835352857098,-0.9126137083037453,0.9475532437688434,0.6847958166445508,-0.3828573632944987,0.07940335132835394,1
558,-0.8407901607059083,0.33823654496310396,-0.10572764465586981,0.5946912953687444,-0.8450217804951008,-0.35713546646288097,0.8733198590660772,0.5400010447298648,0.6944397350618075,1
498,-0.9648401694746329,-0.6981580828476056,-0.801325722725809,0.7510664475924055,-0.9684523118126555,0.6451516636645811,0.6708866320182745,-0.1779249524484608,0.2173170907823433,1
549,-0.9205422186663317,-0.32901967660610787,-0.5517525915453929,0.6957591469787643,-0.9245572563598794,0.28718764841514866,0.7426102543495176,0.07851872094909951,0.38750215345628214,1
100,-0.3300869549525963,-0.9920894119195882,-0.9979705266813993,0.9299388083510967,-0.9587342511434354,0.943632809900237,0.6709697226664154,-0.3842035570895058,0.07854044144813588,1
457,0.3357239081577079,-0.9920894119195882,-0.9951495431129004,0.913871585856129,-0.9150411052953079,0.9401044194184913,0.6571436286882799,-0.3828573632944987,0.07940335132835394,1
523,-0.7874527434767152,0.7825933747376357,0.19422848705947549,0.5267299118398097,-0.79325797300795,-0.7881298377993766,0.958704839549557,0.8483698876151259,0.8993791462427368,1
506,-0.8358363394127493,0.37914453086367805,-0.07720297848496915,0.5883771003159182,-0.8404424280666593,-0.39712015908768405,0.8807811892885956,0.5687867828977597,0.7132445764370722,1
564,-0.8408600486111135,0.3354526623678702,-0.1049864731713821,0.595006682624954,-0.8462381643284353,-0.35676199153721444,0.8721992420816966,0.5391688761046308,0.6941375269995095,1
478,-0.840706965129634,0.33819156186234545,-0.10523817542866953,0.594257813839095,-0.8456233146265929,-0.35793276172961663,0.8721260093108202,0.5401441764187626,0.6948710846662378,1
156,0.3363112196647504,-0.9947262746130587,-0.9959665353895203,0.9600933977814257,-0.9150411052953079,0.9401044194184913,0.6571436286882799,-0.3841866543069254,0.07854044144813588,1
178,0.33632239360985405,-0.9922876829772884,-0.9937589798263519,0.95136092306208,-0.9150411052953079,0.9401044194184913,0.6571436286882799,-0.38554975088451293,0.07940335132835394,1
379,0.33609991107639225,-0.9920894119195882,-0.9959410533627985,0.9065850778014622,-0.9150411052953079,0.9401044194184913,0.6571436286882799,-0.3828573632944987,0.07940335132835394,1
432,-0.07378707640465199,-0.9941902182667463,-0.9967327920946097,0.9594644909530183,-0.9417424722024968,0.9397123760316306,0.6571436286882799,-0.3828573632944987,0.07940335132835394,1
151,0.0021881834880783657,-0.9933180542620478,-0.9974977116087185,0.8832313472518278,-0.9368876782193716,0.9440248532870977,0.6709697226664154,-0.3828573632944987,0.07940335132835394,1
372,-0.701632785833731,-0.9920894119195882,-0.9918821067255971,0.936944927515987,-0.9830082210590616,0.9514736776374499,0.6986219106226863,-0.3828573632944987,0.07940335132835394,1
492,-0.9028672324849323,-0.18126684804217685,-0.453151328983583,0.6729483952969543,-0.9062185954403043,0.14430673736365007,0.7780648573891338,0.18083314680132823,0.45548664319893073,1
166,0.35440869327664926,-0.9931975660727116,-0.9935878984547072,0.9068215901475001,-0.9140209801048154,0.9432348234627251,0.6687645928752166,-0.3828573632944987,0.07940335132835394,1
169,-0.3297880278120997,-0.9955984620565392,-0.9972992436639917,0.9119743506274753,-0.9587342511434354,0.943632809900237,0.6709697226664154,-0.3828573632944987,0.07940335132835394,1
85,0.9091778368516354,-0.9920894119195882,-0.9939115800441978,0.8715544819770107,-0.8786301504218684,0.9475532437688434,0.6847958166445508,-0.3828573632944987,0.07940335132835394,1
398,-0.1824327135784768,-0.9999999999999999,-0.9979705266813993,0.9346095544610236,-0.9490246631771848,0.9483373305425647,0.6847958166445508,-0.3842035570895058,0.07854044144813588,1
141,-0.07322092209054865,-0.9920894119195882,-0.9924389831379914,0.8946946079826269,-0.9417424722024968,0.9397123760316306,0.6571436286882799,-0.3828573632944987,0.07940335132835394,1
471,-0.7736622845859967,0.8961514824828645,0.2715719332411788,0.5099590817952866,-0.7802507905263366,-0.8997513665698,0.9797340107703069,0.9278456887566505,0.9526122168636206,1
442,-0.3297880278120997,-0.9955984620565392,-0.9972992436639917,0.9119743506274753,-0.9587342511434354,0.943632809900237,0.6709697226664154,-0.3828573632944987,0.07940335132835394,1
143,0.7809206870032797,-0.9920894119195882,-0.9951662129613911,0.9314253812817996,-0.8859123413965564,0.9483373305425647,0.6847958166445508,-0.38554975088451293,0.07854044144813588,1
114,0.8947535525988648,-0.9947262746130587,-0.9959410533627985,0.9135911969663526,-0.8786301504218684,0.9475532437688434,0.6847958166445508,-0.3828573632944987,0.07940335132835394,1
145,-0.33055592199742556,-0.9927384066162095,-0.9964405550713887,0.9341796010807847,-0.9587342511434354,0.943632809900237,0.6709697226664154,-0.3828573632944987,0.07940335132835394,1
488,-0.8276108045552126,0.44592182323347385,-0.030423395526623986,0.5784044594165144,-0.8335688528697258,-0.46375537921187115,0.8909695106421166,0.6158826136101104,0.7449845864934694,1
389,-0.1819877485115533,-0.9947262746130587,-0.9939115800441978,0.936944927515987,-0.9490246631771848,0.9483373305425647,0.6847958166445508,-0.3828573632944987,0.07940335132835394,1
447,0.4463379628647699,-0.9940743249565448,-0.9944133560510571,0.8994245127336968,-0.9077589143206201,0.943632809900237,0.6709697226664154,-0.3828573632944987,0.07940335132835394,1
387,0.8947535525988648,-0.9947262746130587,-0.9959410533627985,0.9135911969663526,-0.8786301504218684,0.9475532437688434,0.6847958166445508,-0.3828573632944987,0.07940335132835394,1
177,-0.3293917699284359,-0.9930401040723326,-0.9979705266813993,0.9493046552643213,-0.9587342511434354,0.943632809900237,0.6709697226664154,-0.38371820156448905,0.07854044144813588,1
546,-0.838600822494141,0.3543346206761806,-0.09230474231454955,0.5919998577452203,-0.8444663045325387,-0.3749717177181251,0.8734430652257945,0.5521974750608746,0.702780056100729,1
433,-0.7767043900653312,-0.9947262746130587,-0.9954712758264076,0.9324472086144254,-0.9878630150421869,0.9518657210243106,0.6986219106226863,-0.38554975088451293,0.07854044144813588,1
122,-0.0728971462708049,-0.9920894119195882,-0.9939115800441978,0.8855667203067913,-0.9417424722024968,0.9397123760316306,0.6571436286882799,-0.3828573632944987,0.07940335132835394,1
185,0.278681730888245,-0.9974370186811145,-0.9958841902281221,0.9678508404049755,-0.9187162069951946,0.94562977280472,0.6773016865956158,-0.3835493194690286,0.07854044144813588,1
423,0.3363660455648212,-0.9920894119195882,-0.996345664034194,0.9093786603070328,-0.9150411052953079,0.9401044194184913,0.6571436286882799,-0.3828573632944987,0.07940335132835394,1
380,-0.7766093996103433,-0.9947262746130587,-0.9939115800441978,0.9252680622411698,-0.9878630150421869,0.9518657210243106,0.6986219106226863,-0.38554975088451293,0.07940335132835394,1
487,-0.9740001246357228,-0.7765276570829593,-0.8517837415577707,0.7628640307649479,-0.9776304622173377,0.7189644554637389,0.6598500849099299,-0.23095924873610998,0.1818949272391165,1
493,-0.9205346685998885,-0.32915084378721005,-0.551344597298375,0.6959132949278687,-0.9244740108957294,0.28712021810117316,0.7430188032852796,0.07862044140309238,0.3874539097154203,1
146,0.3362026652544683,-0.9920894119195882,-0.9960972730140938,0.9076636763549305,-0.9150411052953079,0.9401044194184913,0.6571436286882799,-0.3828573632944987,0.07940335132835394,1
383,-0.07378707640465199,-0.9947262746130587,-0.9979705266813993,0.9532925389007311,-0.9417424722024968,0.9397123760316306,0.6571436286882799,-0.3828573632944987,0.07940335132835394,1
455,0.25751768652565565,-0.9920894119195882,-0.9979705266813993,0.9851102545644755,-0.9201007561711175,0.9400713334460241,0.6571436286882799,-0.3828573632944987,0.07940335132835394,1
404,-0.32986447241913464,-0.9947262746130587,-0.9979705266813993,0.9229326891862064,-0.9587342511434354,0.943632809900237,0.6709697226664154,-0.3828573632944987,0.07940335132835394,1
453,-0.36931804168635285,-0.9975370676457747,-0.9979705266813993,0.9752598756656303,-0.9611616481349979,0.943632809900237,0.6709697226664154,-0.3842035570895058,0.07854044144813588,1
357,0.3779266273672026,-0.9920894119195882,-0.9918821067255971,0.9042497047464988,-0.9126137083037453,0.9475532437688434,0.6847958166445508,-0.3828573632944987,0.07940335132835394,1
449,-0.7763368398650528,-0.9947262746130587,-0.9943041497596845,0.9198471677026334,-0.9878630150421869,0.9518657210243106,0.6986219106226863,-0.38502895082249455,0.07940335132835394,1
134,0.07886057179429429,-0.9947262746130587,-1.0,0.9468416508441458,-0.9320328842362463,0.9440248532870977,0.6709697226664154,-0.38386827733959383,0.07854044144813588,1
485,-0.8406042335301174,0.3387295082461912,-0.1034127766518409,0.594468968823183,-0.8456047580181216,-0.3586439146506064,0.872027091009215,0.5410099505897825,0.6949218564633892,1
439,0.35440869327664926,-0.9931975660727116,-0.9935878984547072,0.9068215901475001,-0.9140209801048154,0.9432348234627251,0.6687645928752166,-0.3828573632944987,0.07940335132835394,1
112,-0.1824327135784768,-0.9947262746130587,-0.9959410533627985,0.9486217927908042,-0.9490246631771848,0.9483373305425647,0.6847958166445508,-0.3842035570895058,0.07854044144813588,1
410,-0.32806584387138216,-0.9961767807864164,-0.9979705266813993,0.8875491197891663,-0.9587342511434354,0.943632809900237,0.6709697226664154,-0.3828573632944987,0.07940335132835394,1
469,-0.8898654205825379,-0.0727107162540841,-0.3799535998284659,0.6572652601926154,-0.8946781258106942,0.03936846677419292,0.7884545358985882,0.2558788085420779,0.5055902434723611,1
113,-0.32949366819669834,-0.9947262746130587,-0.9979705266813993,0.9042497047464988,-0.9587342511434354,0.943632809900237,0.6709697226664154,-0.3828573632944987,0.07940335132835394,1
400,-0.33327587126554825,-0.9920894119195882,-0.9918821067255971,0.9322741814060601,-0.9587342511434354,0.943632809900237,0.6709697226664154,-0.3828573632944987,0.07940335132835394,1
456,-0.07378707640465199,-0.9937811339213501,-0.9957882312351143,0.9641745349297276,-0.9417424722024968,0.9397123760316306,0.6571436286882799,-0.3828573632944987,0.07940335132835394,1
168,0.7859121332375021,-0.9940547564746046,-0.99291578068088,0.8979254914444725,-0.8859123413965564,0.9483373305425647,0.6847958166445508,-0.38354302171232996,0.07940335132835394,1
419,0.3362026652544683,-0.9920894119195882,-0.9960972730140938,0.9076636763549305,-0.9150411052953079,0.9401044194184913,0.6571436286882799,-0.3828573632944987,0.07940335132835394,1
104,-0.3300869549525963,-0.9947262746130587,-0.9939115800441978,0.8949082125266451,-0.9587342511434354,0.943632809900237,0.6709697226664154,-0.3842035570895058,0.07854044144813588,1
522,-0.9028899370012865,-0.18243246559939486,-0.4530521097374771,0.6734200062389696,-0.9064400524503835,0.14436598415477964,0.7781248913836963,0.18056697280237033,0.45546133630211405,1
363,-0.21951313582210297,-0.9920894119195882,-0.9959410533627985,0.9229326891862064,-0.9514520601687474,0.9479452871557041,0.6847958166445508,-0.3828573632944987,0.07940335132835394,1
468,-0.7875477258473647,0.7818149015413272,0.19245703332843855,0.5266671764842301,-0.7933154947902971,-0.7874764959637539,0.9591706337274435,0.8476148720644473,0.8992975110917152,1
181,-0.36931804168635285,-0.99709426338262,-0.9979705266813993,0.9772415990049107,-0.9611616481349979,0.943632809900237,0.6709697226664154,-0.3842035570895058,0.07854044144813588,1
486,-0.8408109460207206,0.3351922593015839,-0.10431126204713326,0.5950333553961278,-0.8463858949330014,-0.3572308930392236,0.872819940579399,0.5393389579622764,0.6943172296674357,1
416,0.7809206870032797,-0.9920894119195882,-0.9951662129613911,0.9314253812817996,-0.8859123413965564,0.9483373305425647,0.6847958166445508,-0.38554975088451293,0.07854044144813588,1
359,0.0023019500392691405,-0.9973631373065294,-0.9959410533627985,0.8832313472518278,-0.9368876782193716,0.9440248532870977,0.6709697226664154,-0.3828573632944987,0.07940335132835394,1
551,-0.9648755819115743,-0.6984099962589188,-0.8015133381448267,0.7511820117833424,-0.968553366157665,0.6454683324989142,0.6701169890877633,-0.17808533881856908,0.2171529251270308,1
88,0.7801008870215727,-0.9947262746130587,-0.9918821067255971,0.9486217927908042,-0.8859123413965564,0.9483373305425647,0.6847958166445508,-0.38554975088451293,0.07940335132835394,1
366,0.004897579596322865,-0.9999999999999999,-0.9979705266813993,0.9766462694503655,-0.9368876782193716,0.9440248532870977,0.6709697226664154,-0.3828573632944987,0.07940335132835394,1
189,-0.1826107189515377,-0.9990006592093166,-0.9979705266813993,0.9413951652431771,-0.9490246631771848,0.9483373305425647,0.6847958166445508,-0.38403349307430995,0.07854044144813588,1
108,0.4465995693623983,-0.9947262746130587,-0.9939115800441978,0.8972435855816085,-0.9077589143206201,0.943632809900237,0.6709697226664154,-0.3828573632944987,0.07940335132835394,1
159,-0.07378707640465199,-0.9941902182667463,-0.9967327920946097,0.9594644909530183,-0.9417424722024968,0.9397123760316306,0.6571436286882799,-0.3828573632944987,0.07940335132835394,1
548,-0.7868711529868179,0.7862948643059418,0.1984991261955471,0.5261943895883754,-0.793215600233317,-0.7928879581235018,0.9587513319424468,0.8517137626685564,0.9014164962730393,1
176,-0.7763368398650528,-0.9947262746130587,-0.9943041497596845,0.9198471677026334,-0.9878630150421869,0.9518657210243106,0.6986219106226863,-0.38502895082249455,0.07940335132835394,1
401,-0.3303835983305453,-0.9973631373065294,-0.9959410533627985,0.9276034352961332,-0.9587342511434354,0.943632809900237,0.6709697226664154,-0.3828573632944987,0.07940335132835394,1
116,-0.1819877485115533,-0.9947262746130587,-0.9939115800441978,0.936944927515987,-0.9490246631771848,0.9483373305425647,0.6847958166445508,-0.3828573632944987,0.07940335132835394,1
147,0.33619782826349076,-0.9947262746130587,-0.9962251229062964,0.9580104493659638,-0.9150411052953079,0.9401044194184913,0.6571436286882799,-0.3840151275825483,0.07854044144813588,1
144,-0.22102453293610813,-0.9949003080062722,-0.9979705266813993,0.9216762613062291,-0.9514520601687474,0.9479452871557041,0.6847958166445508,-0.3828573632944987,0.07940335132835394,1
364,0.896830056244508,-0.9947262746130587,-0.9939115800441978,0.9299388083510967,-0.8786301504218684,0.9475532437688434,0.6847958166445508,-0.3828573632944987,0.07940335132835394,1
557,-0.9204891147217806,-0.3273199752568804,-0.5522019890795655,0.6957368573082644,-0.9234136081350987,0.28681938988708555,0.7457408893765329,0.07903603272481757,0.38780854861180997,1
541,-0.7651432929492976,0.9679293828085211,0.3195930574026693,0.49872533730810475,-0.7713048199623772,-0.9684705614650118,0.9962468534565576,0.9774805868916886,0.9851119605029125,1
463,-0.8898369765672328,-0.07137087971092348,-0.38119792808908615,0.6568605628058058,-0.8941549757564022,0.039152536627523604,0.7892569713932279,0.25606614508093384,0.5059704526047644,1
182,0.25751768652565565,-0.9920894119195882,-0.9979705266813993,0.9851102545644755,-0.9201007561711175,0.9400713334460241,0.6571436286882799,-0.3828573632944987,0.07940335132835394,1
101,0.22315294492230686,-0.9973631373065294,-0.9918821067255971,0.9252680622411698,-0.9223232962699959,0.9397123760316306,0.6571436286882799,-0.3828573632944987,0.07940335132835394,1
111,0.002153628350294534,-0.9920894119195882,-0.9979705266813993,0.8832313472518278,-0.9368876782193716,0.9440248532870977,0.6709697226664154,-0.3828573632944987,0.07940335132835394,1
427,0.44612156424611116,-0.9946087974266,-0.9941828305905982,0.887855715954223,-0.9077589143206201,0.943632809900237,0.6709697226664154,-0.3828573632944987,0.07940335132835394,1
126,0.37696253638886845,-0.9947262746130587,-0.9959410533627985,0.9299388083510967,-0.9126137083037453,0.9475532437688434,0.6847958166445508,-0.3828573632944987,0.07940335132835394,1
417,-0.22102453293610813,-0.9949003080062722,-0.9979705266813993,0.9216762613062291,-0.9514520601687474,0.9479452871557041,0.6847958166445508,-0.3828573632944987,0.07940335132835394,1
440,-0.1821875608672856,-0.9970944503899478,-0.9957342572601385,0.9358962240866315,-0.9490246631771848,0.9483373305425647,0.6847958166445508,-0.3834618740155591,0.07854044144813588,1
358,0.9091778368516354,-0.9920894119195882,-0.9939115800441978,0.8715544819770107,-0.8786301504218684,0.9475532437688434,0.6847958166445508,-0.3828573632944987,0.07940335132835394,1
382,-0.36931804168635285,-0.9973631373065294,-0.9979705266813993,0.9766462694503655,-0.9611616481349979,0.943632809900237,0.6709697226664154,-0.3842035570895058,0.07854044144813588,1
93,0.004897579596322865,-0.9999999999999999,-0.9979705266813993,0.9766462694503655,-0.9368876782193716,0.9440248532870977,0.6709697226664154,-0.3828573632944987,0.07940335132835394,1
501,-0.7868684371355793,0.7865029614411139,0.1980884997275807,0.5266177864229786,-0.7934810967792691,-0.7928703467994827,0.9557286934962494,0.8516228058490328,0.9016250082491003,1
450,-0.3293917699284359,-0.9930401040723326,-0.9979705266813993,0.9493046552643213,-0.9587342511434354,0.943632809900237,0.6709697226664154,-0.38371820156448905,0.07854044144813588,1
131,-0.32986447241913464,-0.9947262746130587,-0.9979705266813993,0.9229326891862064,-0.9587342511434354,0.943632809900237,0.6709697226664154,-0.3828573632944987,0.07940335132835394,1
458,0.278681730888245,-0.9974370186811145,-0.9958841902281221,0.9678508404049755,-0.9187162069951946,0.94562977280472,0.6773016865956158,-0.3835493194690286,0.07854044144813588,1
559,-0.7868603620045633,0.7868056920762712,0.19797020462142445,0.5259213366703814,-0.7928650433054202,-0.7929675919364578,0.9605922250056711,0.8518293690326663,0.9015315228342207,1
424,0.0021881834880783657,-0.9933180542620478,-0.9974977116087185,0.8832313472518278,-0.9368876782193716,0.9440248532870977,0.6709697226664154,-0.3828573632944987,0.07940335132835394,1
128,-0.3303835983305453,-0.9973631373065294,-0.9959410533627985,0.9276034352961332,-0.9587342511434354,0.943632809900237,0.6709697226664154,-0.3828573632944987,0.07940335132835394,1
526,-0.8407950130267878,0.3354646524966949,-0.10424220495636671,0.5949899698264498,-0.8463259100479331,-0.35733962382229834,0.8727577309623671,0.5394675464198683,0.6943637880374377,1
356,-0.07319378964875389,-0.9920894119195882,-0.9959410533627985,0.957963285010658,-0.9417424722024968,0.9397123760316306,0.6571436286882799,-0.3828573632944987,0.07940335132835394,1
361,0.7801008870215727,-0.9947262746130587,-0.9918821067255971,0.9486217927908042,-0.8859123413965564,0.9483373305425647,0.6847958166445508,-0.38554975088451293,0.07940335132835394,1
367,-0.701632785833731,-0.9920894119195882,-0.9979705266813993,0.9486217927908042,-0.9830082210590616,0.9514736776374499,0.6986219106226863,-0.3828573632944987,0.07940335132835394,1
371,0.33632239360985405,-0.9947262746130587,-0.9959410533627985,0.9602986580656214,-0.9150411052953079,0.9401044194184913,0.6571436286882799,-0.3842035570895058,0.07854044144813588,1
153,0.33550708130747253,-0.9920894119195882,-0.992782705330582,0.9174738915138831,-0.9150411052953079,0.9401044194184913,0.6571436286882799,-0.3836061704460299,0.07940335132835394,1
129,0.07802017226075386,-0.9947262746130587,-1.0,0.9392803005709505,-0.9320328842362463,0.9440248532870977,0.6709697226664154,-0.3842035570895058,0.07854044144813588,1
413,-0.7769802038327795,-0.9933364947659242,-0.9967910489323475,0.9163662201883535,-0.9878630150421869,0.9518657210243106,0.6986219106226863,-0.3841307061907781,0.07854044144813588,1
521,-0.889870363431792,-0.07286932393135559,-0.3798624940163424,0.6572583202832152,-0.8947009789592506,0.03939612803854908,0.7887309849936901,0.2558343571966739,0.5055569310639603,1
436,0.3374100089940275,-0.9920894119195882,-0.9979328267747193,0.9203370219590709,-0.9150411052953079,0.9401044194184913,0.6571436286882799,-0.3828573632944987,0.07940335132835394,1
91,0.896830056244508,-0.9947262746130587,-0.9939115800441978,0.9299388083510967,-0.8786301504218684,0.9475532437688434,0.6847958166445508,-0.3828573632944987,0.07940335132835394,1
420,0.33619782826349076,-0.9947262746130587,-0.9962251229062964,0.9580104493659638,-0.9150411052953079,0.9401044194184913,0.6571436286882799,-0.3840151275825483,0.07854044144813588,1
160,-0.7767043900653312,-0.9947262746130587,-0.9954712758264076,0.9324472086144254,-0.9878630150421869,0.9518657210243106,0.6986219106226863,-0.38554975088451293,0.07854044144813588,1
568,-0.8357999832175026,0.37898890060094703,-0.07703135767912672,0.5883152201994944,-0.840843876771082,-0.3974750655521566,0.8796074080024193,0.5687890013567726,0.7134679934116746,1
465,-0.7721924296843453,0.9076431760193562,0.28206093114599295,0.507228499162899,-0.7783210143627409,-0.9115940248354903,0.9896511045226523,0.9368299547674693,0.957441067716147,1
378,0.3374348062771628,-0.9920894119195882,-0.9979705266813993,0.9205973161312428,-0.9150411052953079,0.9401044194184913,0.6571436286882799,-0.3828573632944987,0.07940335132835394,1
491,-0.8807816133637582,0.0020944099524828896,-0.32774984561249954,0.6454664877031219,-0.8862875200918808,-0.03406204443728866,0.8036325353079792,0.30836187938891557,0.5402759657846541,1
441,0.7859121332375021,-0.9940547564746046,-0.99291578068088,0.8979254914444725,-0.8859123413965564,0.9483373305425647,0.6847958166445508,-0.38354302171232996,0.07940335132835394,1
511,-0.9205340439541037,-0.3293462667929197,-0.5521997594335857,0.6962571812471995,-0.9252143677189388,0.28704742781901804,0.7389947785588159,0.07808464246893454,0.38791796604809864,1
127,-0.33327587126554825,-0.9920894119195882,-0.9918821067255971,0.9322741814060601,-0.9587342511434354,0.943632809900237,0.6709697226664154,-0.3828573632944987,0.07940335132835394,1
175,0.4462414816940854,-0.9942114392061232,-0.9939115800441978,0.8832868656520995,-0.9077589143206201,0.943632809900237,0.6709697226664154,-0.3828573632944987,0.07940335132835394,1
170,-0.33030306819188837,-0.9920894119195882,-0.9974328795075471,0.933650924331288,-0.9587342511434354,0.943632809900237,0.6709697226664154,-0.3838469240248041,0.07854044144813588,1
554,-0.8276163629974141,0.445855032582974,-0.030321389223043282,0.5781762352842739,-0.8338029402260899,-0.46369718527163406,0.8904646607445079,0.6157878771937505,0.7449312339721889,1
83,-0.07319378964875389,-0.9920894119195882,-0.9959410533627985,0.957963285010658,-0.9417424722024968,0.9397123760316306,0.6571436286882799,-0.3828573632944987,0.07940335132835394,1
470,-0.9072635981528672,-0.2183877235887437,-0.4774664235444174,0.6785370268309191,-0.911248167859006,0.17982140795398893,0.768048093756512,0.15518402209946702,0.43861436918754426,1
184,0.3357239081577079,-0.9920894119195882,-0.9951495431129004,0.913871585856129,-0.9150411052953079,0.9401044194184913,0.6571436286882799,-0.3828573632944987,0.07940335132835394,1
528,-0.7723866854706011,0.907540012629066,0.27877034528731204,0.5075994413292753,-0.7784582073323568,-0.909998668592279,0.9847281323702507,0.9354692999063051,0.9573115574991392,1
414,-0.07322092209054865,-0.9920894119195882,-0.9924389831379914,0.8946946079826269,-0.9417424722024968,0.9397123760316306,0.6571436286882799,-0.3828573632944987,0.07940335132835394,1
408,-0.36931804168635285,-0.9935129374950329,-0.9979705266813993,0.9851712230991271,-0.9611616481349979,0.943632809900237,0.6709697226664154,-0.3842035570895058,0.07854044144813588,1
186,-0.32985219760266515,-0.9931327908453739,-0.9979705266813993,0.9197738993515746,-0.9587342511434354,0.943632809900237,0.6709697226664154,-0.3836708823168633,0.07854044144813588,1
377,-0.3300869549525963,-0.9947262746130587,-0.9939115800441978,0.8949082125266451,-0.9587342511434354,0.943632809900237,0.6709697226664154,-0.3842035570895058,0.07854044144813588,1
534,-0.8276599252512804,0.4450382553509573,-0.03024855412103289,0.5783144276778767,-0.8340658255127662,-0.4633722372007376,0.8900093359256556,0.615511309303492,0.7447047622629032,1
527,-0.8407108578497426,0.3381654893674515,-0.10527948581390834,0.5942095284617532,-0.8455672373706539,-0.35790309047719293,0.8727792762176088,0.5401191160484331,0.694854546964676,1
435,0.003983398730143639,-0.9973631373065294,-0.99712090579423,0.8859467271998607,-0.9368876782193716,0.9440248532870977,0.6709697226664154,-0.3828573632944987,0.07940335132835394,1
396,0.22322710576679405,-0.9920894119195882,-0.9979705266813993,0.8995789586365719,-0.9223232962699959,0.9397123760316306,0.6571436286882799,-0.3828573632944987,0.07940335132835394,1
149,1.0,-0.9935687715746532,-0.9950501759051059,0.9022595370079742,-0.8716442485884119,0.9482517218332888,0.6864834357384222,-0.3828573632944987,0.07940335132835394,1
183,-0.07378707640465199,-0.9937811339213501,-0.9957882312351143,0.9641745349297276,-0.9417424722024968,0.9397123760316306,0.6571436286882799,-0.3828573632944987,0.07940335132835394,1
180,-0.36931804168635285,-0.9975370676457747,-0.9979705266813993,0.9752598756656303,-0.9611616481349979,0.943632809900237,0.6709697226664154,-0.3842035570895058,0.07854044144813588,1
539,-0.8898589115924028,-0.07117549694054548,-0.38138069712482814,0.6566476082559941,-0.8938753950779726,0.03933726410228955,0.7907673808105667,0.255951196038013,0.505883023991412,1
556,-0.9739757430812287,-0.7760125442498118,-0.8514833277292833,0.7629427372663263,-0.9775181826983665,0.7188337105256404,0.6591713813504375,-0.230706816858259,0.1819237628811709,1
544,-0.8674025244601423,0.11555353878191088,-0.25523191074281204,0.6282690180421964,-0.8721436712631251,-0.14214915276176399,0.8268584523143903,0.38577410282282276,0.592209562804792,1
138,-0.09945073899090506,-0.9932011406165905,-0.9947672270726441,0.9380680901864593,-0.9441698691940595,0.9475532437688434,0.6847958166445508,-0.3842035570895058,0.07854044144813588,1
418,-0.33055592199742556,-0.9927384066162095,-0.9964405550713887,0.9341796010807847,-0.9587342511434354,0.943632809900237,0.6709697226664154,-0.3828573632944987,0.07940335132835394,1
84,0.3779266273672026,-0.9920894119195882,-0.9918821067255971,0.9042497047464988,-0.9126137083037453,0.9475532437688434,0.6847958166445508,-0.3828573632944987,0.07940335132835394,1
90,-0.21951313582210297,-0.9920894119195882,-0.9959410533627985,0.9229326891862064,-0.9514520601687474,0.9479452871557041,0.6847958166445508,-0.3828573632944987,0.07940335132835394,1
139,0.3776981117939284,-0.9947262746130587,-0.9959410533627985,0.9174660219270651,-0.9126137083037453,0.9475532437688434,0.6847958166445508,-0.3828573632944987,0.07940335132835394,1
158,-0.77696806975777,-0.9921756997442039,-0.9939115800441978,0.8959016982299445,-0.9878630150421869,0.9518657210243106,0.6986219106226863,-0.3829454680975057,0.07940335132835394,1
503,-0.8543766048515871,0.2235252926134612,-0.18086256455986383,0.6127100796990241,-0.8596729451463692,-0.24736006387550646,0.8450191246444967,0.46120294173416654,0.6421042297594464,1
425,-0.33080258755082526,-0.9931066861464625,-0.9959410533627985,0.940797677380717,-0.9587342511434354,0.943632809900237,0.6709697226664154,-0.3828573632944987,0.07940335132835394,1
103,0.9659479633066272,-0.9920894119195882,-0.9979705266813993,0.936944927515987,-0.8737753564387432,0.9518657210243106,0.6986219106226863,-0.3828573632944987,0.07940335132835394,1
369,0.8972008604669441,-0.9973631373065294,-0.9939115800441978,0.9089204508564257,-0.8786301504218684,0.9475532437688434,0.6847958166445508,-0.3828573632944987,0.07940335132835394,1
402,0.07802017226075386,-0.9947262746130587,-1.0,0.9392803005709505,-0.9320328842362463,0.9440248532870977,0.6709697226664154,-0.3842035570895058,0.07854044144813588,1
362,-0.07319378964875389,-0.9920894119195882,-0.9918821067255971,0.8949082125266451,-0.9417424722024968,0.9397123760316306,0.6571436286882799,-0.3828573632944987,0.07940335132835394,1
163,0.3374100089940275,-0.9920894119195882,-0.9979328267747193,0.9203370219590709,-0.9150411052953079,0.9401044194184913,0.6571436286882799,-0.3828573632944987,0.07940335132835394,1
407,0.07886057179429429,-0.9947262746130587,-1.0,0.9468416508441458,-0.9320328842362463,0.9440248532870977,0.6709697226664154,-0.38386827733959383,0.07854044144813588,1
394,0.7859595937360655,-0.9947262746130587,-0.9979705266813993,0.9089204508564257,-0.8859123413965564,0.9483373305425647,0.6847958166445508,-0.3828573632944987,0.07940335132835394,1
136,-0.32873022987077916,-0.9947262746130587,-0.9979705266813993,0.9496607991989053,-0.9587342511434354,0.943632809900237,0.6709697226664154,-0.3828573632944987,0.07940335132835394,1
132,0.44615460429547493,-0.9947262746130587,-0.9939115800441978,0.8855667203067913,-0.9077589143206201,0.943632809900237,0.6709697226664154,-0.3828573632944987,0.07940335132835394,1
171,-0.7012590651310227,-0.9920894119195882,-0.995717298665492,0.9428292810803354,-0.9830082210590616,0.9514736776374499,0.6986219106226863,-0.3828573632944987,0.07940335132835394,1
157,0.33510913173124246,-0.9922791982125908,-0.9937655101639424,0.9250999754477326,-0.9150411052953079,0.9401044194184913,0.6571436286882799,-0.3828573632944987,0.07940335132835394,1
