,PC_1,PC_2,PC_3,PC_4,PC_5,PC_6,PC_7,PC_8,PC_9,PC_10,W3IWER4_A
281,-0.6305091080455684,-3.34111833862157,0.8469660494568254,-0.5869916637886644,-1.1816738771528001,-1.4205303069179949,1.101082736650159,-1.2828703076023324,-0.035842318967672065,-1.148787196520432,1
52,-1.9933598991290051,-0.35259781050726763,-0.34745946003732964,-0.6931077303679193,-1.8268448533201265,-0.8593138879531862,-0.5492876838849536,-1.1449676869123762,-2.4806488088638035,0.4840692552892379,1
159,0.3823698183449713,-4.300994573682963,-1.5226496174905269,0.8153934630658172,-0.7800789709239159,-0.5081402836211343,0.9630240725234265,0.6594484245827086,0.14435064967403827,-0.04094816916539723,1
12,2.669229684382214,-1.1132290797750224,0.6794038814079763,2.270472705964592,0.20186897698736497,0.6358591278527388,2.0292733678971886,0.35293271155339356,-0.7318244788438166,0.20609054629253712,1
227,-1.353251462897593,1.966110149058462,-1.578426717680235,0.47541587093948245,2.390488389797904,-0.6295073659222566,-0.8549858859358662,1.4986450071338593,-0.2765861815231812,0.8537912273971531,1
140,-0.6787966762993175,-3.002288750669376,-0.2888617253302764,-0.7425107324340642,1.2780347773594427,0.3188218119361365,1.7580503968598884,0.23592629131349885,-0.7541083264116812,1.3151562425932355,1
326,-0.765365012163225,1.70732299132084,-0.46509861869184327,-3.258606029633262,0.827011141164059,-0.1133660230614792,0.364848133917216,1.4473822461491508,0.26220515952330103,-0.10452261082131002,1
252,-1.9263621004616844,1.3639692872131686,-1.3851061398666178,0.6650762480997828,-1.3202939247833636,0.4459400205548598,1.675729753174848,1.495442593373998,-1.10309155081566,-0.659845533218172,1
100,-0.31880619937905885,-2.644106770313244,0.37515945654391336,-0.8457123849967358,-1.1491913174445225,-0.5528636385094917,1.9457722498043657,0.42105747580128283,1.3708191515226893,-0.09413696438852356,1
347,0.09389866336460528,1.8241758676855984,0.6665258781505237,0.6513640692652041,2.195263200457051,1.0705203494832878,-0.3717586205479513,-0.43408816496067,0.33617900960117175,-0.2223248837165565,1
434,-3.1190608322185387,-1.6646232080972228,2.3556721869077295,0.6300795814420155,0.09501290473414795,-0.6160788260550871,-0.7696163627874563,0.8209072284043024,1.0291037672125776,-0.3162479389549052,1
116,2.8609393577827644,3.074986931465842,2.365412060828537,-0.5312175508316027,-2.0619677387349524,0.6453870669866487,-0.4866826377644985,-1.1410584473743521,-0.25332337268894406,-1.3517500849453312,1
409,-0.03168139872444615,0.7545329612480246,-0.8009295987539005,-2.451537642556305,-0.07767055301577758,1.0753215892879098,-1.4846386791847355,-0.33553918773963903,1.2514936131127767,-1.9414558892118807,1
313,-0.20927018318035992,-3.4316750250228094,0.10444471620688708,-0.9450902008752826,-1.2242304647730922,0.17204760110671408,0.8265590391617053,0.522787480288606,1.4784207810652232,-1.6333661297779927,1
425,2.2748809403589245,-3.8809016520347175,-1.652948826306636,0.0030086419596411854,1.0213933986680794,-0.05664933978451286,-1.9697628765460524,2.0337654447689038,0.6913397134801956,-0.3140207965659475,1
303,-1.1988423482378001,-2.1022123747327828,2.206510973353733,-2.359388516929165,-0.30253842807993525,-0.8553481719704837,-0.17432759282389945,2.2463872684259796,-0.3895949953634352,2.334756655630272,1
48,-0.9514088648706048,0.5918341335319062,-0.34405547623492944,-2.015924825446798,-1.853615042378932,1.1712742288290314,-0.029316186143400622,-1.4485922072887525,1.2357173057832467,-0.2580472011870904,1
165,2.7312576638511668,-3.734162700874143,-1.1360620528629364,0.04879813374197102,1.5087528613363677,-0.9719150988789282,-0.6099256249716919,0.7611902094838634,-0.2218083190197564,1.249131809379643,1
330,2.6000161887286244,3.18766866211251,-0.9319987946456064,1.2076342494816619,1.7023196597843444,1.02142841553433,0.5130526917994771,2.0037019223265835,-0.8880324754623259,0.2757084012351948,1
55,-2.2948744904256992,2.7200540647543328,0.10109469019129831,0.05109252307706862,0.6611874902999225,-1.7157491200626152,2.366777049776051,-0.5262882768199094,1.65808523778,0.8175587547128258,1
83,-3.5755701964166025,-1.255858913715196,1.4497726893781973,1.034681597991891,1.1442264519429146,0.6193677600420704,-0.6045898310873722,0.7661353240736337,-0.7427373234917176,-0.9425558312114977,1
283,-2.021318705802671,1.7266966317695958,-2.326910726606361,2.6613062426251215,-0.2079404252817288,-0.8878657153082721,0.7845644575437081,-0.8708879503698739,-0.35015123237555945,0.4438841463318431,1
113,1.844006412699974,2.7194997179060993,0.394973461510683,2.7262477581277786,1.8248969034681624,0.3398474620075447,-0.5928298984662955,-1.5607158509681238,-0.3871355405382682,0.5837749309055279,1
72,3.1272583836957186,-1.6764013606959816,3.317865318871028,-0.9461079452550376,0.0009852684958395494,-1.2443005880732905,0.5406649899987549,-0.06725321428843646,-0.4299683851593074,-0.2568613918577021,1
437,-0.1709275608093088,-1.1504396866468949,1.8722637770393344,-0.45460846712280284,2.135670450759779,-0.3372224868363632,-1.2857660938987856,0.20016888036859756,1.7284378943480645,-0.3298479586622321,1
336,0.1668654261326153,2.449220268156792,-0.39914623638594166,-0.036705866526783495,0.39755151042218334,-1.2615901165702703,-0.4310934266097006,-0.7832680533250735,1.3986745613230418,-1.2128302276135596,1
69,3.693181518550759,0.6404921628243242,-0.38657370243517813,1.4006275464328928,-0.8688470006261988,0.19506866384517163,-0.5800773444273974,-1.7439703676282234,-1.2762731685540354,-0.5859182033152012,1
126,-3.7634592228746877,1.0034587895604623,0.746912729966147,0.32687878952812094,-0.5878008149870793,0.14518396216757365,-1.9628054268185346,-0.6081284923280752,0.3495075107886945,-1.572453728143942,1
105,-1.983181992445585,-1.690257072282077,2.026457511371969,-3.028877046274733,0.040241306229137803,0.6744575146150643,0.3646930250078537,0.5390841813119731,-0.2993495717815268,-0.11174536552256228,1
224,1.5121680988935207,-3.1368974914399015,-0.5814490617200156,-0.7965743481219563,0.8491799697334047,0.6898756798219773,-0.5813121882445542,-0.36851815508341207,-1.4070992879664694,-0.0736465005790121,1
389,-1.6347395403731102,-2.7094172560476073,2.662256881147006,-2.526330044494163,-0.07107338697360292,-1.2146354311292717,-0.10091464285890366,-0.16740215190483354,-2.2490812991485485,-0.07685022570810725,1
187,1.3905142813951457,5.132528801167641,1.3790928906253976,1.34114853627135,1.2945519430668235,0.5863423973760454,0.022855909158661966,-0.4613944507037464,-0.32861539002338364,-0.20993367735729404,1
135,-4.4362837496299665,1.5112482242892167,1.4319581067817004,-0.11635674496604172,-0.7915087472501829,0.04376114369610452,-2.213968065230708,0.015049544584969618,-0.48541450471814607,-0.9988932151350262,1
168,-3.0024662905400885,-1.9531460614980636,1.6752527002762914,1.6273456353840363,0.43908947021957445,-0.35564630473605585,-0.7876267551371884,1.0108238794347042,-0.658436768994474,0.8179511293832131,1
127,-2.497989846649045,0.7603672263509804,-2.289928410574929,1.9425932644823305,0.32424213875718483,-0.6175293654569792,0.06468480472489131,0.9693171618352445,0.30069862378618956,-1.3892736207838818,1
410,-1.0988060558832593,2.1315316564110343,-0.07941341665872262,-3.8219516296413323,0.6941813351357329,0.5455889816890818,-0.41940845071899635,1.483018270149568,-0.4048015386039918,-0.5813286953553018,1
38,-2.167301621996477,2.19485353551201,0.23399552547304323,-2.0031173448917574,0.021472805561824956,-1.023290214338982,1.9245397747867072,-0.2940902821756413,-1.7593077772157424,-1.4553744194257288,1
107,-0.35467938898486207,-3.7451191163392505,-1.072720596063738,0.11942406858976684,-0.7691372400423842,0.6307646420719291,0.9530333172128094,0.4153740469173063,-0.41611661636439107,0.7846137825607403,1
316,-1.2671917069996452,-1.3535246766929985,2.710379218992816,-1.4612066573021836,1.5127425361861182,-0.2598920920263537,-2.3444380243919625,0.6802142932171219,0.3488479278299509,0.2272315307005082,1
377,-1.0347096684026214,-3.180165723925828,-0.18493524918472223,0.6363750975148493,-1.3939703484540522,0.33764384042204704,0.36836820322161395,0.8708904859019175,-1.3841657402700802,0.4402603601289411,1
288,-3.5737885302454453,1.4187606777386153,-1.6063956198841014,1.2794278080867265,2.1211426961712285,-0.839765593279476,0.7746456100085284,1.4633832129042843,-0.8968844643559017,0.4753586990570377,1
238,-2.448232889656425,-1.9491511502867793,-0.18864306310648962,3.3605559052379994,0.10640126951404369,0.8069092930505898,0.06340178340955244,0.3709532584607597,-0.0758891535256893,-0.7589833649980744,1
242,1.110238072067927,-0.24603512134867953,-2.4729212781243506,-1.4530960575803569,-0.2595511210403833,-0.8869574031872265,-0.03475041726478086,1.38162448652498,1.4487032089716816,-0.39969016584237005,1
373,-3.204263832732746,2.5732561753912497,0.3239647408473692,0.3695160853871205,-0.8877222012958899,-0.856191195904093,0.14661564212816972,-0.40494365311712066,-0.9674062573646964,1.161041840146491,1
85,1.11821409569072,-3.1348467088431957,-0.44688906461236966,1.5331532229760172,2.008574306181317,-0.8645348111819207,-1.1240338151033156,-1.4118791874115924,0.42498587417925987,0.977016863365954,1
304,0.5148433841024799,-2.8471491942842717,0.6736513066005476,-2.160977847507377,1.5763866931322073,-0.47722073051740693,-0.22983744671196554,-0.267914716454411,-1.3325176855261456,1.1506240077625456,1
79,-0.29789798990402,-3.720162883890237,0.19530183116666727,-1.434388134169205,-0.36140647542410803,-0.6651669752382312,1.1656702895253013,0.477175561275169,1.4762955406446356,-1.3974220964017405,1
118,1.5563135770341598,0.35253504464445423,-3.2568579873049424,-0.31803257512170585,1.29256940093526,-0.518654159235744,0.062360243748689044,1.0688756876890977,-0.4239189659292596,1.1419111849069472,1
47,-0.07193052134191166,1.729423854883981,0.4690592829049854,-3.713762121461828,0.28600723394578914,-1.6157480660680306,-0.3970401440921928,0.4835522345434538,-1.227257783160468,0.05589716620792677,1
14,-0.15057904125977756,1.4203636702047786,0.5099181523981254,-2.8361843243856586,-0.10480450076839642,-0.3031905311367979,-0.5897844484182123,-1.4739145904069342,-0.7937636057679197,0.10221729725153879,1
251,2.823631725678724,2.3369774122892535,0.014304479793156482,0.9059782299587691,0.21822652724864802,1.4293773696951517,-0.005232440093670708,-1.8181147840589542,-1.9184468062548115,-1.4773561943719826,1
286,-2.7998459911852565,-0.6400375026158618,2.0199708659476565,1.069712504346422,1.100353598356969,-0.050497708219156716,0.2372317352073573,-1.055568185158623,0.16615183167825287,-1.7779573334825873,1
332,1.5447243525570602,-1.8657232596511815,0.5294607337751732,-2.138464660488489,1.7699290961819119,0.1395288254898996,0.9505498955224092,-1.1388716022024457,1.0254283313232053,-2.1301821217173744,1
199,4.180822953876152,0.7178559272251414,-0.8714351801244659,0.8733052316376008,0.31795471496133976,-0.366875487494339,-0.1469006391895396,-1.8590404770733817,-1.0468400277747354,-0.8405045435981633,1
114,0.9666004769635881,0.8560890997657706,-1.8690889184295607,-1.2629889851117109,-0.25263176311421565,0.9400077177523455,-0.26069450080540013,-1.70638777661675,0.2928109978383652,-1.1332195242917456,1
359,-2.0594196589082867,1.2689460087413311,-0.09793604012704177,0.7748000617617851,0.15649798969364312,-1.1886242475753386,0.1435501869471552,-2.3428550338374476,0.8586692164380203,-1.632694718068957,1
268,-0.2632003665977524,-3.3429010339490683,-1.2398249648248232,0.452858489771903,0.6140080564767562,1.2360734938768911,1.6255788465468726,0.3644993282202758,0.2694413954422813,-0.8278016425069583,1
80,3.167521213770933,2.1977531607198912,0.05467630984727586,0.003549880695528795,0.15640876637323464,1.2565200029215944,0.5742778711922262,-1.870162106280468,-0.05137935909908894,-1.911403336718554,1
221,-1.6665606250249136,1.735872355917,-0.20508467943451972,-2.992168689027245,0.6075627970151508,-0.5212348117409261,0.5820805238655179,2.7118692430664275,-0.053283459352733854,0.8466630598939855,1
15,-3.373557095401054,1.009426976507642,0.07372737580732415,-0.1774296301313717,0.07691450322349942,-2.013308125859837,-0.06935650218910153,1.3907028056380815,0.843337226116787,-1.8783039209095134,1
310,-2.2464553811204437,2.7780519669857826,2.0441053365797273,0.9305114174636097,1.593084975728117,-1.786302000462361,2.2534458313711316,0.11254858545153563,-1.2067180157624529,-0.08419361635364528,1
202,0.1128731876809466,-3.7182068177700383,0.0024146889286943947,-0.9111475486585762,-0.8162702320722494,-0.515279515723257,-0.00850742300630646,1.6528012665912561,2.121939532153697,-0.4548028006791214,1
329,2.7354889346283358,2.1798831832746726,0.7288670806518383,-0.4710115002750162,0.6870224355463782,-0.26235168475733467,-0.4849746250835723,4.103982302143935,0.6548648856621986,-1.1326541914145019,1
368,2.68896195551245,3.2824441733079257,0.480299411881397,2.011597284785784,0.2608596052617136,-1.4264396508494643,-0.03909081345119832,-0.36115592026499294,0.46423794782774574,-0.3552478198728442,1
120,3.111018245822344,-1.9734380673985548,2.8014102533808547,0.9307922674153413,-2.223238909022535,-1.124941407091176,1.6396761779744469,-0.2711191820042386,0.14073134480270164,-1.4094124411480053,1
436,-0.9500897896496446,-0.7017169643725311,-1.914980373795655,0.8433652888183549,-0.5456363176868106,0.5642467704837575,-1.3207004593935596,0.14152195825266226,-1.8895442987935025,-0.4755112214523424,1
22,-2.1879792410727763,2.1429095540419505,-1.4745523744044606,1.5036625642193986,0.7839199563167958,-0.9831255086082045,0.9027497047005983,-1.3097782310323882,-0.49129231336841267,-1.1955768742973343,1
203,-3.4799008767740975,-0.6496051480922017,2.4200648546441674,0.13678051576690717,2.5255013713133376,-0.31888176696574694,0.6973634402866512,-0.15876466896818492,0.24154580581798082,-1.0345264262724425,1
266,-1.8880720401479487,-0.45233827401638793,0.01633188950029585,-0.40869791966002983,-1.4452321344715122,-1.7659657468439778,-1.7033986236391248,-0.33116398984203593,2.0406781984483713,-0.18682560298661807,1
358,-0.17613172517616207,1.6020041679121062,-2.4837142929411113,0.5975467445396385,3.487673987201186,-0.9691035396777217,-0.1474980773764058,0.6664865048228772,0.5503577695367899,-0.0892147052332496,1
295,-2.9521626941162236,0.6610394323372987,-1.870650234613934,1.8607471393166173,1.6904714194005324,0.3785009712973997,-0.6531248373698074,-0.8670151684627098,-0.45706915477339444,-1.5048917754033597,1
90,-2.9111959476462994,0.35967509519674673,0.41319606194725245,0.5520605784456792,-0.7650729048277909,-0.7032460886229296,-1.9802720757987073,-0.3731737430876171,1.0629641008342734,-1.8021346321233958,1
305,-2.998887944373344,1.1789805039319754,-0.21312963228181092,1.1576714911437918,0.07886082642522406,0.09647566141226686,-1.0698787909486664,-1.7717092821336409,-0.41035074781149333,-0.536328236545557,1
380,0.17290878043455166,-1.1982989728866593,-2.7730529859981714,0.26382930648033404,-1.5506085902088598,-1.2428260863547407,0.9523738001263781,-1.5912405584865956,-0.6038077968721692,1.0015668990260949,1
58,-0.0032636625733596767,0.9518597416965323,0.7601007292086144,-0.03606374531686169,-1.7297071173432745,0.35072292502733765,1.5319353390826291,-1.1302400847724023,-0.18228525866523956,-0.0021292805611508757,1
338,-1.4840706673107353,-0.23496959731002828,-0.24821553036112787,-0.7519379240143736,-2.3148444056213147,-1.123376142300211,-1.5941682360733456,0.8707690818740182,-0.2760713968454204,-1.2087965567015868,1
322,1.0436360121604868,-1.076836537810814,1.2663575215154432,2.448223898835326,2.6079377946911992,1.6409488853730705,-0.4144543725424915,-0.43566241851190585,-1.1937588103383234,-0.2478733224426168,1
285,-1.9049366032092299,-2.4868113985745888,-0.23054082368490883,3.037398469025069,0.5389407098350122,0.09975404063135122,0.27495210733610903,-1.1131825557858304,-0.42871430963213497,-0.4251024735628175,1
428,2.667627621989519,0.823976956130643,-0.1721781637860737,-0.3787879390507209,-0.2568617827559633,-1.3460904944574454,0.66794058849468,1.9937428493491856,0.376603010634446,0.6333251369427602,1
88,2.1547444458040617,-3.374443529992428,0.5028058518386059,-1.9119699592409993,0.2523999787417092,-1.0471085127885773,-0.495791077352226,-0.7152814747457863,0.6912276260631539,-1.4156921136220826,1
137,-0.7763591770466154,-1.5854361107356818,2.0174333095596637,-0.11125221234752802,1.098400007354226,-2.1093376079523756,1.382358891734468,-1.6979626766614246,1.602538573454723,1.4400286153261928,1
164,2.9584239636552336,-1.361617296004085,-2.7095885063514737,-0.2038970200653816,-0.6080742525927653,-1.4810322490670618,-2.184667970799357,-0.2099235103744329,-0.15946837556573817,1.9716543460474107,1
314,-2.051181688413943,-0.22472358304341974,-1.5703911902884875,1.4789671192072928,-0.1359538109618361,-2.822981184695809,-0.6204514257598187,0.05884737367447092,-1.4203041745881135,-0.11365086305116448,1
0,-2.2486651898094254,0.9272467585834726,-1.7620853049498288,1.1246654272297316,1.4522118859984883,0.7849183730458595,-0.3641740437434951,-0.4995736171834789,0.534393879611501,0.3805896592480973,1
327,1.5107075399626186,-1.9589621346552526,0.7077612229473856,-2.2595810762776405,2.0750895701606735,-0.7171346745330698,0.6115291113056458,-0.9655892171007374,0.38804928160430413,-1.337008980363602,1
182,-3.932967326366792,1.0432318100737454,-0.023204001878165195,0.8857952020005205,0.3005402203553167,0.026435989796369342,-2.147355710093126,0.04743505751428941,-1.9960601518102714,-0.35817650769879916,1
32,-0.8956221605015314,1.395059794165497,-0.4658771309352544,-0.7731765468457636,0.6846761193116635,-0.28521523629049933,-1.1298794965215795,1.258303332411543,2.891071614301032,0.16153736416373846,1
26,-0.8259963558527533,-1.6023112656860456,0.3406161012593122,-1.5101726107179345,0.5542579261063668,2.4412080913858434,2.8164919374029043,-0.677110964323389,2.282173850440122,-0.7168007403439157,1
431,-1.5665904281671634,0.7334318742899278,0.6635806670687584,-2.1397732343480795,-1.55019484927033,0.3416171587369609,0.6488363053398737,-1.1310134000243082,-0.6753974653386572,1.158061318634437,1
87,0.14817789704976952,-1.3642885818222474,1.7474819119241543,-2.3512872766658774,2.3060674319166976,0.6489798119939042,0.6125099899980109,-0.8521205455544111,-2.338798936175713,1.3316612305297304,1
427,-3.093755148766759,-1.7027942661173734,2.037181689794761,0.528958500563671,1.780241204734685,-0.8146913540245748,1.1600761151311214,0.020936462607221026,0.8481843521736641,-0.9741382684758975,1
393,1.3951829011190133,-2.3202795443317763,-1.035792313405667,-0.4131682959154096,1.9957795797861535,1.4768420901897794,-1.4189764306850876,0.21617158209805987,-1.0755070921123322,0.4388570869423987,1
196,2.213603436561363,-2.940949225201093,0.5750047889293012,-2.176304355198776,0.5297536465039825,-1.4490415483806185,-0.20966840370595596,-1.077526162111172,0.9030663608164935,-1.1656001711243262,1
188,2.94542296267909,3.345221882222515,0.3490017158413902,0.001596252476995147,0.6153406686598943,-0.2674500223592796,1.5042491507418618,2.213843285523332,1.3026672014708598,-0.36303959774917804,1
8,0.8433331455146087,-3.856456754401624,-1.171321744064428,-0.13249788411731492,-0.17810068970775744,-0.6357868948547399,1.151997060718708,-1.1657786715689569,-0.634241751576737,-0.08964401829761187,1
351,-0.2511393032593049,-0.10280074342864354,-0.5348641757892364,-2.7167133559753274,-0.2004013456790608,0.6031302308126872,-2.796829902499714,0.19581713713518864,-0.9546196595021461,0.43703616592880123,1
396,3.7697460222903527,2.982636280306297,-1.2362024097051312,1.7407758328222693,-0.23879363553621671,-0.08574266844483434,0.3901917405319961,0.7118870074928549,-1.1375088619142446,0.625796498196588,1
435,0.4791360727269701,1.1597653930735976,-1.6702141789687523,-1.51277802088462,1.311757313470478,1.1979023075298139,0.24185216255593078,-2.0879928234434435,-0.5447293106192328,0.0975706801287049,1
104,-1.2977328393192902,0.8752501541304911,-1.160984105780059,-1.458658272210225,-1.2833464960396381,-0.0072971263776033,-0.027059931983849546,2.978819961462682,-0.3151211487503716,0.7590877637245033,1
302,1.159974053498552,-4.43955541912443,-0.8418313871042284,0.8725673778346146,-0.415681237092433,-0.7123090006429401,1.6298911794678665,-0.3995957389597374,-0.4136986058701463,0.7251717027016343,1
95,-1.2565214709768535,0.6287034637256348,-2.571946022680204,2.432080773761994,-0.40672389506836487,-1.3074267766606558,0.5302942483912573,1.394523208083035,1.335622077543993,0.03589294059519795,1
49,0.2480126700582623,1.2179628695438496,-1.8237292428462928,0.46705092374269114,2.4575124774834416,-0.03279229141209102,-1.5885593211468614,-2.3420252643244486,-0.19811213978213713,0.4574915457183291,1
420,0.7585751745743018,-2.669172302126973,1.520187955981847,-2.5809936286336894,0.0846321032125962,-0.1769653282486501,-0.5203167720786435,-0.4184466069009252,-0.31114679601985573,1.0101085563550833,1
10,1.999764565829756,-2.1691330185628996,1.8126564272113674,-2.7096232885311493,2.265175664640235,-1.8828539911195497,-0.09957313654404101,0.036145256289721345,-0.5954165165553125,2.01659545245971,1
132,2.477240624177296,3.8808227151665187,0.8826983929471509,-0.7657113406424827,0.5759691593413606,-0.07697005516309223,1.7897136885879759,0.10034993475054657,-0.2401350024571945,-1.5848654943167948,1
109,0.45027141572591045,-0.8364341803550892,-1.1263638693084226,-1.5974229782409075,-1.6861085500621098,-2.0008586369407166,1.0700601646404213,-2.116316528080711,0.981386418462018,0.6313252631136973,1
401,-0.8422228051625653,1.8294863033478557,-2.107020175473018,-1.0335370263624437,0.6025331013898997,0.2488205159523333,2.7907771953489773,-0.4870100920566324,-0.3112482203439409,-0.043186727835140125,1
222,1.2206205903652334,0.46824615198260416,-0.6078575682421151,-0.5523262320355596,-0.2292860817920493,-2.289873257104525,3.944725987694285,-0.15086246710629553,0.7181911361704753,0.22100538602471445,1
378,-2.9644879796553396,-1.0228469619644736,2.379507345289309,-1.571555976030166,0.9804427402690411,1.7345381519426926,1.5064539508188615,0.797514499735499,-1.5900992912009149,-1.0691837160501316,1
402,-0.04422813024668339,1.2547013680146635,-2.1205283396940247,0.1775169312807843,2.7828731529828006,-1.2489267730761413,-0.6033629537824462,0.43405652606863704,0.4145601249802383,-0.29234851896392666,1
356,-1.3986412852578307,0.45410469932315445,-1.460941959854951,-1.0681815465660258,-1.3691235313951744,-1.1110437137184705,0.5810471415674363,1.880825208548359,-2.017717536549913,2.054343365805729,1
364,2.2181395223792664,-0.9455718580912702,0.8003023508685839,0.4368024255432245,2.795516269495411,1.2684583401448244,1.4618267399017608,-1.398521921621629,-2.3062936561938434,-0.31391675145562875,1
272,-0.058749826861739386,-3.577269070378491,-0.25257523550024247,-1.0594741416207025,0.022592352910932336,-1.4018909750468942,-0.08507751779431402,1.5023752196797382,0.47989232828169365,1.022101547318799,1
128,-3.249979622062146,1.118227983991081,-1.2871802589506016,1.0103853310904027,0.8127131424695704,-0.7973057024451866,-0.43657363160314916,1.4637160996891736,0.29293624794784323,-1.6149132552326104,1
78,-2.441520779073129,0.6123964867136339,-1.856977662263202,2.0296477218797735,0.3910490916083428,-0.09025997789041414,-0.23366988665583457,-0.4459146200273927,0.7377322230276625,1.1289915470441565,1
43,-2.557856666434478,1.333922267485804,-1.238683011745084,1.1613482063965703,1.1057180342788424,-1.6737241247700212,0.30121041766551077,0.782472542366543,0.016884391934755348,-0.63789375752727,1
96,3.233433753754842,1.9135584697937724,-1.362780747101087,1.2975135999699818,-0.7094369114750158,-0.0773168539678311,0.37634416185696246,1.8053176888062243,-0.6505190519571394,-1.3346230240991561,1
319,0.7185850237928156,-4.249395722738794,-1.3752685852463864,0.4121940396294164,-0.6983773634168825,-0.45441010315065583,1.3766316030440395,-0.7488325066677455,0.10702486338518276,0.9394811530749185,1
180,2.430128825280219,3.738539512600266,0.99084295866442,1.103191129881392,1.5075314618344269,-1.473013028302757,0.7444611925513426,-1.2496717564774316,1.5640720916369864,-1.7435692756010122,1
406,-0.7324195845065277,1.2231124969408638,-2.593798909294373,-0.37647975570464504,0.3223614026235624,-0.27462495190747227,2.3833535441289624,0.7722148772314824,-0.9561635355786536,-0.5622474748724862,1
13,2.728820217436226,-3.4139187938428,-0.33684051279795657,-1.0995517472729208,0.8880165460200911,-1.27905557684033,-1.0811751617493504,0.16253831306995642,0.4730647695417026,1.2668872384652479,1
416,1.5120947737730444,1.3054193893575328,-0.03919394832267445,4.287855325888104,-1.6978832694093502,-0.9096049769477643,-0.21498025036358706,-1.1671747845227298,0.126062713786157,0.5788702570301245,1
1,2.0397275975264613,-2.3559728228281296,0.8225321370468595,-1.2384825067658025,0.5049531932418176,-0.4826900878097192,-0.7869381541602755,0.2997165372572472,0.8178958838060476,0.4038234176316003,1
183,-3.377408493415155,1.2740383980786965,-1.166359849944279,1.4278901781219346,1.4042985493198514,0.4382986831206466,-0.8381728170373921,-0.6530321926235769,-1.3152094281185753,-0.2594092185686951,1
228,1.1104840492539043,-0.6915256815974725,-1.1841241701157292,-1.7121889498767864,-1.454783771507527,-0.4924475814546052,-1.6941104887707998,-0.0011244658577556556,1.4825575256936303,-1.477282727496765,1
262,-3.680372247039957,1.615966046249594,1.1648541162782025,0.40639847010610103,-0.5210033513409986,-0.5472272995261965,-1.3410333772416807,-1.3775698964293168,-1.8270773308425226,1.4926124313605533,1
179,-1.0261316706259112,-1.5445016902473463,-0.5536195954507381,1.4810038493547404,2.4066085356349265,-0.6043920226279805,0.3826620129255407,-0.2846420737710245,0.7416347127355811,0.14711549502577168,1
142,1.704070176113263,-2.908027175312453,0.2965907932442516,-1.7673337425964908,0.6264503320787406,-0.03163335081213011,-1.689677129398038,0.6965338601690471,-0.016375042022660626,0.6453940584602181,1
6,0.6890984318094553,0.8195962326043276,-0.32278805071246125,-0.34625207380357403,-0.1999231468051093,-1.0651718100898426,-2.2798198610356293,-2.058096506756707,2.154783181851091,0.08615042968315298,1
290,3.2279652961178713,0.2492229118603114,2.096641627473902,0.3962394001201547,1.6728104261021708,1.0199709622342377,1.2433320940354335,-0.9894235404549927,-0.7207114351016186,-1.2059782599132531,1
400,2.413089137185687,3.8148607969093975,0.9608764363021642,-0.2885385799227691,0.6740418439214146,-0.18317687465068438,1.9242294609267852,1.2696025937743805,0.3367538723145281,-1.4890984299459766,1
342,2.1059280140397023,-3.002846351902682,-0.05487769908759009,-0.9574409099646698,0.32050313141079106,0.42328667246937973,0.2838383580701236,-0.7294238837105521,0.6633174128227003,0.23995643058687247,1
19,2.492910815488612,-3.620222397871953,-1.2139484615957257,-0.28464023521163084,1.9549119502063355,-0.16277168671397899,-0.5790493728899768,0.5485191735979646,-0.43925344258726423,0.4958686559668861,1
229,-3.805207350926143,1.3830493159532895,0.894565940582886,-0.6020811113464819,-0.6763352727040974,-1.9624755034941304,-1.6206953851777481,1.4020963309612713,-0.5349221718895218,-0.5313801237403232,1
27,0.7179476962369281,-0.2679436944351473,-0.9644527969255138,-1.709878262734162,-1.2169664683861077,-0.16800018740435146,-1.576564441419881,-0.3244218801616316,1.0987433965641602,-1.8699949397347242,1
415,2.465166025447566,0.9184963837434864,-2.837796858496299,-0.28905613651017975,1.2008212361069575,-1.4248739510652795,1.8937505138370465,-0.3979835353592502,-0.6964065031620472,0.37173469907162393,1
54,-0.21045475432763402,-3.397932058562856,-0.6978043159429875,1.6136795102768586,0.7011878986123309,-1.3056790527003432,-0.26552630294940566,-1.5885955318393792,0.628715137363723,0.644222208604874,1
99,-2.8381056342421456,-1.9961389507220368,-0.2640414475530679,2.3997101270304784,1.7016195457308254,0.8497918006668048,-0.4782904017505509,0.5808038371625889,-0.39276187862484685,-1.3980280729851606,1
371,0.5293817624813186,-1.5955108331414387,-2.948287720883169,-0.04090903638221031,-0.9183230612160107,-1.460345195368517,0.7633395957320107,-1.9770475655955282,-0.4616664685854964,1.1564596561916163,1
16,-2.852915763568959,-2.0500679584701347,1.7894227982131656,0.8159700221560974,0.7203909738080091,-1.1070643372593998,-0.1022775995545154,0.6624074734879414,1.0669154669552616,-0.8206399272147814,1
337,1.9084002639059,-3.501301138042446,-1.2978451318253326,0.513600743342471,-0.01269262920514116,-1.7138090386661335,0.8715730209162397,0.2136182438468788,-0.16744400043184376,2.4651418659500024,1
37,-0.8748586315463301,1.4792501833042138,1.4318349415052067,-2.1506741754313086,0.8764466543342961,-1.2717260516972344,-2.7232172355690265,-1.803325718540827,-0.37921273379396214,1.0198273325511467,1
215,-3.362010005100405,0.6307055707923704,1.0345267428285885,-0.1004570496414967,-0.918869205924944,-0.7971195565553238,-2.3102226501684067,-0.30869486072519,0.8205754826226132,-0.6390407046166152,1
174,1.1530324273719896,-3.968484798510108,-0.3443620240335227,-0.10571129063707956,-0.43812692819087584,-1.540743124549854,-0.5519545352207198,0.6592115370948972,-1.596811751033937,1.6711987307014742,1
287,-0.9476320108786379,-0.006305539445862669,-2.433892686836635,-0.8269891976806564,-0.7515186105408805,-1.1562896712171726,0.4801033740478039,1.4629674971639521,-1.5987445870551422,0.12582902728917822,1
67,-1.1228760919719332,-3.715523946465527,1.1797338678324258,-0.11205967997557215,-0.9340730548349101,-0.05337354978652509,1.3398546119124342,0.7715545967836092,0.32933469614725586,-1.5233354293595391,1
349,0.36313300626814937,2.612676899414484,-1.4917234849985506,-1.8944880751542412,1.6746060735357489,1.2074882712303963,1.2210203584634447,-0.24033404936181654,-0.588726756323245,-1.172045865979879,1
382,-0.203277257159025,-2.9165755664470856,-0.8169438014212997,1.2685096728794085,-1.4638937631361764,0.7869510261564837,0.45007149896445725,-0.6939259938461403,-1.2697865415193803,-1.7112836478212516,1
98,0.9091281408248271,-0.44803877171980444,-3.316334176147162,0.0871829024361418,-0.4875543106911667,-1.9986088405610507,1.1555517294867386,1.2932347806844768,-0.2599663170371324,2.2366260757765284,1
158,-2.8244561265901718,-2.0144005242139547,1.8840484243794278,1.212028052720063,1.2475299638914894,-1.25047987449458,-0.015678808114549553,0.8350220297432016,-0.5149804803315591,-0.10891036465237214,1
93,-3.0193817903506743,-1.054935937080842,2.2329216004374706,0.35468464660624976,1.021697145089211,-0.2139335892697538,0.140088959619879,-0.9769516348031501,0.2844872748460842,0.5306700805894988,1
366,4.870165092527203,-2.2973189615675773,0.91974412603871,1.8690307975200695,0.2153905890990521,0.40332397321535257,-0.9487750990495497,1.2301298949996577,-1.1121460076538663,0.1051797422553603,1
29,-0.7977333254510348,-0.702537159389104,-2.1190689509520877,1.9350852139888783,-0.19613678571875326,-1.0815554461917394,-0.13984349672848986,-0.5940946242979047,1.2973528379143444,1.4551670757815203,1
234,3.4559443338798723,-1.5868641101756156,0.38433982382188836,2.0170828733620767,0.06425337271616703,1.5588998906985903,0.02985261283233457,1.3830816111351263,-0.33887223167856734,-2.2003461366430246,1
361,-0.6535221501943674,-1.1901352135309224,-2.7095193818985575,-0.26675556099024494,-0.34507544692144154,-0.7405637627873469,0.18718729862825695,-0.24350779262975347,-0.20974510848413683,0.8772557327605793,1
3,2.3352304518433384,-3.5876682359409027,-1.3093139499532782,-0.08367124132939605,0.4411855601551057,0.30700083966133174,-1.1020052096949693,0.8752507538254873,0.17418148928409774,-0.97867752325056,1
271,-0.3649596596924076,0.4938409627734473,-0.2798947195532599,-3.3659542559230644,0.23659867123547265,-0.2593702943316393,-1.4321953985332947,-0.11475555205761821,0.03507957934598392,-0.868945557680142,1
11,3.9345748226741724,0.9084843356684738,0.273706355747088,1.143771213520526,-2.288044914779089,-0.47741716899375203,-0.7013781724210126,-1.064717887334615,-0.5299304267282262,-0.0012161606914692373,1
256,-0.614097535848405,0.5492946223543004,-3.465010800416549,0.25189697808103634,-1.287661073782549,0.8602350224221739,1.4905627236764971,1.3989656465900793,-0.10763810074037523,-1.0187327622775149,1
71,1.0343502477840414,-2.0538420252852774,0.4811736968973033,-1.57620142837677,2.0023906726152423,0.9068977504302163,1.1593759900980927,0.3093605039189149,1.58243741030195,-2.601627839427982,1
363,1.3299254005719394,0.19467488482712567,-1.1548124762307888,-1.7040935229916463,-0.1474220725934041,-0.12509844035805487,-2.9669920240829115,-0.04701777407199178,-0.7070125108188479,1.2683545735158466,1
205,1.443496654064307,4.222418751145806,1.497003160981615,1.319516301701919,1.7553648939720867,0.14111471820028354,-0.039261247453835156,-0.06736311508111341,-0.4613385393583585,0.1655766223398643,1
146,-1.1227215679682114,-2.5169112645810428,1.601953301184214,-2.1418498077455026,-1.3070015791130394,-0.44845623143407604,0.45540204582344007,0.2580125262379102,-0.11461920356524369,0.032097291698052775,1
59,-0.2755522484114773,-2.785909457170942,-0.23963608120872232,-0.7619002162155093,0.39686643751120076,0.056982890877124666,0.6072740899660471,-0.9076716771117445,-1.6726273312325493,0.9359983277427156,1
50,0.9869258691112338,-0.31136068941001394,-1.4584939879072325,-1.7599444860540008,-0.5231810289224678,0.22398722202082166,-2.0740896964792754,-1.3416513364074214,-0.4584422539604122,-0.4743858104709632,1
362,1.365157152367899,2.572034587597633,2.3521576495911085,-0.6152648272585022,-2.743414880984617,-1.8493028228224198,0.4448132558070382,2.5421800707218245,-1.2390420486153568,2.8634017183804144,1
129,2.811079907209771,-3.829670741592017,-1.1429426998466765,-0.26134515388559176,1.380902440665062,0.10143103455341045,-1.4100454650526428,0.5814419266259693,-0.3349424574762509,0.1998452435713495,1
74,-1.7700792600545792,-2.7014745212700104,1.1807366278690963,-0.7231155571561563,-1.4508977929107367,0.5277512814653527,-0.11719004614541119,0.8179269123188267,-2.0565244681101302,-1.2250322694188873,1
231,-0.25602985812842327,-0.42672366209292456,-1.217608763779229,-2.363813199493947,-1.4111793523998428,-3.082738440219138,1.1134870709262041,1.5278515203867833,0.8327070041426461,-0.47748483832038424,1
70,2.3706358663397764,-3.645341117724123,-1.4941434062101924,-0.2659186209661558,1.4482888341036795,-0.2592910018846329,-1.422841126470947,0.05655998030851545,-0.49294851895476455,0.2500727331925401,1
149,0.774912541113192,0.4371897809085954,-2.200072434332767,-0.8062249041442517,0.9250244333435975,1.5916525033921747,-0.8099698378940001,-1.4979594435263408,-1.477151961546586,-0.2187068800297277,1
407,-1.9715841545350148,-2.934214852130502,0.45907009973769924,0.3180526932195431,-0.8360566190842075,1.0746701098237659,0.7649171755374442,0.3147236621298195,-0.7923289151127211,-1.5977858378404044,1
392,-2.24981385944177,0.7081539398209084,-0.39011836937947014,-1.1454873927925415,-1.1635362989432165,0.21617284618974744,-0.20961237586749504,-0.980877612672799,-2.1454004356194467,-0.9193404875182002,1
84,-4.252939336248258,1.43710828141112,-0.1397034567185991,1.411307058311431,0.5325804141372289,0.7591624856816553,-1.5970834380473704,0.28223332000564033,-2.234232454156098,0.1419226748405117,1
412,-2.300152838923005,0.7022473917439463,-1.134161758928683,1.1776239582033836,0.7632700500540857,-3.073213980474511,0.013001693674746649,0.25708174670422596,-1.801510575908973,1.313192595642778,1
175,2.5789435745939158,2.3359578320535506,1.1432214692452858,-0.6514757729971394,0.3458340092778461,-0.09477363435388128,0.018990167648940803,-0.5915626469235272,0.09474718709380554,-2.0471146390391795,1
161,0.17583660889699737,0.15992932943483654,-3.1955812479723655,0.030498777945583113,-0.7444554659120365,-0.9638463402651589,2.3894829133832105,-0.09891884654832707,-0.34196195247770084,0.6716806297485802,1
167,-0.1444791758257888,2.301121366120346,-1.3680052016658364,-1.8323937488210436,-0.21255797015086556,1.6279285636397152,-0.6185597344934628,1.959181445916298,0.06613096286886103,-0.8182724238823877,1
155,0.5589062457440144,1.6015892662138855,-2.44042278820238,0.24644506071862426,3.2788393421154782,-1.2943603939566168,-0.1459682618201238,-0.908495333470366,-0.12649456829795303,0.6254610259421876,1
4,-0.46627819796731446,-3.5628553330703725,-0.9942465637553148,0.760971506827965,-0.6290571197170135,-0.1396915831589984,0.4081457862253378,-1.2870606730378737,-1.7942791959201931,-1.2921390209622112,1
408,-0.40578503755079715,-2.183700847120211,1.5180064458626443,3.1927791273008137,0.6266161413561556,0.10951777411220602,0.687725916171663,0.9743915433423362,-0.6083502805063589,0.8759459323576574,0
197,0.5511155291057672,-1.3019151923863128,-2.8983177545368326,-0.002263090108175215,-1.9086256752809159,-0.268823855322054,-0.0015974881015672403,-1.836719623783303,-0.5945005671996606,0.3148977652301274,0
185,1.0600136659093635,1.7707297274883227,2.0575130568578732,1.1404984127534223,1.0292488633087724,-0.19128813419695875,-1.514811518382002,0.6731881124673456,1.455156947963529,-0.7377790695469808,0
334,-1.687322633156709,0.3328185061481321,-0.9347030764386814,-1.1850300478244988,-1.417497074635696,-1.254676668085687,0.17551201612358813,1.6364083613132052,0.3144867466023233,-2.044918508962808,0
321,-1.7975901597246238,0.39981097542224026,-0.04029617141698605,-2.6532155884001796,-1.1504386122405055,0.06940924563269532,0.0017236302582203315,0.18713489681038234,-0.007064145061974727,-0.565036664450486,0
345,1.242705215727299,-1.0416114288211342,2.501667346918647,-1.179070103260475,-0.04807079260912622,2.09329139907916,-0.970264312988942,1.561275705849717,-1.2537546829382864,3.0838877016109905,0
42,-0.7946184664796173,2.6325125848279485,-0.6277043077729627,-0.7585611778535035,2.1033832285063268,0.3786890989536208,-0.16983554626537675,0.7356101320844858,2.5184565035082733,0.047883995799138525,0
61,0.7993194423788826,0.9309692683527179,-1.2715936895555267,0.6561568640968234,0.4497398983353744,-0.39112559904179306,-0.3651281205511298,-0.17653766981773344,2.4540602354875247,2.141968285582931,0
276,-1.69260431246679,1.9010355526442617,-1.7694440956390074,-1.1503323712869344,0.8773015004050818,0.4350651382054507,1.9043287036991672,1.3350275473900195,-1.8190285446280334,0.5211411366735462,0
269,1.8747810395731261,-1.8079448812056056,-0.3433280129318942,0.7584960481086622,2.834395163657596,2.26626614053809,0.46297680208294273,1.6713094030670588,-0.6795161295551428,-0.7826277474603113,0
426,2.601123134848972,2.8786905933329217,1.4885000572461526,-0.5157300699608606,-1.2667015253371579,0.029223103537699965,0.4212039413936608,0.517375182567174,-0.5813760734016375,-2.146834972049567,0
115,0.7065875308667658,2.8292839053227072,-0.33913643935040516,-2.971846243326807,1.0727451140868787,-0.8688097563397068,0.650745895375729,-1.2197723557468065,-0.721400257962637,-0.7079383368239086,0
81,-0.7672188149700431,0.8469291016661221,2.4560619044307463,-2.6300256475579213,1.710424730854885,3.0973183287979746,1.4359370094262254,-0.17920804824321304,0.2890735027481859,1.9824573968168857,0
370,-0.30859887611795833,-0.21250168050082816,-2.9127670498956078,0.4678226578931975,-1.9658142877287381,2.608206676712872,-0.6936546659419146,0.7454899535017782,1.052776274638679,1.1766561862099845,0
186,3.827461889730441,-1.2909625376926657,2.6143945491136846,-0.5714115088041338,-0.17711712744417363,-1.0263187336520567,0.6340743854212522,-0.9222191951049711,0.6113004429489971,-0.2583509431701931,0
270,-0.864883053636,-1.1622009050536306,3.194949344614576,3.6304526391625704,0.5517130435508423,0.7315825736189463,0.5358228256572982,1.608235275928432,0.010719756449342463,-1.0681141170086272,0
216,2.6701330442962004,-1.4434705745046195,1.6268775373177242,0.3464722026779833,0.4705774988074981,0.41771048858629334,-1.1465734051422525,0.9822460550171094,-2.0650100850067106,-0.4406947902824524,0
311,-1.9322431020629762,1.1979923320068007,-1.2772222485127576,-0.6072970815314308,0.06360313612653982,-1.0120844571272336,2.9868876601800967,0.612719964558856,0.4286413577503236,-2.253489074855283,0
171,-1.7457689410863666,3.0521454552830987,-0.003176239093243812,-0.097476256378731,0.7370748408779606,0.2870137036425827,1.8522486392778663,-1.1382261702060676,2.2955007556176783,0.9882949746947616,0
237,4.797741744352803,2.370540944659744,-0.17883079103655514,0.36392500372195846,-1.9285584352041723,-1.2920038454088199,0.3011527677113213,0.15126451094974433,-0.6975640140911672,-0.8289828726252113,0
331,2.3089309250777026,3.554332127705044,2.143522309551929,-1.6450965546672047,-0.7224007526132054,-1.2705405286948128,1.4239104099109063,-0.16116227240986533,-0.9713003079227491,0.6262552182362928,0
395,1.102909623892103,3.2628035752909472,3.4475624709182937,0.183713188856734,0.051750153892176035,-0.3320352311959438,-2.2559232100904634,-1.2702399508865938,-0.8091426971406874,0.2263464617325719,0
419,-2.0010976872621207,-0.6056025173189915,2.0438304175938673,3.1481445070414957,2.153635345699614,1.0293989913623964,1.8581328909051873,0.43735674248865986,-1.573281429082521,-1.2034969960737645,0
7,4.139945624619594,2.4621996647278634,1.0243078605924707,-0.35145401605607873,-0.8422367711349921,-1.9719957938310075,-1.0317080881545495,2.0012757136451707,-0.09144820225420465,-0.42687823574034567,0
430,-2.359153157954917,0.6010906117970984,-1.139109703533107,1.3440947745481489,-0.9370827636327522,0.22538471942114832,-0.7534663205853521,0.038664857705428005,1.878703551401419,0.6390155693962325,0
94,1.3776192274812853,3.1173435824276465,2.6830474838967744,-1.0535995908732576,-2.0971608711113396,2.398996260385465,-1.207186622881645,-1.040838104520651,-1.2378260397480692,0.3815750517381867,0
204,3.667319303944027,2.55505103969439,-0.8596559217049519,1.4058654471600862,-1.0671072934407886,0.9327047599836661,0.3247332413294212,0.2675934927183166,-0.9625997702023552,-1.023180671955683,0
106,-1.8283678260042757,-0.20444989538098468,-2.3957139797498024,1.7719081344952818,0.3094448839947866,0.037046932836336526,-0.37112449939808034,-0.8487959708332508,1.5009074546102341,0.7093387216828267,0
214,1.6846775123100772,-0.4880636503310178,-3.5458814617692616,-0.588698974082665,-0.03292643343943515,-0.6395095870921762,-0.9303811222161404,1.608508242125392,0.5490412633733219,-1.0002331138185943,0
323,-2.6812400993946053,0.3192302596724305,0.21739951266217686,-1.7753790534154914,-2.0865661937437485,1.2582990334666686,0.017754973566495677,-0.4135343063846809,0.39081285222893614,-1.1883399783124913,0
89,0.11873773810135954,-3.3450237721442146,-0.5151415321142602,-0.33069836102174016,-1.1873964972510238,0.515136628749388,1.0038611821891925,0.328705796952831,0.8694647103808458,-0.7561164279928131,0
77,3.7336020586081484,2.448011759685752,-1.0737574723409609,1.5796522618878799,-1.4777495603548385,1.8274760888277921,1.1097842507634808,0.2391088567863022,0.14977157996665602,0.890913748008526,0
365,-2.9766063856340343,-1.4515623360484056,1.6597285735577878,0.9091183561747236,0.21194337172717062,0.3934156910914374,-0.4791372301892951,0.6569637291228639,1.1491072926946968,-1.9486040229046147,0
92,-4.387800728699162,1.0256556084685782,1.3138288398252496,-0.5133478130457548,-0.8975574498554009,1.0424043856487226,-2.101385268341371,0.016885943289560643,0.36063413384710385,-0.03683096022506886,0
160,-1.5830518217520437,0.45920470479428477,-0.0949225760545229,-1.0820063245100886,-2.920914915457289,0.3286677274047439,-0.31659853534253013,-1.8009573826226428,-0.646590598950246,-1.5429499056888552,0
151,-0.4644905026805183,-1.8735816551348414,0.35933887318477775,-0.48581518451506367,-0.08637993430750297,2.440593067828857,1.9479842447568558,-0.573232265583303,0.233273782352088,0.6770254087837394,0
75,1.154428154748665,1.0407030337256615,0.9344467863246554,2.884036342229984,-1.5323065280753312,-1.9485464494949583,-1.2378783250038923,-0.6020280443265633,-0.733039675517213,2.5321106403879337,0
200,-0.08657250563718313,2.2281754989095686,0.26175255172732725,-3.0290873717054474,1.505593075207261,1.145035613330073,-1.5289634914973427,-0.5738304258099144,-1.7274831335756633,1.141888456581072,0
421,3.32897003802823,3.0313578196196374,0.5992665352331534,0.6219023997853073,-1.3396077214432178,-0.3146568769256791,-0.11412413761542128,1.2248321080406357,0.5571465605034747,-0.41667642036551356,0
178,-0.17049730942400246,-2.432319582025808,-0.17400678583594315,0.0074717073243173926,-2.2826338063158285,2.2997257312839836,1.1378331385053397,0.5667811510333325,1.7417033981934475,-0.012307499559922372,0
28,2.44780736757918,-3.431682065662584,-0.9964298766745652,-0.17982204823759074,0.9437029769429043,0.3384322540860289,-0.15177219939009143,-0.9436274804958261,-0.44384342992095455,-0.36843327432119816,0
63,0.15094597303286283,-3.526242340314487,-0.7310327713684752,-0.6334023868601175,-0.9547717199773176,0.4408662427817637,0.7920811508751644,0.4400970987219577,1.4749614340534372,-0.6903582245867775,0
344,2.385470172928335,3.914444800534329,1.8852965369437988,-0.3337591449143441,-0.19790731382542887,1.4607471957490628,0.9204872344272563,2.00725765887466,0.4895104242042645,0.8361929828101645,0
111,0.4950966908642974,-1.6655596696820498,0.6209186703850624,0.9904736559268488,1.4683454690753235,2.244705350266565,-0.6730586861047656,-1.1081081587020851,2.248599138483908,0.7899832993187016,0
213,-1.3135545680601757,0.09265328211609204,5.030432001001267,1.5341365010654129,-0.28426041877472635,-1.3903650151768867,-0.36005007538334816,0.8513546052684314,-1.033379584687882,0.17645518324825138,0
309,0.2920716408776631,0.6884216011574329,-2.584215043702985,-1.0271216804319065,2.073896013642833,1.4519136647639732,-0.4266738504352139,-0.8732433277023344,-0.7058733911678582,-1.2965412672985654,0
324,0.09495540919390996,3.151922872510905,-1.0374677073852494,-2.4793548639086027,-0.10333103953676717,2.1203080025277807,0.705434282212261,-0.6200346241460293,0.7969444028211167,-0.23356517815924077,0
147,1.2686805291975147,-1.7618799198857966,0.2946773123779831,-0.8711970454335448,1.1780912027594397,2.2790491087239704,-0.8607716066358846,0.2428889591151314,0.7377323155779519,2.4611396754598323,0
257,0.10207674494574491,-0.26980024587627105,-1.779241976398206,-1.830044037124089,0.35076336249285606,0.2547092896494959,-1.7281434494477732,-0.5224385886128244,-1.4921592592460324,-0.15607104956567835,0
315,1.975571153992652,-0.0023061742051835752,-0.6645107725816076,2.116715355566021,0.7365542776924789,-0.21796496978957022,-1.933917365552053,-1.3861039438415623,-0.010432427154584499,0.23077796292113448,0
438,-1.4153808752604327,-1.3395707222015532,0.9435166742326884,-0.6718891088276577,-0.9339874012662488,2.638348972256458,0.4202960341315387,-0.9009838727347882,-0.7517126047608708,0.4751331513246262,0
294,4.422281202223138,-2.127814591735521,1.2686624323048952,1.6680477091322836,1.0304982737592638,0.41610278901150005,-1.0729573200294114,1.6536766946067083,-1.3119556964642416,0.20180238175885445,0
413,2.2233616936704887,2.016578071339233,0.6383362974973745,2.3594855540634727,-0.0949012084602453,0.5400878573385203,-2.5005717185828518,-1.6580709812049494,-0.3472440680982953,-0.43140850429559174,0
292,0.3741902114550691,2.468924944152947,-2.867613193310798,-0.5700524065182981,1.1556288908356755,2.9404348921876045,1.6697011238086672,0.9210493351575694,0.2478483437788243,1.2255067317770918,0
76,-2.5151255967581534,0.2861871042554136,-1.5994311432876418,0.26296016057250954,-1.7423374366549462,1.8760117284227578,-1.2133282036312636,0.17864477417200364,-1.9636804173890445,-1.2823820416707676,0
9,-1.6820749745918429,-0.06297052402811486,-0.7556820727701836,-0.5922372621291769,-1.6345870661815498,-0.0993428259122903,-1.6128566143748542,1.4625173619344733,0.12360896903442338,-1.0932277252870846,0
390,0.013856526624030644,-3.735488529776232,-1.1483948276651332,1.1736581462649236,-1.0765094970918356,-0.3877756835226372,0.1863455104918272,-0.8645989403600082,-1.2497214092801845,-1.1807093599732816,0
139,3.356535791817396,-2.1537021220160986,2.306752400298867,0.044418170757068415,0.21162556101201307,0.5514672594881691,-1.1061997072545606,2.36529961717851,1.4833332627326876,-0.9210271327172966,0
163,-3.4548364054587215,3.0367921228135373,0.43387077149864856,0.7199074232848129,0.8723754505796769,0.6728013258195225,1.3628460701577156,0.08506586056180175,-1.5091947983136724,2.344718265268123,0
391,-0.32665935493592463,1.41257859305679,2.7106892193160403,0.41121322627152107,-1.914863570732932,-2.414718571479379,-1.2317186956241002,-0.34397716313299465,-0.049726949493015024,2.084464308148084,0
387,-0.7807633064100171,2.6206911366622236,-1.111616187234824,-0.362151220158421,1.8490246383866389,1.7116387857024573,-0.019801047297416167,0.6380699643466506,2.3851549754224024,0.25897230559388923,0
375,-2.92123746421645,1.3684263280513629,0.591885468257496,-0.9558464704407905,1.4925916370184469,-0.9129862388004599,-0.05659656268548054,-0.7691288292433636,1.65383712641533,-0.15853832424587064,0
166,-0.5636836908383068,-1.6456854621611126,0.13581644305783447,-0.47376884236623856,-0.7152062474363292,2.5530915104131022,1.243949044875563,-1.349469165741613,0.28864668350165934,0.9146432183576948,0
192,-2.8740759430856695,-1.524235341746313,-0.032539125712196144,2.6981478322255574,1.0962005084318047,1.4484095269350739,-0.8495399683127989,-0.0020929433168348542,-0.4946305507814511,-1.112331894116688,0
66,-2.060387375557983,0.6222010372713077,-1.6697053860851447,1.951182011140047,0.2202404933360874,-1.9217613219295422,-0.5178662063780215,-0.07398339058153125,-1.1530684318813917,-0.8701896607579431,0
244,-2.2040813809720188,-2.0077966628218227,2.391212026005324,-1.4190279112449917,-1.105034636610439,0.6864765548340976,0.7119854838799734,-0.4651800962538466,-1.9323996437932438,-1.6665255084918413,0
176,-1.8859801631492334,0.47848677906312165,-2.5555284415378265,0.28690005228172416,-2.225832559002468,2.077513974713993,0.34681355100807,1.5677371837127498,-0.5725076288441836,-0.8215589697436034,0
162,2.8296437053229657,2.784097146228163,1.0852886563922852,1.3836454408781214,-0.2846713631483718,-1.1169365044499864,-0.7181493030526233,0.3601588847647702,2.082370261412169,-1.0908737062265434,0
154,-0.2482006380137762,0.7039460221667571,-0.7907207364541983,-2.4572244304297794,-0.565944082777362,2.677739079799326,-1.5740112127808021,-0.3641750984364776,2.090997230142713,-0.7397847010392453,0
263,2.180571774781786,2.5640387561812843,-1.3919749589444907,0.08233042895575077,2.255397160529901,0.9662757213053929,2.419148967412242,-0.0018905801733616696,-2.384598911006345,-0.40402744837145793,0
170,1.4915810268852538,2.9376352032993944,1.718987132189207,1.9562082840283688,-0.3436790236644964,2.0646600063972276,-2.6563790731639005,-0.4159088813657399,-1.4692826964540773,1.8968134763936428,0
386,-0.6019882691948139,0.6861602270333922,-1.00052361735871,-1.6501440163809404,-1.0440574040293369,1.082124201889577,2.3555463750201397,-2.465221704643294,1.9196395405132494,0.7302777461819365,0
134,-1.32947231762859,2.989652783501785,0.9710857751340362,-1.5611713642437486,0.8555384938485999,0.3098048960749888,-0.9386464300578757,0.22261009555625924,1.1879575904100876,1.1600065921035965,0
184,1.9930499016751595,-1.7754086950433963,2.8256495894858693,-1.1657827562065963,-0.39598652636930254,1.6326251741377844,0.7759805508991677,-0.2250003522047557,-0.4948998918762051,0.33183815180993964,0
418,0.10980642128597715,1.1687344386018115,0.7563664562132129,-3.3747460431975562,0.6447514411829327,-0.6550511230259877,-0.4904669816478812,-1.8704317483381965,-0.8235322019933652,0.7346565442011281,0
369,5.108661561187633,-2.3371992891571574,0.5743208208943041,1.7270842543302014,0.3637318208040936,0.0484473032892556,-1.416890851261676,1.1003295329835499,-0.6912689213983263,0.09323354473766216,0
335,-1.4121754975539498,-0.6450410159082491,2.33126126742446,-2.261460843702418,-0.8153679560154017,2.4511217775327427,1.5226186426167083,-0.23575787648248844,-0.3055567579115577,1.5744254340239083,0
254,-1.1778384469431271,-2.874216564997407,0.5362665151038509,0.429674689844568,1.0874630857505223,-2.1074717958550284,0.4167076078978733,-1.4691608072288256,0.6174072796714485,2.2971591819449126,0
226,3.512066246647869,2.654817726021487,0.7614132467316002,-0.5528058506112068,-0.09169105686094302,-2.2490510830472217,0.3323265960453658,2.3376650999383615,0.3335624453548348,0.44463296731810487,0
119,-0.6431078084034364,-3.017399754902183,0.899034630704333,-0.6647787259510048,-1.5450145346902704,-0.6942197643791096,0.2835161475285351,-0.955620617374271,-0.14102128890282245,-1.7362781927757882,0
355,2.0719072345895313,1.0709249836863182,0.6993884600932225,2.655741955896811,-2.02647588851995,-1.7998980997302207,-0.8329533516077094,-1.9284917762540055,1.7650638886466405,0.041861448055430295,0
108,1.5873193966476677,2.9536338769799486,1.6613511939710393,1.226394959578599,-0.36857095033655113,-0.13685999835602045,-0.9866667270244884,1.6903523737633694,2.5116572198347042,0.8564397183961223,0
411,-2.4711751220502167,0.4913339963683928,-2.4056063533881926,2.4587007886458307,-0.6554586778948239,0.6442913074060562,0.03180681496160791,1.2916457758199429,1.4888576047774984,0.673389657478109,0
422,0.637464083241353,0.2732533969198505,-0.8764042662946407,-2.442030259001539,-0.20233969867316262,-0.25984105777642247,-1.6668698144419083,-1.3421432225898569,-1.4054813928677872,0.10855171360002573,0
145,-1.6768188993736337,-0.21515407513606957,-2.253185186498474,1.9270355780240607,-0.8181467668488789,1.3295558921474695,-0.4765818009482812,-0.8740111628090512,2.0478297450788183,1.3485715144623622,0
277,-0.4960625375879143,-0.8682016351451733,-2.688734012380789,0.3336224604844163,-0.2084555359650023,-0.7431908000025955,0.6183520341089271,-2.3457723199173106,-1.7380781867783952,-1.250877098230361,0
44,-0.929873368847917,0.4119708330315445,-0.48214706106761274,-1.0929390541684156,-1.4561657457665944,0.3422148032432084,1.1575731936987976,-2.6216040184543035,0.24670646051801953,-0.884392389762645,0
312,-1.929826857196859,-2.0369774214976033,-0.31195314725241835,2.0685835950347022,0.5755273522573722,2.5590447287245053,0.06736051725841052,0.7925791279879264,2.024836931428555,1.935256299242952,0
274,2.670055413711291,-2.16357704043076,0.772124624238567,2.676714661987353,-2.0408639051113946,-0.27376864857482086,2.0875609960367205,-0.43319839906020674,-1.3393467082615422,0.5139186606245709,0
18,3.6580321817417816,3.690227653545476,0.1610372093132467,-0.177230654352083,0.11973759654549618,0.6055329022711348,0.10449943455375627,0.5602265559000376,-0.2960340368892292,1.0629544155021853,0
218,2.1275907120524873,0.355755299164533,-0.43609643344318105,3.8160782264823347,-2.1866591437275473,-1.9098164465011844,-0.9387454281080189,-1.3016765554934175,0.4163685605428333,0.4561683446331401,0
381,0.37720377184938975,-0.5460616094950728,-0.6413982678469082,-1.4759576457173968,-2.6222928059449586,-0.008679965367447789,-0.35532266519286293,-0.4228529050988071,2.584337933227146,2.4432751093385794,0
23,0.6764373339853257,1.3722489110657015,-1.6065114380107193,-1.7101823240256746,0.7702199500014578,2.374219208718042,0.08528002286215307,-2.432909611838579,0.31787045076147274,-0.1693611859022804,0
230,-0.6426622492819639,1.522174370055654,-0.8337880347304413,1.9894996704541663,-1.9757554200504972,-0.018343101642830203,1.115703733557605,1.8721994860124398,-2.7757823486866116,-1.882267355795498,0
152,-1.122353059191992,2.6165133363489703,-1.1905907193598857,-1.4783307714284735,-0.9153735419285947,1.7400293848211543,2.5503418205018864,-0.6011173285956114,0.1428602506068901,2.1506567294459846,0
45,1.6131522810463468,2.0602241737098765,1.6470063869441212,-0.388808501481561,-2.8565147262598662,-0.06904916921030438,1.469510713912884,0.9423902286113514,0.5650890797878767,1.8059880209466255,0
398,2.93719844318711,-0.5761179232125564,2.9794662470929585,0.992385692700435,2.2696734307099478,-1.2875343902440144,0.05094309554308006,-1.6975386306424076,1.4471828910066014,-1.026214772020905,0
217,-1.3611559822313324,1.4678459977036784,-1.470646376916672,1.2199916660737267,-0.4163247993873899,1.2635218132314294,0.6058383211574696,-0.8598064318082819,3.146277030035924,0.6904438394190767,0
141,-3.178271740689881,1.191254346690383,0.5257150685718509,-0.6388159133984852,-0.13185241935127917,0.398709702389727,-0.47941620933585294,-0.5691446935141043,2.205032456226254,1.9003795173216356,0
246,-2.949420251791963,-2.5857085387447727,2.615118193792808,-0.14642361082699645,-0.47617390764169765,-1.1183110232000997,-1.2342478430288366,0.89649602141081,0.44279364975966834,-0.8651562924125994,0
284,4.141538579292948,0.4001211382799697,-0.8077106544634078,1.0862314883258886,-1.279662098075685,0.06268636828407455,-1.375353858858686,-1.3466495233603761,-0.7607992791029579,-0.961458259679652,0
153,-2.4966044670280807,0.4482714960265615,3.156284619051075,-1.1208219991891186,1.718984240121615,1.5593716912448656,1.5568214979436732,-1.4758180543704944,1.0671120320316623,3.4659232018352935,0
261,-0.5834640823069108,0.6427406481964342,-0.6004080863005091,-1.321611964772997,-2.722742985705557,0.9804342036427056,1.3436848470248186,-1.8465869468933989,1.7785557683145323,1.0376089819850185,0
259,-0.00064090093878753,1.7037235614797714,-1.3050640083447322,0.6087955951092238,-2.552833543098022,2.1369542938927664,2.2344725172763833,1.5585760040324164,0.8491352721059593,-0.21074716975103658,0
177,-1.5882733117114085,1.7531965494791564,-2.531152040983018,1.2506972183528413,2.167868267231241,-0.642595530573932,1.161434992902794,0.5921341825520838,0.6612365330001284,0.03590244162951964,0
41,-3.013213523496653,0.626269605432417,-1.4780785430629946,2.7009805643905422,-0.17342786007745745,0.43762963032854085,-1.7524014442127995,-0.307196562871405,-0.7264907256661406,-1.3133100943588092,0
265,2.111130077091762,3.1304101824487987,2.6909734634337314,-1.6110289903393398,-0.6832620112083092,0.2749286964401709,-0.0962825367084131,-1.8723355959764174,-1.2583977121833128,-0.7306741183769522,0
317,4.058945817462256,2.188559670365565,-0.46774485656809417,1.4871211955304746,-1.741656781446086,0.29477478446811384,0.3670065448802473,0.8705613044739929,-0.8003496343607355,1.7388499687743346,0
296,0.2705418890474804,-0.5561354535028381,3.0095523984031067,2.9908048120007042,-1.4669295019980704,1.7690680594115888,1.305140397942025,1.133210045873711,3.6311424740436893,0.8850952092651143,0
328,-0.7757962581535238,0.3730550472899803,-1.8111186419123848,-1.1500838161766374,-1.4778238265831332,-0.8008082494766311,1.856007997469019,1.3538768337250906,2.2048133255392197,-0.9181170650037443,0
207,-2.4664131480792917,-0.5757127727628271,3.098975460318856,2.5814579325294846,0.47772965103372667,2.9415943067916754,0.9433504837593663,1.719473569153305,-0.07963436848422431,0.9589267298908707,0
289,0.886399470217436,-0.013483382454175876,-1.3026536805547195,-1.14930450839545,-1.4535490963783726,-3.0474825957190146,2.5510518385625844,-0.016891634559383882,1.0715276989066032,0.5226881863934916,0
144,3.225114134777425,2.8694539250139774,0.004705901462322785,0.6337448290047446,0.4494789230969457,-0.6425374959531275,-0.829172521042398,2.592830743249523,-2.524143911742474,0.5577121495159603,0
138,-1.7887623460566247,0.8239499673385874,2.1769056299511402,-0.28198711484008593,-2.074626804663392,-0.18489861132092597,0.29949005857345923,0.9772528404784461,-2.6691671292522257,0.24811369079981768,0
264,-2.920255553697149,-2.1864926422895876,-0.06511903928333607,2.719981528334986,0.7746613442613802,2.1584925240356747,-0.1419215927685182,0.472506625298366,0.41098441357640747,0.2781176224344667,0
121,3.136299909898913,1.2428205779427888,-0.9816300845814699,0.987540501457425,-0.05931002730591334,1.6658624586105042,0.5795938190779004,-0.8052064328007171,0.2969775348947359,0.42848513801803967,0
101,2.703604053760132,4.202381044399848,1.173282306304394,-0.2577998828153577,-0.3780190865355935,1.6310823742097453,2.0125567473856654,-0.17280593798764463,-0.46590276974876366,-0.08277593768438937,0
25,1.2849728223806862,-0.6773446635667755,-2.957762940615642,-0.39317067960395446,0.1636130622442047,0.9340657231522778,-2.495096048048589,0.7245739939393215,0.2296617183411799,-0.6711865873059962,0
156,-0.3613081437274461,-1.5087594640611706,-2.25017473636946,1.35047110564886,-2.6530214315174705,0.70586723515267,-0.21656758274403604,0.17755630663929733,0.4081389569411291,0.546651795661959,0
131,3.1782854873433455,-0.5697344004060158,2.7046480770230357,-0.2087700439641939,0.05541758976538305,0.7104271484538587,0.7663137370391182,-0.5904193621201096,0.28386649488988797,-2.494385117162916,0
24,-3.192240628542756,2.5892170765593576,2.4093975721929883,1.090928496573773,-0.07594217505277753,-0.8813720025133014,0.8896650123224612,2.50261776842588,-1.1119060195561608,-0.03060692952850791,0
191,-3.0560856169529265,-2.0082308553481685,0.9495885196559289,2.0361086519500824,2.232896987495252,0.34531890871520865,0.0962328475121203,0.5637774278732159,-1.451588622495616,1.1734516756268545,0
20,-4.035943050627417,2.570981142132978,1.1141831200091548,-0.2968481374459925,-0.823759524108177,-0.7144524206443489,-1.3235942424385858,1.256367233534161,-0.231429681224505,-0.33058981570155027,0
148,1.0727106051460613,-0.15202354403929463,-1.7431833633451448,-1.0348809075187344,-0.2304547213614964,-0.24289825490057726,-2.739497172794429,1.6289165441484625,0.27689695408201725,-0.13375379980432742,0
136,-3.9338385615367177,1.3672131007016826,0.6075665345330512,-0.07959940850745463,1.142958868234159,-0.8780093132712421,-0.1448444979693004,-0.5584119762776988,0.3655914070269585,-0.6028567172143237,0
399,-1.0798660370194784,1.8382249532111778,-2.308824229651731,1.2179343189810463,2.2079302452536704,-1.0510174503235874,1.5538019101840697,-1.0499775464798344,-0.10337931468415039,0.4964472046484207,0
122,1.89893688108131,1.0152725083878273,0.3372852871106915,-0.8314452403851861,0.9659703785732299,0.36537946085900946,1.5873030207196996,-1.840659132482064,0.27458309215912985,-0.9134711153169427,0
219,-0.28444300445420256,-3.9124167582546296,-0.8562680731967134,0.8501389168324341,-0.7563415406096838,-0.20227199789970074,0.42492516060475366,-1.0950712002485503,-1.8663341667886129,-1.5732573887396544,0
357,-0.5351316765114855,1.5213159199550856,3.174061834314237,1.278847765259554,-2.9006098175887933,-0.6568069044143666,-1.7995074530319706,-1.4041859637673542,-0.22374940140211583,0.3286270100658954,0
376,-2.691036093046996,1.6901332450224,0.6391408843873538,-2.480411994791537,-1.0571953514286243,-0.9579244672887717,0.6980685126262288,0.7814861019064547,-2.049848733236526,-0.9779205175065122,0
60,-0.07611285239072471,-0.3991151758600696,3.4788090568349466,2.202814647187496,0.3962411982886171,0.0689040897559151,1.1038833038018443,1.096450067666064,1.7921923743537072,-0.413390549627732,0
343,2.2075467462765093,-1.619810294535198,-2.818202374130936,-0.2495283783009037,0.29094160087696347,-0.4310647182668787,-2.6931146933060033,1.1468001115317157,-0.3576715678215845,0.17746342697167514,0
150,3.4104747983610237,-1.3714664264975378,1.2779027153832874,0.8588771036608142,0.24366805560913046,2.3654863014083105,-1.2775659343847419,1.8298475517363277,-0.20018478493013758,1.1942068884238635,0
46,-2.425636599720334,-2.0750994808722014,1.034297579818144,1.9446746395920211,-0.5959373355669724,1.119482138769214,-0.6885737905272299,0.7202838310715121,0.9272684895610779,0.9411126441099911,0
383,2.9010191263512475,2.9946354590059094,1.2540895652736792,-0.6581504459532,0.8638849076995694,-1.0341472997231118,1.9597749438155563,0.06048868209350396,-0.29573189536642835,-0.6958570819985186,0
198,2.6905873478437683,-3.0555715998355155,0.4208694474532545,-1.8680927044583275,1.5266832963959425,-1.3051826529461712,-0.6325449887407045,0.4244635187928398,0.6312362472758593,-0.05391766284157007,0
394,0.05130347365737938,-2.925256066262403,1.7529260907270272,-1.4986265191197818,-0.42271642296819334,-1.3857668942652661,2.268070348486716,-0.7410486702946195,-0.32624944992212135,1.1618595432566603,0
5,-1.02552950268198,-1.1053092754785483,-2.544792504520153,0.6931362622977202,-1.5826848390419723,-0.49674377303072476,-0.40581644076560447,-0.24450309416883842,-0.860033286149749,-1.6357872310621595,0
123,2.477651679382891,3.4238208319244308,1.0406670845906727,1.131869420957739,1.5863831534729025,-1.5716614074156037,0.795416328472382,-0.360136417173286,1.381673213173988,-1.663284518658647,0
82,-1.1250450727667305,-1.1656274699477054,2.9472676343459927,-1.2646233871988715,1.4400824819808973,1.1587021459436189,-1.9761755062768993,0.7022348008099966,1.1400749130349823,0.9019451955050938,0
433,-2.1749562346067393,-2.286063166163111,0.8236517710372223,-0.3789048273335004,-1.8356202072035974,2.5134517400601983,0.5119772700532237,1.0747677291150433,-0.026801312568006264,-0.9282393934524228,0
279,1.0222252650821895,-0.8969497275955648,-2.0848870846368195,-1.374057964165922,-0.9310841979271308,0.3008931471433002,-1.897681150473055,-0.5861188473495459,0.692742182844287,-1.3485119589594703,0
62,-2.0711390630435624,1.1037231317841318,-0.5503076848954703,0.9183435707514718,-0.09196297145671808,1.5193917893226108,-0.4546718520797012,-0.2080678674583307,2.218003456999067,0.5372166539759562,0
348,-1.501368518715594,-1.0362481141041342,2.5018235212407727,2.125069953471862,0.6696333502197549,2.641007111322784,0.43914841477159106,0.4495947056192091,0.2503380687353123,1.0874912679851099,0
30,-0.8274022451557315,-1.695188778753148,1.536820835199739,1.1555924886518718,-1.2696152437409824,3.1828562015412087,1.1284545542992916,0.036841039445868626,-1.4581133155919355,-0.6837012863379065,0
282,-0.19084682595435712,0.9535024376637988,1.0033183464183881,-1.4163441509776944,1.7813742768513676,-2.093253943178024,-0.9976259070869418,-2.157554934068033,0.5549461642010269,1.3650017322596577,0
298,-1.5603581131652442,1.3345861482923895,0.10772925883064213,3.6596672936045347,-1.3489930457503954,1.689165063312609,0.18739913840431432,-1.5897874236833784,-0.849622370617941,1.6211283317059373,0
350,0.370604788504069,0.6845388030413772,-1.9935155869685655,-1.0721601136748082,2.014733998872613,1.1563416865891092,-0.798801388788639,0.51331444405901,-0.7038565422963623,0.9158706159939021,0
53,-2.7247195632420365,1.4195984714259566,0.4767943300834511,-0.33065735980095096,0.016796804914972083,-2.9501457868471963,-0.24471324580740245,0.3592484344060294,-0.5444907049529183,-0.04132364822238159,0
97,-1.6732690729547386,1.2434722932818063,0.1327835454886951,0.5335498916497142,-1.460517465861436,-1.2479723266133385,-0.3175824618194439,-2.234967701239053,1.1152950654594842,-0.25720980585139025,0
307,-1.7451178241082526,1.056095823278157,0.40146224469433434,-2.4616516918615106,-2.2588834357592242,1.6460163905178118,-0.7659207286891453,1.201719441132476,1.0706494045375177,1.622142252348933,0
190,-3.656320009288032,3.493791303623721,1.1891412756925386,-0.9553610692235869,0.7777359569446106,-1.2140521448565487,1.6428377683827924,1.0054708086723905,0.7689747387801625,1.1669889318942466,0
181,2.57430364921204,3.0862951195307216,2.2970975262935696,-0.6160774769553288,-1.7470093964736213,2.7500186675716662,-2.1493248282940183,0.34731280472853504,0.4168434541037792,0.9238600808696767,0
172,2.73660434816805,-1.4031087836741412,0.15570938261390327,0.8125573441493246,1.8133398611599816,2.2591537180367354,2.5761575345478525,-1.3816229265340334,-0.6569565429441444,1.8250693966195968,0
384,0.9054930502423977,0.6993953410321199,0.7111099300702705,0.2758772080168289,-2.610966388588755,-0.6202195436566578,-0.07993541005464681,0.40881403852596443,-0.9832094712113842,0.8299914776922304,0
68,-0.3730813429553177,-0.34335478785387163,-2.1916811606818722,2.0831139685342253,-1.658244485060584,-1.057099309912473,-0.7486772810278032,-1.718378552679953,0.8360161927753007,2.1982331666768613,0
65,2.8289761728242206,-2.3526166926537866,0.7351295559578949,2.5648282241488185,-2.6383162952272103,1.0291647208257835,1.1459960392307231,0.97806095285126,0.6478586297950587,1.4184341729959948,0
102,1.0550634347895016,0.7490244863536624,-2.7263454439765393,-0.8071355800291453,1.3140201717529119,-0.33352791977318735,-1.3288880534010545,3.066328735296794,-0.3138752109428063,-0.28773599290581453,0
232,-0.6544267844871333,1.1794579759690447,-0.2847258629506135,-0.3035903011970376,-0.17660382990640697,1.8723117152271214,-2.4104503692679753,-0.719011944668055,3.5597754433948943,-0.6254575972680433,0
258,0.573985871858641,-0.9225456067052866,3.585616126758864,3.0836401772398467,-1.599001616251536,-1.0817175980875386,-0.22537377196735076,-0.4840532213720831,0.527539952960784,-1.11587961089169,0
194,2.2795198954894715,3.5474633702253167,2.2324370635959165,0.9333739126474194,0.1959638881317538,-2.9100027362408363,-0.7897650634337934,0.5252533678616655,0.24307120765029208,-0.5619999199144776,0
278,0.986089502568865,-0.9278114771202871,-2.319572950231911,-1.2674043577447138,0.5644926471348387,-0.43125065722785827,-1.678799783436362,0.4577441050303114,0.8865085452970258,0.741361438266828,0
31,1.610465314724596,-3.020254017140434,1.8464129765778132,0.2444462044043432,-1.0607919249777842,-0.7966502816124779,2.4022355757726164,-1.0357685556873986,0.38857904561761203,0.7318906013551981,0
247,-2.6974668529868873,0.992632758773238,0.5492696816550882,0.8947473960910793,-2.0061548656614367,0.2768966695209372,-1.3262912097228736,-1.2542722991452688,0.5117462270095404,1.8063695685373407,0
397,-3.5606478465786644,0.7946132176804753,0.5641130266273754,0.025976433437375695,0.3250963916855904,-0.30408616573601416,-1.942474742370916,-1.530521467794722,-1.6113586871215873,0.4237304953232503,0
206,-0.7997488202284881,1.136549529452835,-0.09940745992856675,-2.471126388168485,-0.8784988416789539,2.8312179091764493,-2.2339158796209726,0.3575846324612145,-0.48826695899268746,0.39665003830609136,0
236,4.140090300385806,-2.3489876106321304,1.4333330430974822,0.6291391167422345,-0.6281773635132566,0.00120385635557381,-0.6351985831602515,1.4176906982247488,0.5529115447313161,-1.9886230369598954,0
2,1.0348728718745241,1.8522768929997906,-2.7678609547365434,-1.0892277766750487,0.14699983823135043,1.6105526932060528,0.08410780141073403,-0.8700075816793309,-0.6210169323234,1.0859864786036593,0
429,-2.4867242773646243,-1.9449436526840858,2.8628988276249725,0.0715979712300457,0.5917394848320234,-2.2283325440327917,-0.1839613785239605,-0.6053921936963083,-0.6240552107572072,0.40386106452610904,0
235,-3.458513004664548,1.1039272211950864,0.40551277237531896,0.2344943645776612,-0.8249460172335215,-0.7237815563519532,-0.3584917789018275,1.2774257839667613,1.0962705651162663,0.6455996172891391,0
267,2.3358507915722426,3.2662134828840648,0.4883011005150371,1.316480484328033,2.1176690840799473,-0.7709642716970918,0.6334234927238537,-0.23780522294953538,1.1199884246207257,0.5332763324869652,0
320,2.5423948834562973,1.7294181260506218,1.91209318396477,1.7896250519194643,-0.9689409286789066,-1.798658617705516,-1.4297110935931674,-1.7189893567077004,1.139722693874981,-0.04401272464406532,0
333,-0.21359514329555696,-2.6643082704820227,1.2670759294771874,-1.8508131451351493,-0.006819847936697581,-1.5211079934884304,2.4676002132639843,-1.1155465616716438,0.03487699857676251,0.8954617924211582,0
201,-2.9355907551925555,2.333587130808104,0.6123136700178542,-0.1420616503174048,0.7716744370524256,-1.985690523627833,0.8750088950795776,-0.05667566811032966,-1.5329320724654085,2.2675010571124754,0
341,-1.5912651367953055,1.1106954588362572,-2.912548244119478,0.7336518708037735,-1.3101068361742876,1.813899246369866,1.498194164876713,1.177429046970566,-0.3417063434865763,-0.9687837338327046,0
340,-0.23374013175353567,0.8571761307613646,-1.8089911834014158,-1.0762745996919196,-0.1724269022100231,3.553963352417065,-1.57352274375494,-0.31112648981860347,-0.7835489821873436,-0.0900251135339218,0
291,3.668872924845866,1.3702271604922405,0.47934776841741167,0.7305638840908812,-2.3270581829960113,1.4626939214734285,-1.0517579774071952,-1.3849280241179076,0.25535378612591164,-0.009096537505715903,0
212,-0.3362858115616529,-0.9687036348464718,0.6969659285968057,-0.15162910082553965,3.1878265258623704,0.470517203317539,-0.09643190490217053,-0.7439462100706684,2.8267575461796595,-1.8587896013626306,0
51,-0.23058135030661508,1.1877392999717986,-0.8048055979479244,-1.5086662669403956,-0.48840010777831555,-1.467563742813915,0.8854002812817202,1.7669546245648495,0.5222871362286825,-0.012294948464653642,0
372,2.7039274884996405,-3.9825392888607443,-1.3891626674729494,0.21957846455467342,1.285408588593795,-0.6630970364982435,-1.2647383213601096,1.6075828922029618,0.8936416067111802,1.1837775210561658,0
